id,sim,decision,correct,lookup_us
0,-1.000000,MISS,,15975
1,0.003814,MISS,,16999
2,0.100173,MISS,,15269
3,0.067499,MISS,,15239
4,0.163825,MISS,,14481
5,0.048026,MISS,,14489
6,0.274061,MISS,,21255
7,0.128785,MISS,,20102
8,0.091703,MISS,,14106
9,0.197409,MISS,,14083
10,0.213234,MISS,,14505
11,0.159831,MISS,,13686
12,0.170025,MISS,,14714
13,0.275577,MISS,,14044
14,0.300202,MISS,,15431
15,0.251400,MISS,,15080
16,0.154715,MISS,,13531
17,0.338786,MISS,,16674
18,0.454956,MISS,,13758
19,0.329872,MISS,,13594
20,0.206395,MISS,,13082
21,0.196982,MISS,,14639
22,0.206882,MISS,,13564
23,0.121835,MISS,,15369
24,0.180033,MISS,,14909
25,0.219411,MISS,,15526
26,0.291089,MISS,,19494
27,0.221296,MISS,,22589
28,0.290521,MISS,,24119
29,0.118950,MISS,,20770
30,0.354017,MISS,,20457
31,0.217743,MISS,,17007
32,0.276549,MISS,,17164
33,0.416235,MISS,,15446
34,0.226744,MISS,,17491
35,0.387624,MISS,,17495
36,0.435971,MISS,,16402
37,0.350992,MISS,,16563
38,0.330640,MISS,,42053
39,0.650280,MISS,,20426
40,0.296575,MISS,,22544
41,0.372306,MISS,,20105
42,0.315108,MISS,,15254
43,0.216204,MISS,,20006
44,0.208621,MISS,,22104
45,0.281416,MISS,,21668
46,0.269234,MISS,,21829
47,0.173735,MISS,,16597
48,0.148909,MISS,,19514
49,0.819297,MISS,,17685
50,0.353983,MISS,,20139
51,0.285054,MISS,,18973
52,0.291345,MISS,,21635
53,0.322326,MISS,,17920
54,0.197756,MISS,,13959
55,0.303855,MISS,,14787
56,0.356876,MISS,,15171
57,0.341824,MISS,,15041
58,0.332661,MISS,,14643
59,0.254938,MISS,,15980
60,0.252485,MISS,,13693
61,0.341498,MISS,,13410
62,0.214889,MISS,,14881
63,0.332586,MISS,,13942
64,0.679314,MISS,,18569
65,0.372569,MISS,,15508
66,0.385120,MISS,,18861
67,0.200913,MISS,,19950
68,0.380484,MISS,,18847
69,0.262941,MISS,,23129
70,0.372586,MISS,,22315
71,0.301001,MISS,,21538
72,0.226544,MISS,,20494
73,0.290801,MISS,,23961
74,0.261235,MISS,,29792
75,0.396937,MISS,,24823
76,0.251698,MISS,,22144
77,0.206183,MISS,,22197
78,0.364614,MISS,,26547
79,0.314731,MISS,,20690
80,0.339835,MISS,,20666
81,0.482056,MISS,,26554
82,0.393299,MISS,,17090
83,0.224591,MISS,,15856
84,0.499664,MISS,,16243
85,0.622993,MISS,,15880
86,0.289650,MISS,,18536
87,0.273006,MISS,,18167
88,0.328218,MISS,,16855
89,0.224252,MISS,,15395
90,0.169827,MISS,,15798
91,0.225987,MISS,,17011
92,0.221279,MISS,,17257
93,0.497491,MISS,,17015
94,0.344121,MISS,,16627
95,0.268700,MISS,,15021
96,0.439431,MISS,,17754
97,0.264002,MISS,,15720
98,0.139513,MISS,,16235
99,0.320397,MISS,,15453
100,0.393233,MISS,,20251
101,0.369509,MISS,,16447
102,0.435061,MISS,,16367
103,0.436785,MISS,,16737
104,0.877537,HIT,true,16157
105,0.177316,MISS,,18589
106,0.742311,MISS,,16142
107,0.759971,MISS,,15807
108,0.383596,MISS,,16850
109,0.475778,MISS,,15167
110,0.329800,MISS,,15976
111,0.219484,MISS,,18194
112,0.388133,MISS,,19033
113,0.373947,MISS,,17992
114,0.359658,MISS,,21696
115,0.342062,MISS,,15108
116,0.232882,MISS,,16940
117,0.262570,MISS,,15910
118,0.680046,MISS,,15397
119,0.400376,MISS,,13151
120,0.384052,MISS,,14166
121,0.283653,MISS,,15744
122,0.255074,MISS,,14018
123,0.165112,MISS,,14034
124,0.293383,MISS,,16289
125,0.295308,MISS,,15891
126,0.343674,MISS,,15377
127,0.302121,MISS,,15501
128,0.144045,MISS,,13491
129,0.262051,MISS,,12719
130,0.287603,MISS,,12504
131,0.385430,MISS,,11807
132,0.342216,MISS,,13299
133,0.351407,MISS,,13768
134,0.342824,MISS,,12044
135,0.213290,MISS,,11131
136,0.751959,MISS,,11549
137,0.338941,MISS,,13372
138,0.810209,MISS,,14512
139,0.420394,MISS,,12893
140,0.509762,MISS,,12257
141,0.282919,MISS,,12008
142,0.226918,MISS,,11646
143,0.483898,MISS,,11676
144,0.417686,MISS,,15042
145,0.432496,MISS,,12316
146,0.215234,MISS,,11702
147,0.450652,MISS,,11200
148,0.409591,MISS,,12016
149,0.517322,MISS,,12790
150,0.351839,MISS,,11623
151,0.199356,MISS,,11424
152,0.486627,MISS,,12533
153,0.377255,MISS,,11109
154,0.301478,MISS,,11847
155,0.294418,MISS,,12207
156,0.260836,MISS,,13473
157,0.270825,MISS,,18424
158,0.552638,MISS,,13284
159,0.392522,MISS,,11671
160,0.351300,MISS,,12111
161,0.319613,MISS,,11963
162,0.389862,MISS,,10982
163,0.671208,MISS,,13294
164,0.458252,MISS,,12320
165,0.749821,MISS,,13368
166,0.328315,MISS,,11421
167,0.288892,MISS,,11807
168,0.367154,MISS,,11934
169,0.513578,MISS,,11794
170,0.360318,MISS,,11916
171,0.434503,MISS,,11167
172,0.368175,MISS,,12792
173,0.468918,MISS,,11555
174,0.327468,MISS,,13024
175,0.302699,MISS,,14504
176,0.220330,MISS,,16377
177,0.466289,MISS,,17208
178,0.365452,MISS,,15862
179,0.414889,MISS,,11645
180,0.414229,MISS,,11165
181,0.541813,MISS,,11817
182,0.585331,MISS,,12800
183,0.279052,MISS,,10563
184,0.338417,MISS,,11599
185,0.433499,MISS,,12720
186,0.352935,MISS,,12744
187,0.260388,MISS,,11096
188,0.457474,MISS,,11587
189,0.309508,MISS,,12638
190,0.273494,MISS,,10891
191,0.281054,MISS,,11480
192,0.497078,MISS,,11440
193,0.309681,MISS,,11025
194,0.257610,MISS,,11998
195,0.314679,MISS,,11744
196,0.313411,MISS,,12199
197,0.419030,MISS,,11436
198,0.321202,MISS,,13293
199,0.459484,MISS,,11737
200,0.592031,MISS,,12293
201,0.357073,MISS,,11564
202,0.580054,MISS,,12084
203,0.374830,MISS,,12225
204,0.370426,MISS,,11226
205,0.359467,MISS,,11431
206,0.302087,MISS,,11866
207,0.377955,MISS,,10900
208,0.296599,MISS,,12468
209,0.439000,MISS,,11658
210,0.368817,MISS,,11811
211,0.328909,MISS,,11840
212,0.468011,MISS,,11579
213,0.288453,MISS,,11287
214,0.265529,MISS,,12139
215,0.317706,MISS,,11983
216,0.435233,MISS,,14235
217,0.464215,MISS,,15155
218,0.531713,MISS,,17013
219,0.264482,MISS,,16204
220,0.532905,MISS,,12610
221,0.286988,MISS,,14797
222,0.219732,MISS,,13576
223,0.272432,MISS,,11602
224,0.487091,MISS,,11291
225,0.409576,MISS,,11100
226,0.373610,MISS,,24926
227,0.313431,MISS,,11013
228,0.326239,MISS,,14221
229,0.705348,MISS,,12507
230,0.563744,MISS,,13964
231,0.476747,MISS,,11011
232,0.351056,MISS,,11479
233,0.610541,MISS,,11299
234,0.498176,MISS,,11427
235,0.373164,MISS,,11660
236,0.535139,MISS,,11122
237,0.389892,MISS,,11457
238,0.445376,MISS,,10976
239,0.347313,MISS,,12563
240,0.319008,MISS,,11359
241,0.775843,MISS,,11388
242,0.396389,MISS,,11361
243,0.192014,MISS,,11019
244,0.245288,MISS,,15137
245,0.394636,MISS,,13665
246,0.584877,MISS,,11898
247,0.945516,HIT,true,12496
248,0.464287,MISS,,13890
249,0.384071,MISS,,12280
250,0.578784,MISS,,12331
251,0.675238,MISS,,11512
252,0.339864,MISS,,10955
253,0.386292,MISS,,11164
254,0.430362,MISS,,11072
255,0.923925,HIT,true,11603
256,0.444619,MISS,,11767
257,0.272129,MISS,,13184
258,0.424425,MISS,,11053
259,0.624492,MISS,,11025
260,0.548560,MISS,,11453
261,0.317174,MISS,,11011
262,0.398355,MISS,,12826
263,0.540078,MISS,,11029
264,0.325597,MISS,,11556
265,0.424060,MISS,,10978
266,0.520071,MISS,,11003
267,0.297310,MISS,,11047
268,0.487314,MISS,,10919
269,0.364163,MISS,,12602
270,0.243287,MISS,,11209
271,0.521478,MISS,,11016
272,0.268767,MISS,,11064
273,0.460569,MISS,,12038
274,0.292063,MISS,,11480
275,0.278047,MISS,,11187
276,0.482214,MISS,,12061
277,0.409721,MISS,,10963
278,0.383735,MISS,,11730
279,0.381065,MISS,,10905
280,0.385346,MISS,,11198
281,0.777829,MISS,,11045
282,0.328820,MISS,,11367
283,0.414933,MISS,,11584
284,0.396854,MISS,,11044
285,0.299466,MISS,,12184
286,0.408944,MISS,,11309
287,0.387982,MISS,,11432
288,0.444536,MISS,,11063
289,0.388251,MISS,,10858
290,0.411376,MISS,,12699
291,0.340896,MISS,,11160
292,0.333363,MISS,,11027
293,0.350159,MISS,,11091
294,0.402606,MISS,,12122
295,0.409439,MISS,,11142
296,0.600133,MISS,,11284
297,0.385652,MISS,,12270
298,0.395398,MISS,,12332
299,0.280626,MISS,,11291
300,0.391700,MISS,,12122
301,0.267596,MISS,,11040
302,0.345869,MISS,,11394
303,0.401417,MISS,,13244
304,0.341770,MISS,,13466
305,0.310461,MISS,,11149
306,0.463965,MISS,,11019
307,0.484197,MISS,,11903
308,0.755179,MISS,,13543
309,0.472897,MISS,,13582
310,0.483011,MISS,,10927
311,0.449991,MISS,,11956
312,0.392002,MISS,,11133
313,0.457917,MISS,,10864
314,0.454989,MISS,,10936
315,0.344468,MISS,,11358
316,0.302540,MISS,,10920
317,0.348397,MISS,,11809
318,0.532084,MISS,,12644
319,0.534752,MISS,,12591
320,0.386062,MISS,,11431
321,0.259000,MISS,,12701
322,0.478620,MISS,,11393
323,0.195641,MISS,,12535
324,0.402121,MISS,,11507
325,0.482186,MISS,,12162
326,0.437621,MISS,,11497
327,0.348032,MISS,,11302
328,0.331816,MISS,,11044
329,0.568634,MISS,,10853
330,0.444223,MISS,,13252
331,0.523716,MISS,,12081
332,0.202465,MISS,,12843
333,0.681086,MISS,,11163
334,0.321535,MISS,,11997
335,0.308179,MISS,,11250
336,0.361547,MISS,,11277
337,0.363004,MISS,,13939
338,0.395779,MISS,,11501
339,0.197974,MISS,,11705
340,0.295566,MISS,,10943
341,0.395314,MISS,,12921
342,0.442376,MISS,,11471
343,0.526164,MISS,,10907
344,0.472440,MISS,,11093
345,0.505920,MISS,,11043
346,0.370237,MISS,,11512
347,0.446747,MISS,,11596
348,0.281038,MISS,,11143
349,0.521398,MISS,,10988
350,0.333112,MISS,,11525
351,0.487989,MISS,,11437
352,0.248318,MISS,,11607
353,0.372407,MISS,,14396
354,0.340128,MISS,,11195
355,0.392509,MISS,,12353
356,0.257589,MISS,,11241
357,0.338896,MISS,,11394
358,0.614750,MISS,,11466
359,0.333919,MISS,,10962
360,0.479278,MISS,,12003
361,0.453823,MISS,,11936
362,0.226144,MISS,,11279
363,0.308214,MISS,,12135
364,0.327880,MISS,,12844
365,0.338810,MISS,,11677
366,0.414333,MISS,,11078
367,0.366679,MISS,,12237
368,0.341986,MISS,,14334
369,0.501376,MISS,,11721
370,0.331660,MISS,,11442
371,0.287621,MISS,,11399
372,0.701141,MISS,,11049
373,0.246380,MISS,,11019
374,0.419667,MISS,,11812
375,0.441756,MISS,,11383
376,0.404545,MISS,,12460
377,0.336770,MISS,,11107
378,0.368338,MISS,,11938
379,0.478450,MISS,,11407
380,0.722803,MISS,,11416
381,0.754286,MISS,,12510
382,0.304444,MISS,,11203
383,0.455525,MISS,,12190
384,0.307658,MISS,,11691
385,0.819666,MISS,,12570
386,0.608217,MISS,,11174
387,0.511828,MISS,,13857
388,0.280125,MISS,,11869
389,0.860116,HIT,true,11105
390,0.514916,MISS,,11161
391,0.980065,HIT,true,11302
392,0.513712,MISS,,10860
393,0.328240,MISS,,10736
394,0.504764,MISS,,10655
395,0.317235,MISS,,11767
396,0.241047,MISS,,11299
397,0.684409,MISS,,10770
398,0.427274,MISS,,10796
399,0.317960,MISS,,11771
400,0.350745,MISS,,11067
401,0.416260,MISS,,10496
402,0.506461,MISS,,11593
403,0.339740,MISS,,10651
404,0.804385,MISS,,10451
405,0.371800,MISS,,11204
406,0.422895,MISS,,10944
407,0.512204,MISS,,10792
408,0.524531,MISS,,10707
409,0.623346,MISS,,14197
410,0.396404,MISS,,12450
411,0.554404,MISS,,13151
412,0.444910,MISS,,11793
413,0.396705,MISS,,11127
414,0.321069,MISS,,11610
415,0.780430,MISS,,10750
416,0.393618,MISS,,11461
417,0.570012,MISS,,11266
418,0.529024,MISS,,11483
419,0.226810,MISS,,13796
420,0.479966,MISS,,16035
421,0.458810,MISS,,14765
422,0.452963,MISS,,15224
423,0.320075,MISS,,13396
424,0.362558,MISS,,12301
425,0.453799,MISS,,12165
426,0.325483,MISS,,11990
427,0.454759,MISS,,11276
428,0.568799,MISS,,11881
429,0.409909,MISS,,12385
430,0.438417,MISS,,11332
431,0.564102,MISS,,12206
432,0.430109,MISS,,13850
433,0.338512,MISS,,13173
434,0.379993,MISS,,11217
435,0.394644,MISS,,12145
436,0.199628,MISS,,13039
437,0.299815,MISS,,12815
438,0.475272,MISS,,12072
439,0.253529,MISS,,12545
440,0.512523,MISS,,12216
441,0.429489,MISS,,11287
442,0.314538,MISS,,14016
443,0.489252,MISS,,12572
444,0.385989,MISS,,12057
445,0.656751,MISS,,11214
446,0.492756,MISS,,11719
447,0.162244,MISS,,11647
448,0.383283,MISS,,11070
449,0.337196,MISS,,12686
450,0.527344,MISS,,11487
451,0.376170,MISS,,12298
452,0.533708,MISS,,13085
453,0.382191,MISS,,12586
454,0.691214,MISS,,13846
455,0.515771,MISS,,14190
456,0.438681,MISS,,12729
457,0.395757,MISS,,12511
458,0.486447,MISS,,13371
459,0.346657,MISS,,15546
460,0.826314,MISS,,19464
461,0.484378,MISS,,17278
462,0.218833,MISS,,20660
463,0.659385,MISS,,17456
464,0.484165,MISS,,18758
465,0.395285,MISS,,17691
466,0.402301,MISS,,18642
467,0.716997,MISS,,14497
468,0.388181,MISS,,13965
469,0.268000,MISS,,13251
470,0.474841,MISS,,20222
471,0.396633,MISS,,20125
472,0.580875,MISS,,19652
473,0.417270,MISS,,19431
474,0.512346,MISS,,18789
475,0.374402,MISS,,17249
476,0.369832,MISS,,18313
477,0.403760,MISS,,16965
478,0.409449,MISS,,19972
479,0.314159,MISS,,18490
480,0.408113,MISS,,16514
481,0.475409,MISS,,11961
482,0.362873,MISS,,12698
483,0.314337,MISS,,15629
484,0.380526,MISS,,13778
485,0.427353,MISS,,14259
486,0.493562,MISS,,14196
487,0.578189,MISS,,17091
488,0.498663,MISS,,15244
489,0.500837,MISS,,17711
490,0.658248,MISS,,18798
491,0.425313,MISS,,16426
492,0.558408,MISS,,17007
493,0.441938,MISS,,24383
494,0.318661,MISS,,20106
495,0.404301,MISS,,18658
496,0.368375,MISS,,18357
497,0.382541,MISS,,17351
498,0.484384,MISS,,15203
499,0.431786,MISS,,19112
500,0.391745,MISS,,24067
501,0.486834,MISS,,17281
502,0.309216,MISS,,18323
503,0.424743,MISS,,21477
504,0.392255,MISS,,14456
505,0.247088,MISS,,16634
506,0.376229,MISS,,18642
507,0.474875,MISS,,19678
508,0.667457,MISS,,18024
509,0.602565,MISS,,18729
510,0.584886,MISS,,14894
511,0.446868,MISS,,18050
512,0.324236,MISS,,21961
513,0.405133,MISS,,19027
514,0.519445,MISS,,19100
515,0.554153,MISS,,21241
516,0.365921,MISS,,18405
517,0.549956,MISS,,17451
518,0.463677,MISS,,20686
519,0.409032,MISS,,22309
520,0.608151,MISS,,17526
521,0.697604,MISS,,16521
522,0.251377,MISS,,15773
523,0.499388,MISS,,12407
524,0.427546,MISS,,17301
525,0.353087,MISS,,13146
526,0.448759,MISS,,11698
527,0.239149,MISS,,18999
528,0.486482,MISS,,26752
529,0.500009,MISS,,20903
530,0.284193,MISS,,15835
531,0.719894,MISS,,17451
532,0.294627,MISS,,22922
533,0.741049,MISS,,16436
534,0.464129,MISS,,19311
535,0.374654,MISS,,14499
536,0.337388,MISS,,34588
537,0.502672,MISS,,14179
538,0.927342,HIT,true,15436
539,0.391581,MISS,,15057
540,0.424808,MISS,,14696
541,0.542526,MISS,,14719
542,0.642394,MISS,,14374
543,0.408956,MISS,,15582
544,0.608322,MISS,,10999
545,0.536377,MISS,,12229
546,0.260927,MISS,,12686
547,0.485788,MISS,,12235
548,0.369862,MISS,,11040
549,0.634638,MISS,,13724
550,0.482604,MISS,,15891
551,0.488700,MISS,,18444
552,0.490040,MISS,,15660
553,0.333059,MISS,,15018
554,0.512382,MISS,,15973
555,0.338703,MISS,,15751
556,0.332124,MISS,,14642
557,0.574243,MISS,,14032
558,0.489915,MISS,,11397
559,0.336743,MISS,,12068
560,0.479197,MISS,,13995
561,0.327012,MISS,,15096
562,0.474322,MISS,,12885
563,0.450188,MISS,,15733
564,0.431108,MISS,,14030
565,0.403763,MISS,,13915
566,0.522385,MISS,,16008
567,0.284238,MISS,,15165
568,0.365673,MISS,,14144
569,0.261310,MISS,,13433
570,0.296082,MISS,,12910
571,0.364593,MISS,,15090
572,0.416234,MISS,,14663
573,0.507503,MISS,,16404
574,0.376886,MISS,,14637
575,0.579845,MISS,,14697
576,0.411871,MISS,,14121
577,0.420214,MISS,,14025
578,0.498736,MISS,,17398
579,0.396470,MISS,,14656
580,0.497161,MISS,,15677
581,0.304384,MISS,,18500
582,0.325117,MISS,,15736
583,0.330026,MISS,,17853
584,0.478184,MISS,,16537
585,0.264696,MISS,,15130
586,0.530121,MISS,,13892
587,0.501487,MISS,,16738
588,0.961449,HIT,true,17281
589,0.488359,MISS,,18546
590,0.402528,MISS,,19107
591,0.725114,MISS,,15932
592,0.385034,MISS,,16142
593,0.538634,MISS,,15607
594,0.404018,MISS,,14781
595,0.552639,MISS,,18610
596,0.391977,MISS,,15032
597,0.421357,MISS,,15466
598,0.564664,MISS,,15268
599,0.313025,MISS,,13596
600,0.408685,MISS,,13839
601,0.805336,MISS,,13147
602,0.420000,MISS,,14445
603,0.363907,MISS,,17932
604,0.361144,MISS,,15303
605,0.379025,MISS,,14756
606,0.397123,MISS,,17934
607,0.555658,MISS,,14885
608,0.312802,MISS,,18652
609,0.496005,MISS,,17886
610,0.496737,MISS,,24833
611,0.216543,MISS,,22732
612,0.430335,MISS,,27541
613,0.417817,MISS,,25263
614,0.378103,MISS,,21000
615,0.461595,MISS,,27987
616,0.351223,MISS,,23195
617,0.393131,MISS,,28763
618,0.383953,MISS,,29546
619,0.437119,MISS,,28346
620,0.406205,MISS,,22803
621,0.463953,MISS,,22550
622,0.286239,MISS,,18858
623,0.372536,MISS,,17746
624,0.349235,MISS,,17058
625,0.842755,MISS,,19750
626,0.396890,MISS,,15782
627,0.463864,MISS,,13980
628,0.322167,MISS,,14884
629,0.580776,MISS,,17640
630,0.480054,MISS,,17232
631,0.733190,MISS,,17043
632,0.561689,MISS,,15441
633,0.471036,MISS,,14995
634,0.409892,MISS,,15077
635,0.394360,MISS,,15606
636,0.566693,MISS,,17376
637,0.398484,MISS,,16731
638,0.427438,MISS,,15272
639,0.633843,MISS,,18063
640,0.335237,MISS,,16699
641,0.513619,MISS,,20007
642,0.542237,MISS,,17816
643,0.363752,MISS,,17743
644,0.400717,MISS,,20442
645,0.529859,MISS,,18299
646,0.572024,MISS,,24880
647,0.371463,MISS,,19062
648,0.525286,MISS,,15966
649,0.650276,MISS,,16603
650,0.617664,MISS,,14726
651,0.426062,MISS,,14691
652,0.582090,MISS,,12554
653,0.324476,MISS,,12550
654,0.566860,MISS,,22585
655,0.997923,HIT,true,31257
656,0.437851,MISS,,33067
657,0.585887,MISS,,29652
658,0.441681,MISS,,26501
659,0.454008,MISS,,32014
660,0.645688,MISS,,30454
661,0.508760,MISS,,29097
662,0.496148,MISS,,25200
663,0.347242,MISS,,34650
664,0.359834,MISS,,29269
665,0.902698,HIT,true,31551
666,0.404916,MISS,,31971
667,0.318394,MISS,,29131
668,0.466239,MISS,,35120
669,0.826123,MISS,,27876
670,0.915581,HIT,true,26941
671,0.380447,MISS,,31923
672,0.478752,MISS,,25864
673,0.347218,MISS,,28950
674,0.705166,MISS,,18048
675,0.387318,MISS,,12079
676,0.446400,MISS,,11249
677,0.553733,MISS,,12648
678,0.397106,MISS,,12510
679,0.568303,MISS,,13508
680,0.415976,MISS,,13906
681,0.581679,MISS,,12675
682,0.389051,MISS,,12766
683,0.653649,MISS,,11614
684,0.274150,MISS,,13390
685,0.435981,MISS,,13023
686,0.388903,MISS,,12742
687,0.309472,MISS,,12196
688,0.567627,MISS,,12685
689,0.386604,MISS,,12426
690,0.312844,MISS,,12939
691,0.714134,MISS,,11554
692,0.303483,MISS,,11038
693,0.415212,MISS,,13104
694,0.412736,MISS,,13187
695,0.403899,MISS,,13897
696,0.762682,MISS,,12750
697,0.319926,MISS,,20515
698,0.278163,MISS,,12935
699,0.503419,MISS,,11746
700,0.415004,MISS,,13249
701,0.392979,MISS,,11877
702,0.637225,MISS,,14269
703,0.341491,MISS,,15085
704,0.657180,MISS,,22199
705,0.344943,MISS,,17661
706,0.488297,MISS,,16317
707,0.950292,HIT,true,14795
708,0.430012,MISS,,16518
709,0.526550,MISS,,15726
710,0.303664,MISS,,14967
711,0.400770,MISS,,13641
712,0.515130,MISS,,14159
713,0.313002,MISS,,15283
714,0.504812,MISS,,12611
715,0.412131,MISS,,12189
716,0.597304,MISS,,12528
717,0.543262,MISS,,15674
718,0.463067,MISS,,14704
719,0.375686,MISS,,13137
720,0.649669,MISS,,11793
721,0.659538,MISS,,13025
722,0.685885,MISS,,12127
723,0.341512,MISS,,11435
724,0.975479,HIT,true,10876
725,0.386817,MISS,,11540
726,0.443516,MISS,,12969
727,0.405690,MISS,,12561
728,0.595193,MISS,,13431
729,0.736272,MISS,,15398
730,0.417288,MISS,,12552
731,0.455150,MISS,,11604
732,0.540462,MISS,,10956
733,0.379402,MISS,,11353
734,0.763449,MISS,,12975
735,0.583031,MISS,,11017
736,0.532781,MISS,,14440
737,0.491784,MISS,,14005
738,0.371012,MISS,,15283
739,0.526867,MISS,,13339
740,0.354797,MISS,,12130
741,0.667409,MISS,,14122
742,0.541391,MISS,,15014
743,0.565601,MISS,,13848
744,0.314510,MISS,,13804
745,0.954672,HIT,true,14991
746,0.649052,MISS,,15739
747,0.428117,MISS,,11212
748,0.418050,MISS,,12440
749,0.347056,MISS,,17704
750,0.420350,MISS,,12077
751,0.438925,MISS,,11367
752,0.376891,MISS,,12895
753,0.414223,MISS,,12339
754,0.534016,MISS,,11837
755,0.407533,MISS,,11072
756,0.518279,MISS,,11867
757,0.698614,MISS,,12046
758,0.332348,MISS,,10948
759,0.387589,MISS,,13808
760,0.604005,MISS,,12095
761,0.334661,MISS,,12258
762,0.427209,MISS,,11158
763,0.830732,MISS,,11675
764,0.399919,MISS,,11806
765,0.357846,MISS,,10998
766,0.626762,MISS,,14721
767,0.396511,MISS,,12896
768,0.558783,MISS,,11750
769,0.491211,MISS,,11244
770,0.396070,MISS,,13707
771,0.480883,MISS,,11325
772,0.322875,MISS,,11267
773,0.392738,MISS,,14051
774,0.467608,MISS,,13553
775,0.283040,MISS,,11771
776,0.399843,MISS,,11331
777,0.387110,MISS,,12310
778,0.695186,MISS,,11478
779,0.330817,MISS,,12762
780,0.493144,MISS,,11683
781,0.572318,MISS,,12872
782,0.464211,MISS,,11549
783,0.737735,MISS,,11098
784,0.475560,MISS,,11933
785,0.419029,MISS,,11260
786,0.378344,MISS,,12542
787,0.460820,MISS,,12221
788,0.288359,MISS,,12002
789,0.360036,MISS,,11007
790,0.910076,HIT,true,11420
791,0.313715,MISS,,26945
792,0.614170,MISS,,12847
793,0.486205,MISS,,11248
794,0.837482,MISS,,11108
795,0.329699,MISS,,12883
796,0.415951,MISS,,13735
797,0.279131,MISS,,10979
798,0.472271,MISS,,11649
799,0.199888,MISS,,13223
800,0.400159,MISS,,10856
801,0.353878,MISS,,13177
802,0.427772,MISS,,11554
803,0.948267,HIT,true,12884
804,0.397595,MISS,,11338
805,0.405290,MISS,,11505
806,0.388747,MISS,,11564
807,0.439914,MISS,,11187
808,0.402707,MISS,,12101
809,0.966607,HIT,true,11301
810,0.467616,MISS,,11439
811,0.408107,MISS,,13988
812,0.370262,MISS,,13930
813,0.573289,MISS,,13012
814,0.348724,MISS,,11087
815,0.506544,MISS,,12156
816,0.703457,MISS,,13622
817,0.315441,MISS,,14584
818,0.605776,MISS,,14226
819,0.436683,MISS,,14848
820,0.903835,HIT,true,11878
821,0.951734,HIT,true,11326
822,0.377097,MISS,,11425
823,0.467066,MISS,,12454
824,0.396188,MISS,,12177
825,0.456496,MISS,,12934
826,0.723170,MISS,,11309
827,0.333441,MISS,,11853
828,0.412139,MISS,,11614
829,0.892951,HIT,true,11516
830,0.641450,MISS,,11664
831,0.448340,MISS,,12418
832,0.381617,MISS,,12471
833,0.364160,MISS,,11416
834,0.467613,MISS,,13786
835,0.585240,MISS,,12095
836,0.529004,MISS,,11548
837,0.386839,MISS,,11265
838,0.445389,MISS,,12498
839,0.495807,MISS,,12189
840,0.751264,MISS,,11056
841,0.505864,MISS,,11323
842,0.422181,MISS,,11759
843,0.416315,MISS,,11178
844,0.464380,MISS,,12852
845,0.361790,MISS,,12464
846,0.313756,MISS,,13552
847,0.336591,MISS,,11909
848,0.935095,HIT,true,12098
849,0.453932,MISS,,11228
850,0.416739,MISS,,11196
851,0.439676,MISS,,11677
852,0.405589,MISS,,11288
853,0.510110,MISS,,11902
854,0.689278,MISS,,11129
855,0.776350,MISS,,11571
856,0.306308,MISS,,12333
857,0.335756,MISS,,11540
858,0.671109,MISS,,11272
859,0.634022,MISS,,12476
860,0.459866,MISS,,11922
861,0.358550,MISS,,11314
862,0.698783,MISS,,11161
863,0.735859,MISS,,11102
864,0.455479,MISS,,11601
865,0.440198,MISS,,11143
866,0.586854,MISS,,11078
867,0.410787,MISS,,11796
868,0.457821,MISS,,11767
869,0.493825,MISS,,12693
870,0.360109,MISS,,11236
871,0.399785,MISS,,11489
872,0.455800,MISS,,11847
873,0.401428,MISS,,11249
874,0.667016,MISS,,12033
875,0.608633,MISS,,11222
876,0.479908,MISS,,11044
877,0.763121,MISS,,11734
878,0.474514,MISS,,11431
879,0.324522,MISS,,12337
880,0.262092,MISS,,12012
881,0.652582,MISS,,12321
882,0.509759,MISS,,11090
883,0.412528,MISS,,11262
884,0.397764,MISS,,11431
885,0.560662,MISS,,11159
886,0.447038,MISS,,11159
887,0.789006,MISS,,11471
888,0.448357,MISS,,11782
889,0.316326,MISS,,11723
890,0.452182,MISS,,11158
891,0.427972,MISS,,12591
892,0.311973,MISS,,11650
893,0.477926,MISS,,11769
894,0.817398,MISS,,11225
895,0.609818,MISS,,11837
896,0.383513,MISS,,11277
897,0.910963,HIT,true,11775
898,0.525718,MISS,,11438
899,0.325667,MISS,,11856
900,0.421273,MISS,,11433
901,0.514534,MISS,,11174
902,0.372805,MISS,,13551
903,0.745570,MISS,,12004
904,0.506884,MISS,,12121
905,0.492010,MISS,,11484
906,0.346317,MISS,,11940
907,0.507115,MISS,,11299
908,0.558748,MISS,,11050
909,0.433444,MISS,,11923
910,0.447891,MISS,,11847
911,0.590367,MISS,,11196
912,0.379755,MISS,,11263
913,0.588283,MISS,,11123
914,0.445167,MISS,,12419
915,0.886287,HIT,true,11805
916,0.317093,MISS,,11981
917,0.237380,MISS,,11414
918,0.463831,MISS,,11246
919,0.376188,MISS,,11252
920,0.619421,MISS,,11147
921,0.442909,MISS,,11494
922,0.478455,MISS,,11631
923,0.415004,MISS,,11943
924,0.518272,MISS,,11122
925,0.878542,HIT,true,12291
926,0.627885,MISS,,12131
927,0.499405,MISS,,11117
928,0.392274,MISS,,11218
929,0.652098,MISS,,11686
930,0.522517,MISS,,12823
931,0.462251,MISS,,11520
932,0.793170,MISS,,11199
933,0.560579,MISS,,11065
934,0.409794,MISS,,11590
935,0.660869,MISS,,11265
936,0.572465,MISS,,11137
937,0.545592,MISS,,13479
938,0.284071,MISS,,11740
939,0.460221,MISS,,11393
940,0.609298,MISS,,11144
941,0.526263,MISS,,11184
942,0.332772,MISS,,11748
943,0.289576,MISS,,11207
944,0.346761,MISS,,11505
945,0.310997,MISS,,11721
946,0.438828,MISS,,11217
947,0.646306,MISS,,15536
948,0.550034,MISS,,13278
949,0.662265,MISS,,12097
950,0.482332,MISS,,11695
951,0.620502,MISS,,12511
952,0.456444,MISS,,12098
953,0.462585,MISS,,12162
954,0.348411,MISS,,11105
955,0.336429,MISS,,11794
956,0.313680,MISS,,11285
957,0.974137,HIT,true,11342
958,0.527633,MISS,,11811
959,0.482435,MISS,,11657
960,0.504177,MISS,,12547
961,0.752056,MISS,,11346
962,0.637147,MISS,,11277
963,0.455867,MISS,,13206
964,0.375637,MISS,,12346
965,0.339682,MISS,,14873
966,0.745669,MISS,,12677
967,0.431692,MISS,,12260
968,0.600809,MISS,,11211
969,0.541303,MISS,,11831
970,0.597811,MISS,,12664
971,0.507934,MISS,,11817
972,0.723494,MISS,,12381
973,0.775859,MISS,,11758
974,0.336208,MISS,,11548
975,0.465771,MISS,,11273
976,0.399259,MISS,,11213
977,0.448848,MISS,,11152
978,0.532641,MISS,,11023
979,0.331778,MISS,,12403
980,0.771386,MISS,,11377
981,0.438859,MISS,,11308
982,0.402494,MISS,,12808
983,0.540052,MISS,,11795
984,0.392190,MISS,,11160
985,0.496895,MISS,,11246
986,0.499026,MISS,,11935
987,0.546233,MISS,,11199
988,0.356847,MISS,,12377
989,0.361847,MISS,,11383
990,0.723020,MISS,,11288
991,0.919780,HIT,true,11211
992,0.604273,MISS,,11664
993,0.362720,MISS,,14554
994,0.587964,MISS,,14078
995,0.652835,MISS,,13644
996,0.795963,MISS,,15823
997,0.446118,MISS,,19068
998,0.497571,MISS,,14184
999,0.336307,MISS,,12924
1000,0.903930,HIT,true,11369
1001,0.478105,MISS,,10974
1002,0.725732,MISS,,11756
1003,0.366251,MISS,,12953
1004,0.591637,MISS,,11175
1005,0.855680,HIT,true,12165
1006,0.501632,MISS,,11739
1007,0.512620,MISS,,11276
1008,0.549791,MISS,,11066
1009,0.485764,MISS,,11552
1010,0.362367,MISS,,11299
1011,0.398146,MISS,,11186
1012,0.609615,MISS,,11796
1013,0.521934,MISS,,11453
1014,0.612736,MISS,,11752
1015,0.629786,MISS,,12341
1016,0.537853,MISS,,11203
1017,0.971133,HIT,true,11037
1018,0.276187,MISS,,11661
1019,0.903605,HIT,true,12337
1020,0.446691,MISS,,11278
1021,0.619161,MISS,,11273
1022,0.438754,MISS,,11713
1023,0.841776,MISS,,11219
1024,0.598050,MISS,,11434
1025,0.410084,MISS,,11274
1026,0.356863,MISS,,13714
1027,0.445079,MISS,,11497
1028,0.537543,MISS,,11275
1029,0.316722,MISS,,11274
1030,0.352768,MISS,,12955
1031,0.373294,MISS,,14912
1032,0.479847,MISS,,12093
1033,0.488708,MISS,,12647
1034,0.936475,HIT,true,11170
1035,0.398522,MISS,,12585
1036,0.372282,MISS,,11636
1037,0.409627,MISS,,12547
1038,0.822015,MISS,,11345
1039,0.577350,MISS,,11795
1040,0.691183,MISS,,11921
1041,0.631701,MISS,,11241
1042,0.981708,HIT,true,11293
1043,0.489730,MISS,,11900
1044,0.436241,MISS,,11111
1045,0.625601,MISS,,11333
1046,0.491469,MISS,,11287
1047,0.339485,MISS,,11769
1048,0.595735,MISS,,11870
1049,0.918786,HIT,true,12781
1050,0.310960,MISS,,12370
1051,0.403394,MISS,,11180
1052,0.416516,MISS,,11258
1053,0.450507,MISS,,11522
1054,0.902740,HIT,true,11818
1055,0.417920,MISS,,11501
1056,0.808116,MISS,,11273
1057,0.517447,MISS,,11314
1058,0.414097,MISS,,13369
1059,0.418162,MISS,,13163
1060,0.484740,MISS,,11425
1061,0.441367,MISS,,11739
1062,0.492832,MISS,,11675
1063,0.274670,MISS,,11486
1064,0.548427,MISS,,11191
1065,0.585198,MISS,,11190
1066,0.314288,MISS,,11791
1067,0.421269,MISS,,12587
1068,0.404623,MISS,,12227
1069,0.553735,MISS,,11159
1070,0.659048,MISS,,11599
1071,0.335348,MISS,,13687
1072,0.476250,MISS,,12090
1073,0.539368,MISS,,11439
1074,0.876451,HIT,true,11291
1075,0.552941,MISS,,12167
1076,0.582104,MISS,,11368
1077,0.317290,MISS,,11237
1078,0.504021,MISS,,11391
1079,0.297821,MISS,,13124
1080,0.838729,MISS,,11787
1081,0.530068,MISS,,12439
1082,0.545044,MISS,,13010
1083,0.541305,MISS,,11695
1084,0.411772,MISS,,11196
1085,0.599379,MISS,,11331
1086,0.560345,MISS,,11509
1087,0.855540,HIT,true,11416
1088,0.505918,MISS,,12345
1089,0.635438,MISS,,11344
1090,0.461145,MISS,,11126
1091,0.791525,MISS,,11336
1092,0.474030,MISS,,11880
1093,0.594708,MISS,,13003
1094,0.386913,MISS,,12105
1095,0.902731,HIT,true,11659
1096,0.273706,MISS,,12328
1097,0.486317,MISS,,11292
1098,0.514573,MISS,,11242
1099,0.466703,MISS,,11255
1100,0.680128,MISS,,11447
1101,0.510588,MISS,,12155
1102,0.818410,MISS,,12233
1103,0.455391,MISS,,11338
1104,0.351051,MISS,,11359
1105,0.409687,MISS,,13077
1106,0.648161,MISS,,11597
1107,0.415753,MISS,,11336
1108,0.431674,MISS,,11268
1109,0.330996,MISS,,12783
1110,0.976686,HIT,true,11167
1111,0.527927,MISS,,11374
1112,0.887168,HIT,true,11397
1113,0.916793,HIT,true,11154
1114,0.497207,MISS,,11622
1115,0.574086,MISS,,11426
1116,0.451188,MISS,,12212
1117,0.426444,MISS,,13803
1118,0.627789,MISS,,11795
1119,0.269148,MISS,,11620
1120,0.637956,MISS,,11285
1121,0.642918,MISS,,11495
1122,0.991971,HIT,true,11414
1123,0.425855,MISS,,11627
1124,0.515370,MISS,,11926
1125,0.529860,MISS,,11956
1126,0.480257,MISS,,11135
1127,0.448440,MISS,,11585
1128,0.577681,MISS,,13941
1129,0.840500,MISS,,11501
1130,0.557992,MISS,,13560
1131,0.468248,MISS,,13756
1132,0.422465,MISS,,21505
1133,0.482843,MISS,,11857
1134,0.319737,MISS,,15257
1135,0.390366,MISS,,14589
1136,0.292953,MISS,,12013
1137,0.401564,MISS,,12757
1138,0.453695,MISS,,11731
1139,0.535744,MISS,,11792
1140,0.510884,MISS,,11281
1141,0.500386,MISS,,11288
1142,0.906783,HIT,true,11282
1143,0.644370,MISS,,12462
1144,0.387761,MISS,,11225
1145,0.508297,MISS,,13026
1146,0.297655,MISS,,12887
1147,0.956976,HIT,true,11234
1148,0.546011,MISS,,13458
1149,0.515402,MISS,,12787
1150,0.823286,MISS,,16017
1151,0.529949,MISS,,18838
1152,0.470986,MISS,,24513
1153,0.566709,MISS,,19841
1154,0.898218,HIT,true,18849
1155,0.403442,MISS,,15937
1156,0.993078,HIT,true,19097
1157,0.570635,MISS,,16112
1158,0.478553,MISS,,17008
1159,0.458591,MISS,,14642
1160,0.296185,MISS,,10868
1161,0.485604,MISS,,11349
1162,0.794794,MISS,,11757
1163,0.571206,MISS,,11163
1164,0.344931,MISS,,12842
1165,0.411685,MISS,,12628
1166,0.510293,MISS,,12981
1167,0.456297,MISS,,15816
1168,0.752357,MISS,,14397
1169,0.952054,HIT,true,14725
1170,0.467063,MISS,,15348
1171,0.601900,MISS,,14161
1172,0.401459,MISS,,14362
1173,0.361806,MISS,,13483
1174,0.514720,MISS,,10831
1175,0.481633,MISS,,12956
1176,0.523152,MISS,,12938
1177,0.523897,MISS,,12333
1178,0.432443,MISS,,12479
1179,0.505143,MISS,,11793
1180,0.452512,MISS,,12188
1181,0.920921,HIT,true,11156
1182,0.535786,MISS,,11684
1183,0.441003,MISS,,12165
1184,0.439211,MISS,,11952
1185,0.492100,MISS,,12851
1186,0.971262,HIT,true,12951
1187,0.350123,MISS,,13879
1188,0.378035,MISS,,12250
1189,0.641235,MISS,,11273
1190,0.360481,MISS,,13210
1191,0.455462,MISS,,11901
1192,0.527604,MISS,,11164
1193,0.376465,MISS,,12259
1194,0.583322,MISS,,11883
1195,0.700858,MISS,,12296
1196,0.397188,MISS,,12435
1197,0.401317,MISS,,14780
1198,0.792069,MISS,,11922
1199,0.558299,MISS,,11281
1200,0.421417,MISS,,11216
1201,0.393552,MISS,,11774
1202,0.843026,MISS,,11285
1203,0.434496,MISS,,11444
1204,0.378829,MISS,,11943
1205,0.871089,HIT,true,12142
1206,0.806397,MISS,,12101
1207,0.333271,MISS,,14155
1208,0.514148,MISS,,16021
1209,0.352344,MISS,,19652
1210,0.481847,MISS,,18056
1211,0.435062,MISS,,13225
1212,0.433931,MISS,,12357
1213,0.793231,MISS,,12390
1214,0.630792,MISS,,11260
1215,0.531530,MISS,,12929
1216,0.897438,HIT,true,11781
1217,0.552723,MISS,,13387
1218,0.723542,MISS,,12021
1219,0.774093,MISS,,12372
1220,0.467794,MISS,,11879
1221,0.901675,HIT,true,11291
1222,0.448617,MISS,,12356
1223,0.499523,MISS,,11870
1224,0.563529,MISS,,11355
1225,0.341618,MISS,,11279
1226,0.953358,HIT,true,11417
1227,0.534664,MISS,,11535
1228,0.359367,MISS,,13181
1229,0.958875,HIT,true,12285
1230,0.555707,MISS,,12391
1231,0.515656,MISS,,11541
1232,0.451863,MISS,,12224
1233,0.685732,MISS,,12544
1234,0.387713,MISS,,12304
1235,0.627206,MISS,,11934
1236,0.399123,MISS,,12523
1237,0.491383,MISS,,12060
1238,0.868496,HIT,true,11348
1239,0.497457,MISS,,13083
1240,0.428990,MISS,,12032
1241,0.588378,MISS,,11561
1242,0.315806,MISS,,11757
1243,0.488897,MISS,,12410
1244,0.711866,MISS,,11591
1245,0.621122,MISS,,11298
1246,0.570849,MISS,,11672
1247,0.415881,MISS,,12134
1248,0.548193,MISS,,12221
1249,0.407321,MISS,,11680
1250,0.424002,MISS,,14010
1251,0.731165,MISS,,11562
1252,0.430722,MISS,,11370
1253,0.417833,MISS,,11688
1254,0.535589,MISS,,11768
1255,0.386536,MISS,,11352
1256,0.358177,MISS,,12278
1257,0.474641,MISS,,11465
1258,0.535479,MISS,,12003
1259,0.555247,MISS,,12071
1260,0.883746,HIT,true,12498
1261,0.728107,MISS,,11640
1262,0.760536,MISS,,12702
1263,0.456320,MISS,,12844
1264,0.379453,MISS,,11597
1265,0.492741,MISS,,11542
1266,0.495528,MISS,,11116
1267,0.530984,MISS,,11792
1268,0.974814,HIT,true,11600
1269,0.606774,MISS,,11344
1270,0.960354,HIT,true,12077
1271,0.461646,MISS,,11646
1272,0.567615,MISS,,12619
1273,0.604951,MISS,,11520
1274,0.472645,MISS,,11236
1275,0.396076,MISS,,11510
1276,0.932598,HIT,true,11847
1277,0.402113,MISS,,12379
1278,0.565084,MISS,,11450
1279,0.412172,MISS,,11585
1280,0.496692,MISS,,14409
1281,0.834498,MISS,,12323
1282,0.568432,MISS,,12438
1283,0.638481,MISS,,12806
1284,0.411021,MISS,,13181
1285,0.429485,MISS,,11921
1286,0.583386,MISS,,11454
1287,0.429026,MISS,,11163
1288,0.546205,MISS,,11748
1289,0.854977,HIT,false,11455
1290,0.553478,MISS,,11784
1291,0.584187,MISS,,12099
1292,0.349958,MISS,,12063
1293,0.456347,MISS,,11382
1294,0.474757,MISS,,12660
1295,0.553686,MISS,,12132
1296,0.389123,MISS,,11901
1297,0.885498,HIT,true,12869
1298,0.351863,MISS,,11747
1299,0.413468,MISS,,11442
1300,0.847773,MISS,,11329
1301,0.506622,MISS,,11651
1302,0.577716,MISS,,11441
1303,0.365653,MISS,,12488
1304,0.570539,MISS,,12359
1305,0.528026,MISS,,12119
1306,0.511531,MISS,,13554
1307,0.521224,MISS,,12642
1308,0.374559,MISS,,11790
1309,0.772056,MISS,,11484
1310,0.431563,MISS,,11489
1311,0.533739,MISS,,12594
1312,0.494206,MISS,,11684
1313,0.459657,MISS,,11357
1314,0.357488,MISS,,11323
1315,0.387492,MISS,,11666
1316,0.349032,MISS,,11945
1317,0.716068,MISS,,12758
1318,0.585265,MISS,,12264
1319,0.511806,MISS,,11858
1320,0.675346,MISS,,11399
1321,0.466665,MISS,,12152
1322,0.834366,MISS,,11587
1323,0.951097,HIT,true,11215
1324,0.806583,MISS,,11596
1325,0.613781,MISS,,12118
1326,0.574172,MISS,,11468
1327,0.670089,MISS,,11107
1328,0.828356,MISS,,13243
1329,0.497754,MISS,,11726
1330,0.580997,MISS,,11349
1331,0.930865,HIT,true,11456
1332,0.958375,HIT,false,12631
1333,0.481147,MISS,,11197
1334,0.363731,MISS,,11454
1335,0.501068,MISS,,12734
1336,0.611113,MISS,,11815
1337,0.559426,MISS,,12080
1338,0.506635,MISS,,11467
1339,0.394867,MISS,,13976
1340,0.569807,MISS,,11313
1341,0.838064,MISS,,11628
1342,0.424810,MISS,,11647
1343,0.585864,MISS,,11232
1344,0.893865,HIT,false,11365
1345,0.369744,MISS,,11773
1346,0.437357,MISS,,12025
1347,0.280594,MISS,,11421
1348,0.631563,MISS,,11602
1349,0.518771,MISS,,11969
1350,0.330809,MISS,,11346
1351,0.694642,MISS,,12871
1352,0.593978,MISS,,11460
1353,0.447024,MISS,,12036
1354,0.774654,MISS,,11977
1355,0.489021,MISS,,12160
1356,0.383657,MISS,,11888
1357,0.506515,MISS,,11289
1358,0.450829,MISS,,11802
1359,0.411959,MISS,,11213
1360,0.498442,MISS,,12083
1361,0.474528,MISS,,11622
1362,0.932604,HIT,true,12743
1363,0.933260,HIT,true,11709
1364,0.536864,MISS,,11780
1365,0.509835,MISS,,11547
1366,0.514436,MISS,,12308
1367,0.672688,MISS,,12456
1368,0.573783,MISS,,12221
1369,0.507159,MISS,,11900
1370,0.507660,MISS,,11143
1371,0.567821,MISS,,11985
1372,0.683116,MISS,,12434
1373,0.416557,MISS,,17208
1374,0.428860,MISS,,11799
1375,0.514251,MISS,,12023
1376,0.453152,MISS,,12685
1377,0.888579,HIT,true,11634
1378,0.411039,MISS,,11356
1379,0.489800,MISS,,11413
1380,0.620976,MISS,,13294
1381,0.544363,MISS,,11293
1382,0.448077,MISS,,11573
1383,0.327070,MISS,,11508
1384,0.624742,MISS,,12999
1385,0.334701,MISS,,11270
1386,0.390674,MISS,,11603
1387,0.589884,MISS,,12046
1388,0.705701,MISS,,12171
1389,0.603783,MISS,,12049
1390,0.536272,MISS,,11413
1391,0.444396,MISS,,11551
1392,0.570293,MISS,,11496
1393,0.656630,MISS,,11647
1394,0.402380,MISS,,12189
1395,0.686460,MISS,,11589
1396,0.597093,MISS,,12526
1397,0.880536,HIT,true,11887
1398,0.925854,HIT,true,11390
1399,0.532252,MISS,,11427
1400,0.512742,MISS,,11626
1401,0.423523,MISS,,12112
1402,0.347132,MISS,,11831
1403,0.519077,MISS,,11254
1404,0.395597,MISS,,11705
1405,0.665182,MISS,,11458
1406,0.473253,MISS,,11777
1407,0.708070,MISS,,12703
1408,0.439540,MISS,,12405
1409,0.670325,MISS,,11908
1410,0.496612,MISS,,12099
1411,0.417646,MISS,,12204
1412,0.466089,MISS,,11465
1413,0.666168,MISS,,11396
1414,0.723117,MISS,,11646
1415,0.340131,MISS,,12232
1416,0.644144,MISS,,11420
1417,0.547621,MISS,,11395
1418,0.533457,MISS,,12706
1419,0.585581,MISS,,12125
1420,0.561868,MISS,,11501
1421,0.614355,MISS,,11948
1422,0.391768,MISS,,12875
1423,0.674750,MISS,,12425
1424,0.526174,MISS,,11923
1425,0.613759,MISS,,11495
1426,0.376108,MISS,,11466
1427,0.390993,MISS,,12153
1428,0.818015,MISS,,12174
1429,0.956803,HIT,true,11995
1430,0.398725,MISS,,12770
1431,0.995154,HIT,true,12432
1432,0.452096,MISS,,11832
1433,0.494888,MISS,,11878
1434,0.421252,MISS,,11593
1435,0.480030,MISS,,12062
1436,0.484163,MISS,,11432
1437,0.553205,MISS,,11860
1438,0.515320,MISS,,11416
1439,0.541321,MISS,,11637
1440,0.595574,MISS,,12851
1441,0.584946,MISS,,11959
1442,0.418913,MISS,,11962
1443,0.577437,MISS,,11867
1444,0.261665,MISS,,11564
1445,0.329404,MISS,,12110
1446,0.464109,MISS,,11917
1447,0.326160,MISS,,11686
1448,0.404978,MISS,,11562
1449,0.690221,MISS,,12134
1450,0.901089,HIT,true,11682
1451,0.364512,MISS,,12780
1452,0.879438,HIT,true,11543
1453,0.432126,MISS,,11417
1454,0.801299,MISS,,11743
1455,0.746051,MISS,,11393
1456,0.513812,MISS,,12279
1457,0.438087,MISS,,11576
1458,0.804675,MISS,,11347
1459,0.445208,MISS,,11788
1460,0.855995,HIT,true,11574
1461,0.369992,MISS,,11596
1462,0.756964,MISS,,11945
1463,0.469014,MISS,,13579
1464,0.714691,MISS,,12285
1465,0.754544,MISS,,11494
1466,0.372305,MISS,,12043
1467,0.898892,HIT,true,13756
1468,0.494218,MISS,,11641
1469,0.602935,MISS,,11918
1470,0.422177,MISS,,28950
1471,0.405790,MISS,,11901
1472,0.524079,MISS,,13452
1473,0.427979,MISS,,11538
1474,0.496517,MISS,,12225
1475,0.378126,MISS,,11923
1476,0.767833,MISS,,11044
1477,0.571104,MISS,,11586
1478,0.645587,MISS,,11469
1479,0.702784,MISS,,11357
1480,0.384257,MISS,,11886
1481,0.716070,MISS,,11522
1482,0.473075,MISS,,11859
1483,0.710536,MISS,,11580
1484,0.628618,MISS,,13393
1485,0.423773,MISS,,11854
1486,0.411992,MISS,,11531
1487,0.483829,MISS,,16050
1488,0.557840,MISS,,13624
1489,0.979260,HIT,true,12316
1490,0.693522,MISS,,11928
1491,0.628828,MISS,,11838
1492,0.341509,MISS,,13753
1493,0.363197,MISS,,13092
1494,0.462680,MISS,,14088
1495,0.547093,MISS,,12804
1496,0.470560,MISS,,13304
1497,0.361042,MISS,,12856
1498,0.640149,MISS,,11826
1499,0.579919,MISS,,11908
1500,0.490272,MISS,,11973
1501,0.393488,MISS,,12130
1502,0.903137,HIT,true,11485
1503,0.621004,MISS,,11442
1504,0.710364,MISS,,12459
1505,0.849829,MISS,,13282
1506,0.345952,MISS,,11768
1507,0.398804,MISS,,12115
1508,0.562045,MISS,,12289
1509,0.329876,MISS,,12908
1510,0.562327,MISS,,11459
1511,0.616549,MISS,,11545
1512,0.780278,MISS,,11801
1513,0.348053,MISS,,11914
1514,0.620088,MISS,,11470
1515,0.830089,MISS,,12726
1516,0.381310,MISS,,12291
1517,0.388270,MISS,,11980
1518,0.505930,MISS,,11505
1519,0.559990,MISS,,11751
1520,0.693969,MISS,,11742
1521,0.431123,MISS,,11876
1522,0.546746,MISS,,12512
1523,0.633777,MISS,,11789
1524,0.523219,MISS,,12572
1525,0.516163,MISS,,12595
1526,0.426004,MISS,,11531
1527,0.441027,MISS,,13011
1528,0.923855,HIT,true,14305
1529,0.645968,MISS,,12252
1530,0.413421,MISS,,12566
1531,0.371775,MISS,,11618
1532,0.412931,MISS,,12473
1533,0.428020,MISS,,11454
1534,0.431632,MISS,,11398
1535,0.495530,MISS,,17142
1536,0.994378,HIT,true,16706
1537,0.359591,MISS,,14037
1538,0.513985,MISS,,13540
1539,0.569299,MISS,,12472
1540,0.429176,MISS,,11415
1541,0.466854,MISS,,12528
1542,0.324573,MISS,,12084
1543,0.714183,MISS,,11688
1544,0.891972,HIT,false,14351
1545,0.454712,MISS,,12382
1546,0.894934,HIT,true,12747
1547,0.497589,MISS,,13539
1548,0.514516,MISS,,12431
1549,0.466812,MISS,,11772
1550,0.632364,MISS,,14833
1551,0.485163,MISS,,13246
1552,0.683990,MISS,,11971
1553,0.452610,MISS,,13282
1554,0.992362,HIT,true,14056
1555,0.433216,MISS,,13223
1556,0.808736,MISS,,13720
1557,0.385998,MISS,,13807
1558,0.668813,MISS,,14088
1559,0.399544,MISS,,12287
1560,0.697124,MISS,,14253
1561,0.529666,MISS,,12733
1562,0.678841,MISS,,12004
1563,0.945632,HIT,true,12637
1564,0.440888,MISS,,13164
1565,0.838960,MISS,,13282
1566,0.445906,MISS,,14167
1567,0.409686,MISS,,12533
1568,0.505483,MISS,,16518
1569,0.334840,MISS,,14236
1570,0.464028,MISS,,13140
1571,0.510308,MISS,,12802
1572,0.357240,MISS,,13183
1573,0.443299,MISS,,12737
1574,0.813333,MISS,,13058
1575,0.427000,MISS,,12188
1576,0.573349,MISS,,11870
1577,0.438034,MISS,,14166
1578,0.713192,MISS,,13873
1579,0.901415,HIT,false,12600
1580,0.486710,MISS,,11596
1581,0.593289,MISS,,12641
1582,0.425833,MISS,,12844
1583,0.389638,MISS,,12281
1584,0.534820,MISS,,12184
1585,0.443635,MISS,,13282
1586,0.445813,MISS,,13471
1587,0.427705,MISS,,13918
1588,0.494392,MISS,,13487
1589,0.391435,MISS,,12083
1590,0.418315,MISS,,11996
1591,0.385720,MISS,,13800
1592,0.497938,MISS,,14690
1593,0.724462,MISS,,11883
1594,0.489134,MISS,,12767
1595,0.486361,MISS,,13286
1596,0.432526,MISS,,12014
1597,0.367607,MISS,,12946
1598,0.571189,MISS,,13152
1599,0.428030,MISS,,12119
1600,0.504892,MISS,,11682
1601,0.477625,MISS,,11358
1602,0.510902,MISS,,11931
1603,0.631931,MISS,,11353
1604,0.512320,MISS,,12166
1605,0.771232,MISS,,11723
1606,0.645300,MISS,,11816
1607,0.746532,MISS,,11357
1608,0.837404,MISS,,11633
1609,0.974156,HIT,true,13301
1610,0.758761,MISS,,12673
1611,0.391179,MISS,,12075
1612,0.470877,MISS,,11589
1613,0.497992,MISS,,12096
1614,0.430923,MISS,,11486
1615,0.440357,MISS,,11574
1616,0.500296,MISS,,11662
1617,0.745697,MISS,,13555
1618,0.935200,HIT,true,12950
1619,0.394418,MISS,,11989
1620,0.934361,HIT,true,13061
1621,0.406841,MISS,,12693
1622,0.599681,MISS,,11859
1623,0.555599,MISS,,11744
1624,0.404957,MISS,,12094
1625,0.788056,MISS,,11749
1626,0.882042,HIT,true,13239
1627,0.562552,MISS,,11566
1628,0.337648,MISS,,12018
1629,0.488556,MISS,,11450
1630,0.439475,MISS,,12038
1631,0.485570,MISS,,13427
1632,0.638227,MISS,,11689
1633,0.484163,MISS,,11642
1634,0.338583,MISS,,11951
1635,0.575354,MISS,,11664
1636,0.498248,MISS,,11481
1637,0.537878,MISS,,11589
1638,0.875684,HIT,true,12600
1639,0.226419,MISS,,11444
1640,0.614353,MISS,,11579
1641,0.623099,MISS,,12664
1642,0.476087,MISS,,13095
1643,0.379097,MISS,,12653
1644,0.359310,MISS,,11629
1645,0.865108,HIT,false,12047
1646,0.560041,MISS,,11188
1647,0.640077,MISS,,12077
1648,0.345158,MISS,,11742
1649,0.360286,MISS,,11307
1650,0.439171,MISS,,11598
1651,0.429870,MISS,,11948
1652,0.656507,MISS,,13625
1653,0.508489,MISS,,12964
1654,0.798446,MISS,,12962
1655,0.794791,MISS,,12143
1656,0.387987,MISS,,11317
1657,0.469697,MISS,,11726
1658,0.375109,MISS,,12051
1659,0.491803,MISS,,12161
1660,0.867231,HIT,true,11393
1661,0.484284,MISS,,11527
1662,0.433501,MISS,,11390
1663,0.374456,MISS,,11473
1664,0.567169,MISS,,12629
1665,0.478815,MISS,,12922
1666,0.909289,HIT,false,11684
1667,0.797861,MISS,,11446
1668,0.322670,MISS,,11965
1669,0.475930,MISS,,11478
1670,0.855657,HIT,true,11377
1671,0.468872,MISS,,11666
1672,0.555312,MISS,,12841
1673,0.580967,MISS,,11565
1674,0.593363,MISS,,12173
1675,0.381639,MISS,,11615
1676,0.906528,HIT,true,12860
1677,0.865857,HIT,true,12647
1678,0.856994,HIT,true,11712
1679,0.608343,MISS,,12454
1680,0.605905,MISS,,11335
1681,0.465524,MISS,,11647
1682,0.884041,HIT,true,12012
1683,0.294292,MISS,,11646
1684,0.544148,MISS,,12436
1685,0.486869,MISS,,15224
1686,0.568674,MISS,,18259
1687,0.816834,MISS,,14446
1688,0.488287,MISS,,12061
1689,0.556927,MISS,,11351
1690,0.493642,MISS,,12186
1691,0.406606,MISS,,12284
1692,0.367934,MISS,,12655
1693,0.645377,MISS,,11966
1694,0.681563,MISS,,12117
1695,0.509565,MISS,,12059
1696,0.876151,HIT,true,11356
1697,0.584710,MISS,,13545
1698,0.955036,HIT,true,12536
1699,0.446947,MISS,,14362
1700,0.549302,MISS,,15855
1701,0.283020,MISS,,12701
1702,0.540729,MISS,,12573
1703,0.727709,MISS,,12812
1704,0.601639,MISS,,12393
1705,0.621607,MISS,,11956
1706,0.383383,MISS,,12803
1707,0.973270,HIT,true,14229
1708,0.795881,MISS,,13866
1709,0.887513,HIT,true,14301
1710,0.522228,MISS,,14691
1711,0.463229,MISS,,16549
1712,0.400136,MISS,,16137
1713,0.451903,MISS,,16656
1714,0.465121,MISS,,15534
1715,0.776811,MISS,,15803
1716,0.943670,HIT,true,16787
1717,0.361433,MISS,,16792
1718,0.411332,MISS,,16121
1719,0.454373,MISS,,13441
1720,0.702826,MISS,,13555
1721,0.555573,MISS,,13023
1722,0.579704,MISS,,14654
1723,0.458035,MISS,,14223
1724,0.494339,MISS,,12846
1725,0.627960,MISS,,15423
1726,0.752235,MISS,,13447
1727,0.642970,MISS,,12967
1728,0.548015,MISS,,13966
1729,0.758194,MISS,,15140
1730,0.494079,MISS,,13200
1731,0.437172,MISS,,13220
1732,0.466549,MISS,,12869
1733,0.476256,MISS,,12759
1734,0.549145,MISS,,13224
1735,0.637345,MISS,,15420
1736,0.842748,MISS,,13508
1737,0.358036,MISS,,15989
1738,0.452306,MISS,,16482
1739,0.632041,MISS,,20914
1740,0.476972,MISS,,26595
1741,0.853787,HIT,false,13244
1742,0.541640,MISS,,13435
1743,0.476058,MISS,,14730
1744,0.579946,MISS,,15283
1745,0.618285,MISS,,14983
1746,0.829845,MISS,,13990
1747,0.584729,MISS,,14762
1748,0.447558,MISS,,12351
1749,0.417590,MISS,,12977
1750,0.413135,MISS,,14713
1751,0.919240,HIT,true,13183
1752,0.448150,MISS,,16170
1753,0.675435,MISS,,14103
1754,0.640881,MISS,,13902
1755,0.620810,MISS,,13788
1756,0.364944,MISS,,14439
1757,0.366837,MISS,,13613
1758,0.518931,MISS,,13558
1759,0.460601,MISS,,14215
1760,0.733036,MISS,,13122
1761,0.506194,MISS,,13909
1762,0.436424,MISS,,16894
1763,0.567648,MISS,,13597
1764,0.690269,MISS,,14755
1765,0.403144,MISS,,13520
1766,0.453300,MISS,,13588
1767,0.502869,MISS,,13717
1768,0.477842,MISS,,14560
1769,0.490188,MISS,,14594
1770,0.402014,MISS,,15251
1771,0.495031,MISS,,16051
1772,0.544186,MISS,,15107
1773,0.510908,MISS,,18278
1774,0.451598,MISS,,17385
1775,0.592898,MISS,,15714
1776,0.627997,MISS,,13182
1777,0.522371,MISS,,15632
1778,0.551553,MISS,,15305
1779,0.471119,MISS,,17175
1780,0.517485,MISS,,15768
1781,0.546981,MISS,,24262
1782,0.506113,MISS,,16235
1783,0.567100,MISS,,31421
1784,0.325782,MISS,,23070
1785,0.911048,HIT,true,15044
1786,0.760269,MISS,,17755
1787,0.447699,MISS,,14822
1788,0.547083,MISS,,14358
1789,0.640527,MISS,,12649
1790,0.657151,MISS,,12809
1791,0.510886,MISS,,13393
1792,0.823083,MISS,,14595
1793,0.552785,MISS,,13554
1794,0.514504,MISS,,15124
1795,0.545471,MISS,,15732
1796,0.590728,MISS,,12936
1797,0.758946,MISS,,13723
1798,0.469834,MISS,,15079
1799,0.521061,MISS,,13416
1800,0.656501,MISS,,13503
1801,0.344988,MISS,,13542
1802,0.738557,MISS,,14663
1803,0.758274,MISS,,13916
1804,0.367324,MISS,,18313
1805,0.272948,MISS,,14032
1806,0.892861,HIT,true,13719
1807,0.701766,MISS,,13795
1808,0.747788,MISS,,13967
1809,0.642353,MISS,,14916
1810,0.503486,MISS,,13543
1811,0.522145,MISS,,12507
1812,0.654301,MISS,,12544
1813,0.481345,MISS,,14600
1814,0.606017,MISS,,14194
1815,0.924163,HIT,true,16061
1816,0.980991,HIT,true,15572
1817,0.561659,MISS,,14259
1818,0.740886,MISS,,13221
1819,0.619390,MISS,,13216
1820,0.419743,MISS,,14335
1821,0.373055,MISS,,21579
1822,0.610492,MISS,,19215
1823,0.504154,MISS,,14434
1824,0.387858,MISS,,13555
1825,0.804321,MISS,,14759
1826,0.916753,HIT,true,14758
1827,0.463022,MISS,,13584
1828,0.493973,MISS,,17110
1829,0.364762,MISS,,15068
1830,0.464721,MISS,,14715
1831,0.343598,MISS,,18686
1832,0.429944,MISS,,17107
1833,0.528136,MISS,,16817
1834,0.489999,MISS,,17931
1835,0.557490,MISS,,14620
1836,0.725623,MISS,,15909
1837,0.854552,HIT,true,17561
1838,0.394450,MISS,,14736
1839,0.873624,HIT,false,15069
1840,0.562538,MISS,,11997
1841,0.520994,MISS,,13022
1842,0.680187,MISS,,13127
1843,0.367222,MISS,,11812
1844,0.454219,MISS,,13406
1845,0.958390,HIT,true,12011
1846,0.917681,HIT,true,14269
1847,0.767583,MISS,,11806
1848,0.568357,MISS,,13503
1849,0.877579,HIT,true,12282
1850,0.539832,MISS,,19457
1851,0.439693,MISS,,12764
1852,0.523723,MISS,,13040
1853,0.769155,MISS,,11951
1854,0.797806,MISS,,13168
1855,0.922069,HIT,true,12767
1856,0.775443,MISS,,12482
1857,0.409387,MISS,,11689
1858,0.427413,MISS,,11547
1859,0.337749,MISS,,13807
1860,0.417041,MISS,,11763
1861,0.458569,MISS,,12295
1862,0.405401,MISS,,11721
1863,0.550997,MISS,,12098
1864,0.388855,MISS,,11579
1865,0.719973,MISS,,13773
1866,0.456443,MISS,,14867
1867,0.593065,MISS,,13171
1868,0.390211,MISS,,14673
1869,0.793356,MISS,,11827
1870,0.475700,MISS,,12933
1871,0.460272,MISS,,11792
1872,0.461438,MISS,,12300
1873,0.491268,MISS,,11854
1874,0.607377,MISS,,12572
1875,0.991082,HIT,true,11934
1876,0.934309,HIT,true,11780
1877,0.525135,MISS,,12627
1878,0.462015,MISS,,11968
1879,0.768583,MISS,,11701
1880,0.718838,MISS,,11509
1881,0.763203,MISS,,14687
1882,0.842737,MISS,,11829
1883,0.721027,MISS,,11710
1884,0.374896,MISS,,11538
1885,0.670396,MISS,,12441
1886,0.415440,MISS,,12430
1887,0.966187,HIT,true,12634
1888,0.628584,MISS,,12018
1889,0.493416,MISS,,11829
1890,0.495393,MISS,,12227
1891,0.590272,MISS,,11517
1892,0.574922,MISS,,13562
1893,0.516110,MISS,,12762
1894,0.528227,MISS,,12101
1895,0.401868,MISS,,11846
1896,0.501057,MISS,,11696
1897,0.337992,MISS,,12016
1898,0.737584,MISS,,11630
1899,0.610044,MISS,,11657
1900,0.380414,MISS,,12492
1901,0.487244,MISS,,12375
1902,0.584328,MISS,,11970
1903,0.397108,MISS,,12861
1904,0.875958,HIT,true,11888
1905,0.428587,MISS,,11627
1906,0.529360,MISS,,11953
1907,0.696765,MISS,,11708
1908,0.845345,MISS,,12205
1909,0.372253,MISS,,11632
1910,0.358228,MISS,,12060
1911,0.915671,HIT,true,11567
1912,0.599644,MISS,,11739
1913,0.398840,MISS,,11661
1914,0.591838,MISS,,14790
1915,0.467511,MISS,,12292
1916,0.648002,MISS,,11659
1917,0.503280,MISS,,11717
1918,0.865255,HIT,true,11774
1919,0.539890,MISS,,12118
1920,0.316506,MISS,,11921
1921,0.765518,MISS,,12269
1922,0.543342,MISS,,11411
1923,0.740406,MISS,,12084
1924,0.659277,MISS,,14582
1925,0.492609,MISS,,15414
1926,0.883129,HIT,true,14222
1927,0.465606,MISS,,12420
1928,0.610841,MISS,,12370
1929,0.891897,HIT,true,14192
1930,0.431503,MISS,,12802
1931,0.655952,MISS,,15224
1932,0.491555,MISS,,11715
1933,0.571504,MISS,,13303
1934,0.547575,MISS,,12303
1935,0.612954,MISS,,14149
1936,0.597108,MISS,,12014
1937,0.464790,MISS,,12918
1938,0.418615,MISS,,12295
1939,0.600752,MISS,,11623
1940,0.668904,MISS,,12298
1941,0.507897,MISS,,12187
1942,0.369821,MISS,,11822
1943,0.811273,MISS,,11405
1944,0.604241,MISS,,12428
1945,0.883883,HIT,true,12814
1946,0.458074,MISS,,13726
1947,0.630333,MISS,,13352
1948,0.612767,MISS,,12622
1949,0.457579,MISS,,13172
1950,0.298952,MISS,,12241
1951,0.826053,MISS,,11511
1952,0.750349,MISS,,12084
1953,0.797217,MISS,,13463
1954,0.378754,MISS,,13107
1955,0.429236,MISS,,11825
1956,0.621605,MISS,,12994
1957,0.956861,HIT,true,14822
1958,0.543841,MISS,,12573
1959,0.534512,MISS,,11878
1960,0.360073,MISS,,13140
1961,0.405986,MISS,,13662
1962,0.717059,MISS,,12930
1963,0.839116,MISS,,12030
1964,0.989435,HIT,true,12829
1965,0.478032,MISS,,12751
1966,0.479002,MISS,,13694
1967,0.356240,MISS,,14365
1968,0.417302,MISS,,12830
1969,0.574621,MISS,,12598
1970,0.592843,MISS,,12745
1971,0.594170,MISS,,12575
1972,0.440878,MISS,,12267
1973,0.503788,MISS,,12231
1974,0.516682,MISS,,13208
1975,0.601184,MISS,,12441
1976,0.605648,MISS,,11827
1977,0.515396,MISS,,14107
1978,0.573882,MISS,,12865
1979,0.714800,MISS,,13158
1980,0.959586,HIT,true,11480
1981,0.587323,MISS,,12051
1982,0.418874,MISS,,12644
1983,0.817810,MISS,,12011
1984,0.498644,MISS,,11741
1985,0.548099,MISS,,12958
1986,0.448509,MISS,,12657
1987,0.686635,MISS,,13337
1988,0.500396,MISS,,13503
1989,0.368866,MISS,,11776
1990,0.625577,MISS,,12174
1991,0.417071,MISS,,11548
1992,0.479124,MISS,,12527
1993,0.864397,HIT,false,11771
1994,0.603506,MISS,,12140
1995,0.882090,HIT,true,11735
1996,0.483081,MISS,,11840
1997,0.853920,HIT,true,11662
1998,0.505737,MISS,,11746
1999,0.726294,MISS,,14280
2000,0.457535,MISS,,13102
2001,0.360331,MISS,,12737
2002,0.348141,MISS,,11854
2003,0.921427,HIT,true,13278
2004,0.413952,MISS,,13039
2005,0.558253,MISS,,15370
2006,0.232387,MISS,,12725
2007,0.520160,MISS,,11735
2008,0.673699,MISS,,12493
2009,0.554033,MISS,,13621
2010,0.425089,MISS,,13715
2011,0.479210,MISS,,12265
2012,0.373478,MISS,,12122
2013,0.529681,MISS,,12284
2014,0.725949,MISS,,13809
2015,0.585775,MISS,,11715
2016,0.561148,MISS,,12889
2017,0.831196,MISS,,12522
2018,0.571080,MISS,,13462
2019,0.761804,MISS,,12183
2020,0.452596,MISS,,14325
2021,0.463160,MISS,,13730
2022,0.336332,MISS,,12396
2023,0.931212,HIT,true,11534
2024,0.548284,MISS,,12375
2025,0.624197,MISS,,12072
2026,0.619893,MISS,,11698
2027,0.933605,HIT,true,11524
2028,0.422156,MISS,,13221
2029,0.390166,MISS,,12881
2030,0.697402,MISS,,13789
2031,0.456251,MISS,,13003
2032,0.571536,MISS,,12497
2033,0.312754,MISS,,12383
2034,0.361120,MISS,,11722
2035,0.550816,MISS,,11496
2036,0.902691,HIT,true,11951
2037,0.477251,MISS,,11988
2038,0.702797,MISS,,12303
2039,0.581156,MISS,,11611
2040,0.615479,MISS,,11859
2041,0.614233,MISS,,13280
2042,0.741611,MISS,,11602
2043,0.460252,MISS,,11862
2044,0.795956,MISS,,12748
2045,0.384237,MISS,,12267
2046,0.580859,MISS,,11677
2047,0.733743,MISS,,11589
2048,0.441156,MISS,,11667
2049,0.755449,MISS,,12281
2050,0.690094,MISS,,11702
2051,0.636421,MISS,,12711
2052,0.971584,HIT,true,12263
2053,0.558587,MISS,,12803
2054,0.528500,MISS,,12338
2055,0.536884,MISS,,11644
2056,0.635947,MISS,,11525
2057,0.488423,MISS,,12039
2058,0.556885,MISS,,12249
2059,0.483250,MISS,,11792
2060,0.685604,MISS,,11736
2061,0.601171,MISS,,12094
2062,0.387533,MISS,,11675
2063,0.897539,HIT,true,12895
2064,0.506756,MISS,,12037
2065,0.963071,HIT,true,12769
2066,0.720269,MISS,,11413
2067,0.521265,MISS,,11607
2068,0.514241,MISS,,12496
2069,0.980813,HIT,true,11664
2070,0.498870,MISS,,12846
2071,0.377241,MISS,,12258
2072,0.653903,MISS,,13124
2073,0.420641,MISS,,11643
2074,0.458703,MISS,,14075
2075,0.376226,MISS,,12182
2076,0.384379,MISS,,11867
2077,0.535344,MISS,,12031
2078,0.508646,MISS,,12965
2079,0.478507,MISS,,13302
2080,0.338375,MISS,,12156
2081,0.738184,MISS,,11412
2082,0.409388,MISS,,13649
2083,0.807544,MISS,,12800
2084,0.612820,MISS,,13940
2085,0.569835,MISS,,12801
2086,0.413206,MISS,,12503
2087,0.874822,HIT,true,12509
2088,0.952392,HIT,true,13044
2089,0.833578,MISS,,13634
2090,0.560631,MISS,,11712
2091,0.728794,MISS,,12630
2092,0.343926,MISS,,12069
2093,0.852742,HIT,false,11754
2094,0.994036,HIT,true,11693
2095,0.525150,MISS,,13417
2096,0.786884,MISS,,11499
2097,0.590329,MISS,,11927
2098,0.908620,HIT,true,12366
2099,0.548325,MISS,,20878
2100,0.716437,MISS,,14584
2101,0.771080,MISS,,11734
2102,0.478777,MISS,,11585
2103,0.624152,MISS,,12205
2104,0.627542,MISS,,12309
2105,0.366870,MISS,,11600
2106,0.689712,MISS,,12928
2107,0.811755,MISS,,12041
2108,0.538681,MISS,,11723
2109,0.626056,MISS,,11529
2110,0.544610,MISS,,11860
2111,0.536506,MISS,,12683
2112,0.483849,MISS,,11644
2113,0.424243,MISS,,11576
2114,0.377648,MISS,,11689
2115,0.474465,MISS,,11748
2116,0.372496,MISS,,12573
2117,0.581246,MISS,,13097
2118,0.438725,MISS,,11897
2119,0.773398,MISS,,11599
2120,0.313189,MISS,,12083
2121,0.452830,MISS,,11758
2122,0.527450,MISS,,11638
2123,0.775250,MISS,,11521
2124,0.922224,HIT,false,12714
2125,0.703610,MISS,,11764
2126,0.408555,MISS,,11574
2127,0.910119,HIT,true,11658
2128,0.872359,HIT,true,13285
2129,0.417126,MISS,,11736
2130,0.521105,MISS,,11804
2131,0.810478,MISS,,12554
2132,0.451487,MISS,,12161
2133,0.582747,MISS,,11501
2134,0.511517,MISS,,11883
2135,0.452473,MISS,,11660
2136,0.668093,MISS,,11471
2137,0.674333,MISS,,11989
2138,0.710571,MISS,,12820
2139,0.555195,MISS,,11636
2140,0.556289,MISS,,12955
2141,0.772071,MISS,,12088
2142,0.508590,MISS,,12166
2143,0.542758,MISS,,11610
2144,0.619018,MISS,,11729
2145,0.751174,MISS,,12787
2146,0.692631,MISS,,11511
2147,0.954244,HIT,false,11586
2148,0.705411,MISS,,11898
2149,0.750555,MISS,,11561
2150,0.618891,MISS,,13112
2151,0.369952,MISS,,12228
2152,0.653875,MISS,,12143
2153,0.676648,MISS,,11777
2154,0.937840,HIT,false,11525
2155,0.489390,MISS,,12104
2156,0.660921,MISS,,11712
2157,0.381893,MISS,,11625
2158,0.497925,MISS,,11933
2159,0.405565,MISS,,12449
2160,0.557404,MISS,,11433
2161,0.387158,MISS,,13053
2162,0.963710,HIT,true,11776
2163,0.721860,MISS,,12128
2164,0.390688,MISS,,11610
2165,0.869581,HIT,true,12331
2166,0.445421,MISS,,14079
2167,0.673009,MISS,,12608
2168,0.987115,HIT,true,11927
2169,0.508987,MISS,,13283
2170,0.493358,MISS,,14519
2171,0.396497,MISS,,16171
2172,0.418213,MISS,,16079
2173,0.298906,MISS,,14848
2174,0.457477,MISS,,15881
2175,0.465798,MISS,,18392
2176,0.655901,MISS,,16995
2177,0.343782,MISS,,19473
2178,0.655676,MISS,,19405
2179,0.466116,MISS,,15625
2180,0.712296,MISS,,16065
2181,0.401995,MISS,,15847
2182,0.484343,MISS,,14403
2183,0.772509,MISS,,14506
2184,0.371972,MISS,,13733
2185,0.636646,MISS,,14744
2186,0.359521,MISS,,15495
2187,0.578027,MISS,,15405
2188,0.536209,MISS,,16882
2189,0.635801,MISS,,17723
2190,0.476588,MISS,,14725
2191,0.769961,MISS,,16197
2192,0.514985,MISS,,14955
2193,0.572844,MISS,,11932
2194,0.952669,HIT,true,11284
2195,0.646645,MISS,,12084
2196,0.987708,HIT,true,12502
2197,0.364112,MISS,,12514
2198,0.563214,MISS,,13177
2199,0.594516,MISS,,12415
2200,0.467463,MISS,,12723
2201,0.663128,MISS,,11501
2202,0.561130,MISS,,12075
2203,0.542092,MISS,,13101
2204,0.468770,MISS,,12451
2205,0.517527,MISS,,12318
2206,0.391168,MISS,,12331
2207,0.737894,MISS,,12499
2208,0.806048,MISS,,15465
2209,0.597417,MISS,,11620
2210,0.496034,MISS,,12567
2211,0.681251,MISS,,12464
2212,0.568644,MISS,,11735
2213,0.998274,HIT,true,11599
2214,0.464761,MISS,,11824
2215,0.467470,MISS,,11807
2216,0.347714,MISS,,11678
2217,0.643375,MISS,,11633
2218,0.491548,MISS,,12824
2219,0.520413,MISS,,13531
2220,0.611554,MISS,,11687
2221,0.387628,MISS,,11864
2222,0.450458,MISS,,11990
2223,0.456752,MISS,,11635
2224,0.554441,MISS,,11831
2225,0.508576,MISS,,12527
2226,0.603331,MISS,,12067
2227,0.981894,HIT,true,11704
2228,0.599020,MISS,,12559
2229,0.445643,MISS,,14636
2230,0.456036,MISS,,15682
2231,0.966750,HIT,false,12777
2232,0.759436,MISS,,11974
2233,0.489456,MISS,,12486
2234,0.864948,HIT,false,13196
2235,0.552621,MISS,,12705
2236,0.692921,MISS,,13035
2237,0.594317,MISS,,12277
2238,0.568056,MISS,,13645
2239,0.885496,HIT,true,11809
2240,0.646632,MISS,,13453
2241,0.665271,MISS,,12598
2242,0.930359,HIT,false,13598
2243,0.911006,HIT,true,11907
2244,0.947041,HIT,true,13789
2245,0.765026,MISS,,11789
2246,0.725321,MISS,,12137
2247,0.465153,MISS,,11441
2248,0.696476,MISS,,11739
2249,0.688812,MISS,,11844
2250,0.325519,MISS,,15023
2251,0.606073,MISS,,15591
2252,0.375142,MISS,,12039
2253,0.535411,MISS,,12072
2254,0.807527,MISS,,12829
2255,0.692284,MISS,,14559
2256,0.448789,MISS,,12702
2257,0.412679,MISS,,14246
2258,0.544260,MISS,,13862
2259,0.320184,MISS,,13335
2260,0.405239,MISS,,14485
2261,0.645521,MISS,,12078
2262,0.870829,HIT,true,12652
2263,0.443981,MISS,,12673
2264,0.828776,MISS,,12047
2265,0.388415,MISS,,11802
2266,0.786739,MISS,,11726
2267,0.440429,MISS,,11740
2268,0.502412,MISS,,11790
2269,0.809570,MISS,,12316
2270,0.553118,MISS,,12521
2271,0.831066,MISS,,11863
2272,0.483332,MISS,,14642
2273,0.320508,MISS,,14536
2274,0.447349,MISS,,12237
2275,0.580596,MISS,,12169
2276,0.496342,MISS,,12448
2277,0.458028,MISS,,13339
2278,0.479228,MISS,,15815
2279,0.644774,MISS,,14351
2280,0.979004,HIT,true,14853
2281,0.624607,MISS,,13547
2282,0.505076,MISS,,12666
2283,0.354634,MISS,,12388
2284,0.409742,MISS,,14633
2285,0.433491,MISS,,12362
2286,0.996785,HIT,true,13237
2287,0.834723,MISS,,11967
2288,0.524919,MISS,,13781
2289,0.454464,MISS,,13220
2290,0.439147,MISS,,12885
2291,0.580320,MISS,,12826
2292,0.930682,HIT,false,13266
2293,0.707103,MISS,,15435
2294,0.465225,MISS,,14142
2295,0.391546,MISS,,12911
2296,0.778688,MISS,,11448
2297,0.470117,MISS,,12372
2298,0.421849,MISS,,12035
2299,0.680202,MISS,,11642
2300,0.430916,MISS,,11723
2301,0.520972,MISS,,14251
2302,0.544850,MISS,,12265
2303,0.431826,MISS,,16693
2304,0.349923,MISS,,16678
2305,0.486122,MISS,,11684
2306,0.980107,HIT,true,12809
2307,0.801638,MISS,,12625
2308,0.737174,MISS,,19402
2309,0.596485,MISS,,12890
2310,0.306638,MISS,,13331
2311,0.603036,MISS,,11978
2312,0.987877,HIT,true,12905
2313,0.941441,HIT,true,13524
2314,0.563628,MISS,,13101
2315,0.464283,MISS,,12471
2316,0.414354,MISS,,14525
2317,0.538216,MISS,,12314
2318,0.325837,MISS,,12400
2319,0.320845,MISS,,12474
2320,0.565835,MISS,,13940
2321,0.722711,MISS,,14109
2322,0.433578,MISS,,13046
2323,0.471317,MISS,,12731
2324,0.550303,MISS,,11552
2325,0.720368,MISS,,11832
2326,0.595758,MISS,,12518
2327,0.834257,MISS,,12184
2328,0.596382,MISS,,12050
2329,0.721227,MISS,,12124
2330,0.686250,MISS,,12652
2331,0.359434,MISS,,18157
2332,0.659068,MISS,,17866
2333,0.888674,HIT,true,15108
2334,0.598013,MISS,,12169
2335,0.803287,MISS,,13212
2336,0.378811,MISS,,13236
2337,0.592702,MISS,,14561
2338,0.900551,HIT,true,12380
2339,0.490598,MISS,,11873
2340,0.908245,HIT,true,12199
2341,0.669891,MISS,,13764
2342,0.472175,MISS,,11611
2343,0.640646,MISS,,11805
2344,0.648291,MISS,,12309
2345,0.530793,MISS,,12635
2346,0.679331,MISS,,11910
2347,0.385242,MISS,,11662
2348,0.508673,MISS,,11791
2349,0.910782,HIT,true,11533
2350,0.379076,MISS,,12542
2351,0.915763,HIT,true,12515
2352,0.371280,MISS,,11724
2353,0.497494,MISS,,14957
2354,0.589439,MISS,,13087
2355,0.603888,MISS,,12312
2356,0.815520,MISS,,12624
2357,0.455666,MISS,,12373
2358,0.893567,HIT,true,11988
2359,0.513217,MISS,,12043
2360,0.579241,MISS,,13430
2361,0.629110,MISS,,12900
2362,0.551791,MISS,,13389
2363,0.536778,MISS,,13953
2364,0.566379,MISS,,13581
2365,0.498405,MISS,,12308
2366,0.476916,MISS,,12851
2367,0.769161,MISS,,12978
2368,0.570222,MISS,,12980
2369,0.915683,HIT,true,12436
2370,0.458338,MISS,,12891
2371,0.926480,HIT,true,12607
2372,0.446932,MISS,,14822
2373,0.741444,MISS,,12307
2374,0.477260,MISS,,13111
2375,0.900540,HIT,true,12467
2376,0.653815,MISS,,13847
2377,0.555923,MISS,,12516
2378,0.499702,MISS,,11601
2379,0.363986,MISS,,12162
2380,0.486715,MISS,,12204
2381,0.546976,MISS,,11714
2382,0.531173,MISS,,11569
2383,0.952652,HIT,true,14439
2384,0.396752,MISS,,13256
2385,0.520230,MISS,,12254
2386,0.428512,MISS,,12362
2387,0.607358,MISS,,12117
2388,0.659362,MISS,,11732
2389,0.683113,MISS,,11685
2390,0.546966,MISS,,13387
2391,0.839461,MISS,,11997
2392,0.365704,MISS,,11846
2393,0.477055,MISS,,11591
2394,0.374619,MISS,,13261
2395,0.953761,HIT,true,12262
2396,0.619489,MISS,,12287
2397,0.512282,MISS,,11943
2398,0.456911,MISS,,13102
2399,0.934433,HIT,true,13264
2400,0.583114,MISS,,14405
2401,0.936257,HIT,true,18436
2402,0.438560,MISS,,14755
2403,0.442704,MISS,,12084
2404,0.978997,HIT,true,14753
2405,0.539767,MISS,,13262
2406,0.362271,MISS,,12421
2407,0.633734,MISS,,12178
2408,0.900487,HIT,true,13322
2409,0.441928,MISS,,13629
2410,0.460836,MISS,,12379
2411,0.560900,MISS,,11945
2412,0.959398,HIT,true,12819
2413,0.574742,MISS,,12539
2414,0.790181,MISS,,14037
2415,0.558224,MISS,,13064
2416,0.977794,HIT,true,13338
2417,0.735794,MISS,,12844
2418,0.510084,MISS,,12206
2419,0.517481,MISS,,12107
2420,0.451275,MISS,,11907
2421,0.638372,MISS,,13539
2422,0.677474,MISS,,12027
2423,0.395763,MISS,,11764
2424,0.332825,MISS,,13075
2425,0.535218,MISS,,13936
2426,0.573093,MISS,,21441
2427,0.727971,MISS,,13845
2428,0.916241,HIT,true,14845
2429,0.374636,MISS,,14803
2430,0.584402,MISS,,12180
2431,0.449870,MISS,,11532
2432,0.688268,MISS,,12684
2433,0.994790,HIT,true,13117
2434,0.450672,MISS,,12966
2435,0.909764,HIT,true,12283
2436,0.961168,HIT,true,12400
2437,0.603352,MISS,,13456
2438,0.974869,HIT,true,13390
2439,0.653654,MISS,,12704
2440,0.885475,HIT,true,13574
2441,0.664969,MISS,,12253
2442,0.531161,MISS,,12252
2443,0.953256,HIT,true,11764
2444,0.457304,MISS,,13317
2445,0.631032,MISS,,12076
2446,0.463208,MISS,,12325
2447,0.851459,HIT,true,12204
2448,0.493112,MISS,,12023
2449,0.828407,MISS,,11687
2450,0.979729,HIT,true,11548
2451,0.513193,MISS,,12303
2452,0.729382,MISS,,12264
2453,0.416672,MISS,,15060
2454,0.512779,MISS,,12835
2455,0.465428,MISS,,14473
2456,0.340529,MISS,,12092
2457,0.888254,HIT,true,11753
2458,0.325081,MISS,,11917
2459,0.292024,MISS,,12706
2460,0.646455,MISS,,11812
2461,0.588668,MISS,,11992
2462,0.885400,HIT,true,11617
2463,0.605790,MISS,,11602
2464,0.512106,MISS,,12162
2465,0.456769,MISS,,12138
2466,0.331604,MISS,,13037
2467,0.975473,HIT,true,12699
2468,0.876164,HIT,true,12096
2469,0.475002,MISS,,11587
2470,0.599392,MISS,,11884
2471,0.669125,MISS,,11614
2472,0.409077,MISS,,11764
2473,0.425624,MISS,,12909
2474,0.782658,MISS,,13082
2475,0.314278,MISS,,12192
2476,0.813820,MISS,,11980
2477,0.638365,MISS,,12074
2478,0.445909,MISS,,13253
2479,0.722683,MISS,,12165
2480,0.768482,MISS,,14861
2481,0.667884,MISS,,13941
2482,0.933358,HIT,true,13291
2483,0.708948,MISS,,13225
2484,0.662602,MISS,,11488
2485,0.877289,HIT,true,13769
2486,0.579636,MISS,,13541
2487,0.856175,HIT,false,14312
2488,0.532229,MISS,,12931
2489,0.437625,MISS,,11646
2490,0.676580,MISS,,12348
2491,0.983018,HIT,true,12456
2492,0.821275,MISS,,13246
2493,0.647570,MISS,,13736
2494,0.475269,MISS,,13488
2495,0.460734,MISS,,12242
2496,0.472484,MISS,,12212
2497,0.402122,MISS,,13570
2498,0.565335,MISS,,12670
2499,0.528179,MISS,,11918
2500,0.928951,HIT,true,12138
2501,0.393287,MISS,,11641
2502,0.677591,MISS,,11678
2503,0.788400,MISS,,12608
2504,0.483910,MISS,,11542
2505,0.538877,MISS,,13614
2506,0.532433,MISS,,11910
2507,0.362086,MISS,,11657
2508,0.635327,MISS,,13256
2509,0.746809,MISS,,12330
2510,0.661465,MISS,,11860
2511,0.457585,MISS,,12324
2512,0.373793,MISS,,12746
2513,0.426672,MISS,,12265
2514,0.542326,MISS,,11673
2515,0.480818,MISS,,11649
2516,0.992140,HIT,true,11834
2517,0.575328,MISS,,14070
2518,0.687861,MISS,,15490
2519,0.965425,HIT,true,19350
2520,0.850666,HIT,true,15991
2521,0.488486,MISS,,15307
2522,0.479939,MISS,,15506
2523,0.549936,MISS,,15464
2524,0.921812,HIT,true,13077
2525,0.489404,MISS,,14676
2526,0.463917,MISS,,15347
2527,0.390017,MISS,,16882
2528,0.867995,HIT,true,15400
2529,0.538150,MISS,,15852
2530,0.407167,MISS,,13603
2531,0.820374,MISS,,14170
2532,0.828534,MISS,,14609
2533,0.984943,HIT,true,14278
2534,0.353342,MISS,,15259
2535,0.557132,MISS,,15016
2536,0.720725,MISS,,15247
2537,0.724048,MISS,,15150
2538,0.469778,MISS,,14125
2539,0.852826,HIT,false,12305
2540,0.548311,MISS,,12726
2541,0.993553,HIT,true,12505
2542,0.937556,HIT,true,13484
2543,0.597858,MISS,,12295
2544,0.654156,MISS,,12548
2545,0.469172,MISS,,13599
2546,0.653418,MISS,,13050
2547,0.519112,MISS,,13096
2548,0.809402,MISS,,11750
2549,0.385937,MISS,,11894
2550,0.582468,MISS,,11809
2551,0.560774,MISS,,11612
2552,0.942187,HIT,true,11557
2553,0.604150,MISS,,12728
2554,0.465443,MISS,,11613
2555,0.498271,MISS,,11682
2556,0.727478,MISS,,11605
2557,0.417625,MISS,,12724
2558,0.780746,MISS,,12702
2559,0.565352,MISS,,11744
2560,0.399232,MISS,,13653
2561,0.413882,MISS,,12250
2562,0.566160,MISS,,12337
2563,0.654472,MISS,,12361
2564,0.904155,HIT,true,11439
2565,0.966016,HIT,true,11610
2566,0.517687,MISS,,12488
2567,0.588066,MISS,,12579
2568,0.828697,MISS,,12307
2569,0.546677,MISS,,13038
2570,0.847540,MISS,,12296
2571,0.523441,MISS,,11654
2572,0.494487,MISS,,11841
2573,0.416139,MISS,,12699
2574,0.537876,MISS,,12165
2575,0.474569,MISS,,12019
2576,0.438334,MISS,,11723
2577,0.465562,MISS,,11614
2578,0.595366,MISS,,12082
2579,0.717764,MISS,,11486
2580,0.504257,MISS,,14006
2581,0.403309,MISS,,11832
2582,0.986788,HIT,true,11942
2583,0.456064,MISS,,12229
2584,0.670474,MISS,,11690
2585,0.364282,MISS,,12651
2586,0.456958,MISS,,11720
2587,0.768239,MISS,,12869
2588,0.536076,MISS,,11932
2589,0.394456,MISS,,11536
2590,0.628467,MISS,,11689
2591,0.462484,MISS,,13888
2592,0.949222,HIT,true,11552
2593,0.661301,MISS,,11944
2594,0.502707,MISS,,12157
2595,0.461134,MISS,,12543
2596,0.310285,MISS,,11841
2597,0.841736,MISS,,11550
2598,0.546123,MISS,,11930
2599,0.600947,MISS,,11842
2600,0.494552,MISS,,11982
2601,0.489696,MISS,,12162
2602,0.555569,MISS,,12550
2603,0.573032,MISS,,13193
2604,0.632408,MISS,,12168
2605,0.499332,MISS,,11777
2606,0.473364,MISS,,12081
2607,0.447503,MISS,,13086
2608,0.907834,HIT,true,12084
2609,0.531434,MISS,,12795
2610,0.532701,MISS,,11962
2611,0.638455,MISS,,12408
2612,0.616887,MISS,,12109
2613,0.472637,MISS,,13194
2614,0.468721,MISS,,12932
2615,0.458882,MISS,,11773
2616,0.705221,MISS,,11721
2617,0.491201,MISS,,13390
2618,0.409357,MISS,,11796
2619,0.735825,MISS,,11605
2620,0.964852,HIT,true,11929
2621,0.479864,MISS,,12775
2622,0.807624,MISS,,11824
2623,0.493125,MISS,,12496
2624,0.925774,HIT,true,12412
2625,0.693332,MISS,,12548
2626,0.446193,MISS,,11626
2627,0.991505,HIT,true,12436
2628,0.434974,MISS,,11880
2629,0.530902,MISS,,12001
2630,0.387450,MISS,,11698
2631,0.623121,MISS,,11608
2632,0.450358,MISS,,11961
2633,0.664486,MISS,,11680
2634,0.951036,HIT,true,14211
2635,0.354037,MISS,,11952
2636,0.942436,HIT,true,11873
2637,0.538488,MISS,,11629
2638,0.895376,HIT,true,12258
2639,0.899368,HIT,true,11793
2640,0.566248,MISS,,12107
2641,0.901819,HIT,true,12415
2642,0.705496,MISS,,12117
2643,0.670019,MISS,,11763
2644,0.532917,MISS,,11972
2645,0.713678,MISS,,13772
2646,0.862142,HIT,true,12475
2647,0.530485,MISS,,11667
2648,0.532672,MISS,,12528
2649,0.488639,MISS,,11702
2650,0.507387,MISS,,12405
2651,0.550410,MISS,,12160
2652,0.452822,MISS,,11749
2653,0.440332,MISS,,13307
2654,0.540529,MISS,,16280
2655,0.446349,MISS,,16009
2656,0.481428,MISS,,15866
2657,0.812581,MISS,,14854
2658,0.586229,MISS,,12314
2659,0.489065,MISS,,12161
2660,0.712442,MISS,,13333
2661,0.490184,MISS,,11553
2662,0.924554,HIT,true,12326
2663,0.945642,HIT,true,12500
2664,0.610806,MISS,,12595
2665,0.674269,MISS,,13618
2666,0.628734,MISS,,13158
2667,0.421178,MISS,,13255
2668,0.565116,MISS,,12164
2669,0.457566,MISS,,11567
2670,0.576704,MISS,,12456
2671,0.866779,HIT,true,12858
2672,0.847263,MISS,,12348
2673,0.673925,MISS,,12172
2674,0.379434,MISS,,11855
2675,0.547451,MISS,,12191
2676,0.859533,HIT,false,15107
2677,0.686990,MISS,,11647
2678,0.430532,MISS,,12582
2679,0.846776,MISS,,12988
2680,0.682094,MISS,,11823
2681,0.683426,MISS,,11661
2682,0.497279,MISS,,11382
2683,0.415366,MISS,,11932
2684,0.298478,MISS,,11720
2685,0.584045,MISS,,11517
2686,0.442144,MISS,,12577
2687,0.697686,MISS,,11711
2688,0.613861,MISS,,13049
2689,0.549183,MISS,,13071
2690,0.391886,MISS,,13267
2691,0.589193,MISS,,11741
2692,0.720692,MISS,,12181
2693,0.486487,MISS,,12670
2694,0.654038,MISS,,11573
2695,0.827818,MISS,,11594
2696,0.748043,MISS,,12255
2697,0.410907,MISS,,11445
2698,0.424641,MISS,,13214
2699,0.320225,MISS,,11930
2700,0.741485,MISS,,12778
2701,0.525502,MISS,,11620
2702,0.462257,MISS,,11636
2703,0.805089,MISS,,12620
2704,0.584015,MISS,,11941
2705,0.891379,HIT,true,11666
2706,0.748731,MISS,,12022
2707,0.317926,MISS,,11984
2708,0.578878,MISS,,12747
2709,0.627792,MISS,,11496
2710,0.661446,MISS,,12974
2711,0.921459,HIT,true,11520
2712,0.772679,MISS,,11899
2713,0.851984,HIT,true,13332
2714,0.320705,MISS,,11961
2715,0.508503,MISS,,11865
2716,0.738068,MISS,,11511
2717,0.982999,HIT,true,12275
2718,0.742721,MISS,,11543
2719,0.532328,MISS,,11675
2720,0.598761,MISS,,13951
2721,0.470103,MISS,,12297
2722,0.420915,MISS,,12548
2723,0.564360,MISS,,11294
2724,0.473181,MISS,,12030
2725,0.635185,MISS,,11718
2726,0.806690,MISS,,11475
2727,0.531550,MISS,,12581
2728,0.934290,HIT,false,13360
2729,0.456915,MISS,,11799
2730,0.550516,MISS,,11947
2731,0.681666,MISS,,13241
2732,0.394503,MISS,,12296
2733,0.882521,HIT,true,12499
2734,0.815502,MISS,,11893
2735,0.703613,MISS,,13478
2736,0.470989,MISS,,12423
2737,0.639105,MISS,,11540
2738,0.402897,MISS,,11885
2739,0.511501,MISS,,11643
2740,0.990358,HIT,true,12857
2741,0.360882,MISS,,11690
2742,0.867998,HIT,false,13210
2743,0.790858,MISS,,11823
2744,0.776980,MISS,,11711
2745,0.682904,MISS,,12314
2746,0.868892,HIT,true,13285
2747,0.329347,MISS,,12966
2748,0.753177,MISS,,11645
2749,0.656888,MISS,,13253
2750,0.980465,HIT,true,11689
2751,0.468956,MISS,,11795
2752,0.604932,MISS,,11762
2753,0.524207,MISS,,14522
2754,0.375824,MISS,,12311
2755,0.380459,MISS,,12389
2756,0.453773,MISS,,11996
2757,0.720551,MISS,,22049
2758,0.567449,MISS,,11581
2759,0.490666,MISS,,12357
2760,0.510470,MISS,,12017
2761,0.982374,HIT,true,11528
2762,0.991945,HIT,true,12810
2763,0.610316,MISS,,16696
2764,0.952287,HIT,true,14258
2765,0.369382,MISS,,13852
2766,0.591175,MISS,,12296
2767,0.911992,HIT,true,11781
2768,0.318554,MISS,,12519
2769,0.489807,MISS,,12127
2770,0.543418,MISS,,11570
2771,0.499911,MISS,,11897
2772,0.452495,MISS,,12901
2773,0.883242,HIT,true,13446
2774,0.552939,MISS,,11717
2775,0.993449,HIT,true,11767
2776,0.379954,MISS,,11808
2777,0.348211,MISS,,11585
2778,0.613137,MISS,,12047
2779,0.959823,HIT,true,12437
2780,0.465799,MISS,,11978
2781,0.743115,MISS,,11738
2782,0.493415,MISS,,12282
2783,0.582220,MISS,,11875
2784,0.514803,MISS,,13398
2785,0.643890,MISS,,12162
2786,0.754889,MISS,,12898
2787,0.579990,MISS,,11689
2788,0.503363,MISS,,11560
2789,0.727923,MISS,,12341
2790,0.647882,MISS,,12210
2791,0.436162,MISS,,11687
2792,0.727899,MISS,,11897
2793,0.878373,HIT,false,12246
2794,0.476870,MISS,,12171
2795,0.436254,MISS,,12858
2796,0.901238,HIT,true,11733
2797,0.653437,MISS,,11472
2798,0.556342,MISS,,11597
2799,0.540750,MISS,,12985
2800,0.467999,MISS,,11723
2801,0.501930,MISS,,11840
2802,0.840977,MISS,,11642
2803,0.499638,MISS,,12109
2804,0.611058,MISS,,12169
2805,0.898674,HIT,true,11578
2806,0.869550,HIT,true,13996
2807,0.460877,MISS,,12434
2808,0.495574,MISS,,11491
2809,0.483498,MISS,,11497
2810,0.505268,MISS,,13249
2811,0.810460,MISS,,11839
2812,0.697165,MISS,,11620
2813,0.232204,MISS,,12435
2814,0.535851,MISS,,12067
2815,0.487476,MISS,,12123
2816,0.611894,MISS,,12008
2817,0.745805,MISS,,13450
2818,0.481034,MISS,,12149
2819,0.941155,HIT,true,11979
2820,0.491930,MISS,,12671
2821,0.320868,MISS,,12509
2822,0.919942,HIT,true,12130
2823,0.587477,MISS,,11740
2824,0.522155,MISS,,12809
2825,0.632809,MISS,,11530
2826,0.557803,MISS,,12471
2827,0.450499,MISS,,12193
2828,0.955872,HIT,true,13011
2829,0.705526,MISS,,12391
2830,0.586701,MISS,,11608
2831,0.731049,MISS,,12723
2832,0.752777,MISS,,11740
2833,0.527210,MISS,,12499
2834,0.503121,MISS,,11532
2835,0.770263,MISS,,12361
2836,0.435089,MISS,,11438
2837,0.798209,MISS,,11740
2838,0.717834,MISS,,12799
2839,0.715809,MISS,,12641
2840,0.495734,MISS,,12493
2841,0.826146,MISS,,11758
2842,0.708246,MISS,,12463
2843,0.826006,MISS,,11559
2844,0.465285,MISS,,11546
2845,0.486568,MISS,,11707
2846,0.316587,MISS,,12357
2847,0.921269,HIT,true,12531
2848,0.944609,HIT,true,11377
2849,0.885024,HIT,true,12233
2850,0.762535,MISS,,13285
2851,0.394529,MISS,,11838
2852,0.864550,HIT,true,12102
2853,0.383397,MISS,,11980
2854,0.969167,HIT,true,12553
2855,0.684979,MISS,,11526
2856,0.916307,HIT,true,11955
2857,0.337177,MISS,,12097
2858,0.857097,HIT,false,11683
2859,0.615473,MISS,,13173
2860,0.492291,MISS,,12847
2861,0.407982,MISS,,13049
2862,0.612543,MISS,,11696
2863,0.415666,MISS,,12831
2864,0.990448,HIT,true,11892
2865,0.535397,MISS,,12009
2866,0.664623,MISS,,12012
2867,0.905617,HIT,true,12887
2868,0.611209,MISS,,12927
2869,0.733547,MISS,,11456
2870,0.679565,MISS,,11734
2871,0.424548,MISS,,12712
2872,0.549322,MISS,,12392
2873,0.587172,MISS,,12255
2874,0.514993,MISS,,12734
2875,0.320626,MISS,,11983
2876,0.969052,HIT,true,11778
2877,0.549045,MISS,,11669
2878,0.890001,HIT,true,11911
2879,0.715912,MISS,,11830
2880,0.314108,MISS,,12047
2881,0.541672,MISS,,12574
2882,0.990134,HIT,true,12956
2883,0.648490,MISS,,12103
2884,0.693148,MISS,,11560
2885,0.578776,MISS,,12316
2886,0.438143,MISS,,11684
2887,0.520115,MISS,,13567
2888,0.879394,HIT,false,12332
2889,0.456320,MISS,,12414
2890,0.567980,MISS,,11388
2891,0.582572,MISS,,11539
2892,0.731659,MISS,,11650
2893,0.527517,MISS,,13200
2894,0.877711,HIT,true,12776
2895,0.593850,MISS,,11608
2896,0.571391,MISS,,11722
2897,0.507143,MISS,,12179
2898,0.506303,MISS,,11725
2899,0.919019,HIT,true,11946
2900,0.502454,MISS,,12253
2901,0.505789,MISS,,11952
2902,0.987253,HIT,true,12595
2903,0.435814,MISS,,11890
2904,0.357818,MISS,,13148
2905,0.818751,MISS,,11788
2906,0.553125,MISS,,12272
2907,0.963079,HIT,true,12180
2908,0.861661,HIT,false,12696
2909,0.527826,MISS,,11685
2910,0.578124,MISS,,12314
2911,0.532203,MISS,,13703
2912,0.675562,MISS,,13302
2913,0.576776,MISS,,12288
2914,0.563859,MISS,,14495
2915,0.384032,MISS,,12208
2916,0.798460,MISS,,13237
2917,0.311222,MISS,,12631
2918,0.417740,MISS,,12483
2919,0.724853,MISS,,11978
2920,0.432612,MISS,,12386
2921,0.812835,MISS,,11588
2922,0.446500,MISS,,12251
2923,0.535988,MISS,,11597
2924,0.499877,MISS,,11647
2925,0.577484,MISS,,11859
2926,0.444785,MISS,,14427
2927,0.536623,MISS,,12641
2928,0.660899,MISS,,11948
2929,0.524517,MISS,,11738
2930,0.545885,MISS,,12187
2931,0.753942,MISS,,11756
2932,0.306756,MISS,,11553
2933,0.456929,MISS,,11995
2934,0.675512,MISS,,12590
2935,0.469492,MISS,,13024
2936,0.420535,MISS,,12724
2937,0.444466,MISS,,13390
2938,0.663234,MISS,,12003
2939,0.676638,MISS,,11647
2940,0.462968,MISS,,12872
2941,0.891461,HIT,false,12269
2942,0.740727,MISS,,12218
2943,0.461491,MISS,,11846
2944,0.476067,MISS,,12124
2945,0.298139,MISS,,12011
2946,0.615656,MISS,,13175
2947,0.471944,MISS,,15937
2948,0.696223,MISS,,13790
2949,0.844777,MISS,,13593
2950,0.469835,MISS,,13989
2951,0.487629,MISS,,11736
2952,0.915254,HIT,true,14640
2953,0.422152,MISS,,15402
2954,0.477188,MISS,,14266
2955,0.621964,MISS,,15829
2956,0.996860,HIT,true,15408
2957,0.763181,MISS,,15856
2958,0.945486,HIT,true,19208
2959,0.724532,MISS,,12674
2960,0.671606,MISS,,11166
2961,0.973962,HIT,true,12285
2962,0.428348,MISS,,12710
2963,0.609128,MISS,,14172
2964,0.550723,MISS,,13671
2965,0.456404,MISS,,12969
2966,0.412603,MISS,,14020
2967,0.527833,MISS,,12864
2968,0.845814,MISS,,11985
2969,0.653149,MISS,,11738
2970,0.629645,MISS,,12699
2971,0.705500,MISS,,12906
2972,0.424769,MISS,,11787
2973,0.546630,MISS,,13578
2974,0.462759,MISS,,13066
2975,0.502929,MISS,,12979
2976,0.739994,MISS,,11668
2977,0.919521,HIT,true,14539
2978,0.594419,MISS,,12438
2979,0.538057,MISS,,12936
2980,0.459824,MISS,,13358
2981,0.928618,HIT,true,11731
2982,0.407578,MISS,,12377
2983,0.985703,HIT,true,12822
2984,0.274181,MISS,,12554
2985,0.722782,MISS,,11819
2986,0.448895,MISS,,11499
2987,0.400297,MISS,,12194
2988,0.817215,MISS,,13163
2989,0.551834,MISS,,12047
2990,0.365219,MISS,,12413
2991,0.392367,MISS,,11690
2992,0.871802,HIT,true,11773
2993,0.423853,MISS,,11960
2994,0.880763,HIT,true,13135
2995,0.939445,HIT,true,11224
2996,0.628190,MISS,,12153
2997,0.987303,HIT,true,14686
2998,0.889318,HIT,true,11613
2999,0.470998,MISS,,12990
3000,0.764422,MISS,,12147
3001,0.377516,MISS,,11940
3002,0.702273,MISS,,11210
3003,0.589985,MISS,,11730
3004,0.761193,MISS,,12760
3005,0.573276,MISS,,11559
3006,0.565815,MISS,,11572
3007,0.452251,MISS,,11921
3008,0.614565,MISS,,12215
3009,0.618319,MISS,,11473
3010,0.685211,MISS,,13350
3011,0.911050,HIT,true,12313
3012,0.875421,HIT,true,12087
3013,0.939633,HIT,true,11678
3014,0.562465,MISS,,11583
3015,0.593586,MISS,,12525
3016,0.585832,MISS,,11588
3017,0.693651,MISS,,12358
3018,0.600501,MISS,,11977
3019,0.515843,MISS,,11634
3020,0.910771,HIT,false,12039
3021,0.563136,MISS,,14519
3022,0.833383,MISS,,12125
3023,0.447374,MISS,,12012
3024,0.520033,MISS,,12183
3025,0.998874,HIT,true,12282
3026,0.736602,MISS,,12987
3027,0.351298,MISS,,11591
3028,0.549151,MISS,,12018
3029,0.558860,MISS,,12397
3030,0.588980,MISS,,12442
3031,0.513848,MISS,,11806
3032,0.762388,MISS,,13667
3033,0.550619,MISS,,12347
3034,0.468777,MISS,,11762
3035,0.950108,HIT,true,11717
3036,0.606062,MISS,,12394
3037,0.951011,HIT,true,14169
3038,0.421824,MISS,,15976
3039,0.990201,HIT,true,18206
3040,0.499559,MISS,,20107
3041,0.436943,MISS,,19293
3042,0.606631,MISS,,17279
3043,0.469498,MISS,,15058
3044,0.291990,MISS,,15425
3045,0.639963,MISS,,17927
3046,0.919954,HIT,true,19060
3047,0.563175,MISS,,14443
3048,0.683011,MISS,,13151
3049,0.940762,HIT,true,14480
3050,0.649423,MISS,,14094
3051,0.751446,MISS,,13882
3052,0.858781,HIT,true,13596
3053,0.734716,MISS,,14287
3054,0.799981,MISS,,13934
3055,0.863273,HIT,true,12431
3056,0.763914,MISS,,13605
3057,0.465644,MISS,,12836
3058,0.622102,MISS,,14844
3059,0.927635,HIT,true,14308
3060,0.955569,HIT,true,11965
3061,0.510426,MISS,,12514
3062,0.577896,MISS,,12599
3063,0.823509,MISS,,12261
3064,0.766038,MISS,,11810
3065,0.947717,HIT,true,12791
3066,0.408507,MISS,,13187
3067,0.376827,MISS,,12649
3068,0.603337,MISS,,11692
3069,0.977668,HIT,true,14640
3070,0.296441,MISS,,22510
3071,0.867782,HIT,false,22777
3072,0.625272,MISS,,12005
3073,0.543116,MISS,,11811
3074,0.508711,MISS,,12375
3075,0.625709,MISS,,11770
3076,0.931639,HIT,true,11503
3077,0.462870,MISS,,13414
3078,0.545741,MISS,,12388
3079,0.613661,MISS,,13399
3080,0.523680,MISS,,12929
3081,0.531902,MISS,,13857
3082,0.421699,MISS,,13296
3083,0.497004,MISS,,25033
3084,0.731762,MISS,,12331
3085,0.880038,HIT,true,13468
3086,0.448059,MISS,,13280
3087,0.469471,MISS,,14082
3088,0.358414,MISS,,14328
3089,0.446451,MISS,,13151
3090,0.652566,MISS,,12726
3091,0.635117,MISS,,12491
3092,0.486394,MISS,,13701
3093,0.538305,MISS,,12127
3094,0.408697,MISS,,14150
3095,0.546230,MISS,,13665
3096,0.448366,MISS,,13592
3097,0.596381,MISS,,12938
3098,0.670487,MISS,,13228
3099,0.493485,MISS,,12765
3100,0.546443,MISS,,13763
3101,0.982483,HIT,true,12681
3102,0.596833,MISS,,12758
3103,0.649190,MISS,,15215
3104,0.533799,MISS,,13816
3105,0.392346,MISS,,13247
3106,0.820690,MISS,,13064
3107,0.872040,HIT,false,15144
3108,0.841168,MISS,,13885
3109,0.491215,MISS,,13137
3110,0.565306,MISS,,12871
3111,0.780622,MISS,,12923
3112,0.586631,MISS,,12172
3113,0.478635,MISS,,13360
3114,0.497107,MISS,,11980
3115,0.442859,MISS,,12865
3116,0.492636,MISS,,12078
3117,0.464867,MISS,,11944
3118,0.809181,MISS,,13064
3119,0.578781,MISS,,12628
3120,0.818598,MISS,,12210
3121,0.825279,MISS,,12448
3122,0.414821,MISS,,11437
3123,0.734680,MISS,,13938
3124,0.938883,HIT,true,12837
3125,0.931246,HIT,true,14044
3126,0.831040,MISS,,14382
3127,0.671798,MISS,,13883
3128,0.879304,HIT,true,13384
3129,0.968264,HIT,true,14277
3130,0.494477,MISS,,14505
3131,0.438651,MISS,,13406
3132,0.622980,MISS,,14316
3133,0.512459,MISS,,12802
3134,0.554651,MISS,,11797
3135,0.935225,HIT,true,12402
3136,0.813797,MISS,,11887
3137,0.489549,MISS,,11795
3138,0.851521,HIT,true,13454
3139,0.881513,HIT,true,11997
3140,0.542291,MISS,,11988
3141,0.435638,MISS,,11619
3142,0.764647,MISS,,11899
3143,0.979439,HIT,true,11865
3144,0.901592,HIT,true,11405
3145,0.860071,HIT,true,12313
3146,0.513319,MISS,,11929
3147,0.798986,MISS,,12333
3148,0.965895,HIT,true,11763
3149,0.413495,MISS,,13295
3150,0.616579,MISS,,12075
3151,0.439717,MISS,,12005
3152,0.532078,MISS,,12129
3153,0.385604,MISS,,12164
3154,0.613856,MISS,,11806
3155,0.980642,HIT,true,11999
3156,0.450299,MISS,,12814
3157,0.511732,MISS,,15256
3158,0.540732,MISS,,15859
3159,0.674177,MISS,,15291
3160,0.375554,MISS,,17160
3161,0.484910,MISS,,15115
3162,0.692905,MISS,,14866
3163,0.858108,HIT,true,11672
3164,0.431354,MISS,,13587
3165,0.384032,MISS,,12343
3166,0.516573,MISS,,13087
3167,0.840164,MISS,,12867
3168,0.594569,MISS,,13404
3169,0.499738,MISS,,13769
3170,0.419171,MISS,,12829
3171,0.387444,MISS,,11947
3172,0.683835,MISS,,13348
3173,0.946490,HIT,true,12339
3174,0.583756,MISS,,12196
3175,0.871448,HIT,false,11640
3176,0.548401,MISS,,12792
3177,0.657332,MISS,,13890
3178,0.873061,HIT,true,12524
3179,0.475815,MISS,,12423
3180,0.487822,MISS,,13450
3181,0.598132,MISS,,13060
3182,0.645731,MISS,,12789
3183,0.931939,HIT,false,12762
3184,0.636858,MISS,,11657
3185,0.595150,MISS,,11485
3186,0.970454,HIT,false,12028
3187,0.591072,MISS,,11655
3188,0.825623,MISS,,12149
3189,0.607843,MISS,,12141
3190,0.616676,MISS,,12786
3191,0.688701,MISS,,12702
3192,0.822828,MISS,,12582
3193,0.495233,MISS,,11684
3194,0.977509,HIT,true,12351
3195,0.411968,MISS,,12328
3196,0.814393,MISS,,11955
3197,0.484279,MISS,,12943
3198,0.423082,MISS,,11890
3199,0.690405,MISS,,12035
3200,0.720642,MISS,,11852
3201,0.670071,MISS,,12139
3202,0.532025,MISS,,13611
3203,0.931380,HIT,true,12275
3204,0.676975,MISS,,12236
3205,0.869232,HIT,true,11637
3206,0.612494,MISS,,12484
3207,0.397970,MISS,,12921
3208,0.733781,MISS,,11585
3209,0.503094,MISS,,11855
3210,0.878894,HIT,true,12911
3211,0.464034,MISS,,12799
3212,0.492428,MISS,,14436
3213,0.433676,MISS,,12053
3214,0.996707,HIT,true,13468
3215,0.336933,MISS,,11893
3216,0.995778,HIT,true,11709
3217,0.706989,MISS,,12316
3218,0.537533,MISS,,14091
3219,0.879407,HIT,true,12393
3220,0.873068,HIT,true,12183
3221,0.521030,MISS,,11998
3222,0.931407,HIT,true,12429
3223,0.621249,MISS,,13822
3224,0.593424,MISS,,11692
3225,0.375748,MISS,,12119
3226,0.444082,MISS,,12815
3227,0.451080,MISS,,11984
3228,0.537740,MISS,,12081
3229,0.622261,MISS,,12034
3230,0.733523,MISS,,13153
3231,0.539170,MISS,,11742
3232,0.972924,HIT,true,11644
3233,0.863452,HIT,true,13038
3234,0.853329,HIT,true,12484
3235,0.585790,MISS,,12774
3236,0.521520,MISS,,13026
3237,0.584085,MISS,,12310
3238,0.586642,MISS,,12693
3239,0.941643,HIT,true,11329
3240,0.732379,MISS,,11944
3241,0.421557,MISS,,11615
3242,0.499861,MISS,,12113
3243,0.545837,MISS,,12741
3244,0.553169,MISS,,11706
3245,0.929104,HIT,true,17566
3246,0.542631,MISS,,14356
3247,0.877471,HIT,true,12943
3248,0.420280,MISS,,12034
3249,0.557692,MISS,,12865
3250,0.927681,HIT,true,13162
3251,0.934599,HIT,true,11717
3252,0.453448,MISS,,11895
3253,0.516885,MISS,,13927
3254,0.955919,HIT,true,12199
3255,0.927498,HIT,true,12755
3256,0.804025,MISS,,12882
3257,0.697001,MISS,,12721
3258,0.688693,MISS,,11539
3259,0.640396,MISS,,11694
3260,0.290493,MISS,,12274
3261,0.532164,MISS,,11842
3262,0.982803,HIT,true,12093
3263,0.668210,MISS,,12435
3264,0.795538,MISS,,11818
3265,0.487946,MISS,,13883
3266,0.604612,MISS,,11589
3267,0.948303,HIT,true,11925
3268,0.849072,MISS,,12693
3269,0.502465,MISS,,12682
3270,0.441658,MISS,,13429
3271,0.836523,MISS,,11484
3272,0.564515,MISS,,12202
3273,0.399183,MISS,,12414
3274,0.418213,MISS,,11655
3275,0.890099,HIT,true,12413
3276,0.575634,MISS,,14025
3277,0.586613,MISS,,11994
3278,0.935989,HIT,true,11979
3279,0.675311,MISS,,12738
3280,0.425432,MISS,,12195
3281,0.839217,MISS,,12312
3282,0.569515,MISS,,13306
3283,0.955006,HIT,true,14438
3284,0.647361,MISS,,15462
3285,0.453674,MISS,,14575
3286,0.649514,MISS,,15524
3287,0.689642,MISS,,14823
3288,0.952679,HIT,true,12859
3289,0.592551,MISS,,12704
3290,0.969980,HIT,true,13253
3291,0.630162,MISS,,12900
3292,0.439971,MISS,,14265
3293,0.511935,MISS,,12918
3294,0.853670,HIT,true,15609
3295,0.718503,MISS,,13963
3296,0.906341,HIT,true,14574
3297,0.641167,MISS,,13604
3298,0.489911,MISS,,12019
3299,0.478713,MISS,,12363
3300,0.688069,MISS,,12863
3301,0.508849,MISS,,12818
3302,0.516826,MISS,,11760
3303,0.826604,MISS,,12442
3304,0.675794,MISS,,11639
3305,0.959777,HIT,true,11905
3306,0.724439,MISS,,13124
3307,0.832509,MISS,,13011
3308,0.992567,HIT,true,12670
3309,0.612919,MISS,,12118
3310,0.384036,MISS,,11863
3311,0.470219,MISS,,11647
3312,0.610256,MISS,,11668
3313,0.457455,MISS,,11585
3314,0.506236,MISS,,12963
3315,0.670894,MISS,,11676
3316,0.584755,MISS,,14182
3317,0.433675,MISS,,17604
3318,0.521758,MISS,,12434
3319,0.676631,MISS,,12380
3320,0.536974,MISS,,13163
3321,0.952279,HIT,true,12671
3322,0.948028,HIT,true,11713
3323,0.522186,MISS,,12711
3324,0.671756,MISS,,12272
3325,0.651561,MISS,,12689
3326,0.956749,HIT,true,13925
3327,0.711065,MISS,,13029
3328,0.783918,MISS,,11961
3329,0.491538,MISS,,11750
3330,0.852084,HIT,true,11911
3331,0.575343,MISS,,11998
3332,0.409514,MISS,,11827
3333,0.685963,MISS,,12242
3334,0.884541,HIT,true,13113
3335,0.398047,MISS,,12563
3336,0.541547,MISS,,11808
3337,0.698552,MISS,,12713
3338,0.857875,HIT,true,12060
3339,0.988201,HIT,false,12176
3340,0.519225,MISS,,12207
3341,0.928336,HIT,true,11766
3342,0.395841,MISS,,13163
3343,0.405437,MISS,,12160
3344,0.488104,MISS,,11864
3345,0.552678,MISS,,11746
3346,0.497657,MISS,,12575
3347,0.672577,MISS,,11806
3348,0.444004,MISS,,13755
3349,0.643187,MISS,,11990
3350,0.586690,MISS,,11732
3351,0.592333,MISS,,11579
3352,0.502968,MISS,,12097
3353,0.539217,MISS,,12539
3354,0.859415,HIT,true,11863
3355,0.785053,MISS,,11958
3356,0.633175,MISS,,12456
3357,0.849904,MISS,,12072
3358,0.946284,HIT,true,11897
3359,0.975970,HIT,true,12413
3360,0.767660,MISS,,13536
3361,0.669118,MISS,,12005
3362,0.412372,MISS,,12224
3363,0.854256,HIT,true,11652
3364,0.600082,MISS,,13103
3365,0.581274,MISS,,11733
3366,0.925276,HIT,true,12427
3367,0.477501,MISS,,12030
3368,0.971691,HIT,true,12484
3369,0.746637,MISS,,11645
3370,0.505100,MISS,,12390
3371,0.892796,HIT,true,12443
3372,0.652116,MISS,,12232
3373,0.515751,MISS,,12565
3374,0.597349,MISS,,11740
3375,0.492039,MISS,,11974
3376,0.790416,MISS,,12866
3377,0.359563,MISS,,12809
3378,0.871546,HIT,true,11998
3379,0.504278,MISS,,11723
3380,0.984890,HIT,true,12218
3381,0.909197,HIT,true,12697
3382,0.530816,MISS,,13145
3383,0.496013,MISS,,13952
3384,0.623817,MISS,,11702
3385,0.352841,MISS,,12164
3386,0.600449,MISS,,13411
3387,0.859555,HIT,true,12464
3388,0.565610,MISS,,12022
3389,0.945071,HIT,true,12197
3390,0.531852,MISS,,11976
3391,0.976488,HIT,true,12407
3392,0.507213,MISS,,13582
3393,0.621786,MISS,,12528
3394,0.952848,HIT,false,11975
3395,0.680643,MISS,,11685
3396,0.405826,MISS,,12076
3397,0.499916,MISS,,11910
3398,0.440643,MISS,,11975
3399,0.838548,MISS,,11931
3400,0.570673,MISS,,12714
3401,0.710295,MISS,,13149
3402,0.943374,HIT,true,11762
3403,0.650599,MISS,,13384
3404,0.542065,MISS,,11944
3405,0.588246,MISS,,11739
3406,0.412805,MISS,,12783
3407,0.510058,MISS,,14192
3408,0.454095,MISS,,12461
3409,0.361009,MISS,,12337
3410,0.476098,MISS,,11926
3411,0.892988,HIT,false,21858
3412,0.500811,MISS,,13491
3413,0.970514,HIT,true,12283
3414,0.466223,MISS,,12239
3415,0.488425,MISS,,12455
3416,0.601126,MISS,,11895
3417,0.496736,MISS,,11594
3418,0.956572,HIT,true,12079
3419,0.429086,MISS,,12592
3420,0.783844,MISS,,11601
3421,0.549404,MISS,,11975
3422,0.660061,MISS,,12422
3423,0.607301,MISS,,11922
3424,0.600208,MISS,,13777
3425,0.620742,MISS,,12694
3426,0.641104,MISS,,12360
3427,0.901864,HIT,false,11571
3428,0.499601,MISS,,11915
3429,0.603292,MISS,,11787
3430,0.544856,MISS,,11951
3431,0.919994,HIT,true,12190
3432,0.962420,HIT,false,12450
3433,0.520804,MISS,,11944
3434,0.705389,MISS,,12237
3435,0.499389,MISS,,12746
3436,0.897831,HIT,true,11981
3437,0.658462,MISS,,11879
3438,0.595414,MISS,,12049
3439,0.693868,MISS,,12366
3440,0.420586,MISS,,12090
3441,0.867456,HIT,true,11698
3442,0.620185,MISS,,12056
3443,0.566163,MISS,,11945
3444,0.631015,MISS,,12349
3445,0.567069,MISS,,13839
3446,0.549092,MISS,,12366
3447,0.217441,MISS,,11768
3448,0.639349,MISS,,11716
3449,0.668103,MISS,,12115
3450,0.530360,MISS,,11829
3451,0.585738,MISS,,12012
3452,0.993879,HIT,true,12339
3453,0.417114,MISS,,12304
3454,0.527455,MISS,,12774
3455,0.626208,MISS,,11599
3456,0.608959,MISS,,13317
3457,0.741762,MISS,,12163
3458,0.501304,MISS,,12786
3459,0.552082,MISS,,12804
3460,0.860117,HIT,true,13899
3461,0.333361,MISS,,12992
3462,0.563454,MISS,,12273
3463,0.422527,MISS,,11797
3464,0.678169,MISS,,11805
3465,0.599603,MISS,,12926
3466,0.435717,MISS,,12043
3467,0.460517,MISS,,13453
3468,0.412427,MISS,,12269
3469,0.805203,MISS,,12189
3470,0.552405,MISS,,12189
3471,0.469352,MISS,,11945
3472,0.850683,HIT,true,12689
3473,0.860134,HIT,true,12649
3474,0.560941,MISS,,11769
3475,0.692854,MISS,,11985
3476,0.597111,MISS,,12043
3477,0.552879,MISS,,13080
3478,0.701151,MISS,,12124
3479,0.514173,MISS,,12374
3480,0.353516,MISS,,11794
3481,0.481972,MISS,,11892
3482,0.516276,MISS,,12223
3483,0.633571,MISS,,11912
3484,0.565865,MISS,,12072
3485,0.715455,MISS,,12059
3486,0.484022,MISS,,12398
3487,0.443079,MISS,,12312
3488,0.678931,MISS,,13080
3489,0.935743,HIT,true,11874
3490,0.438274,MISS,,11912
3491,0.356386,MISS,,12067
3492,0.629386,MISS,,12192
3493,0.582658,MISS,,12278
3494,0.705758,MISS,,12018
3495,0.968406,HIT,true,11798
3496,0.974202,HIT,true,12161
3497,0.536379,MISS,,11898
3498,0.515532,MISS,,11907
3499,0.629830,MISS,,13564
3500,0.894210,HIT,false,13777
3501,0.845441,MISS,,11819
3502,0.633184,MISS,,11857
3503,0.531034,MISS,,11686
3504,0.581017,MISS,,12085
3505,0.574694,MISS,,11782
3506,0.828216,MISS,,12684
3507,0.843627,MISS,,12644
3508,0.424555,MISS,,12164
3509,0.842279,MISS,,11999
3510,0.349216,MISS,,13535
3511,0.589305,MISS,,11989
3512,0.470874,MISS,,12972
3513,0.951566,HIT,true,11766
3514,0.849705,MISS,,11624
3515,0.509540,MISS,,12897
3516,0.989192,HIT,true,14208
3517,0.824644,MISS,,13069
3518,0.598136,MISS,,16571
3519,0.403403,MISS,,16053
3520,0.585072,MISS,,13175
3521,0.701008,MISS,,12890
3522,0.933070,HIT,true,12524
3523,0.801843,MISS,,12225
3524,0.703665,MISS,,11796
3525,0.586588,MISS,,17566
3526,0.591647,MISS,,12052
3527,0.545821,MISS,,12194
3528,0.962944,HIT,true,11774
3529,0.534851,MISS,,11852
3530,0.495846,MISS,,12673
3531,0.920802,HIT,false,13193
3532,0.871516,HIT,false,11668
3533,0.907224,HIT,true,11710
3534,0.779205,MISS,,11667
3535,0.663452,MISS,,11519
3536,0.710986,MISS,,12104
3537,0.462779,MISS,,11651
3538,0.400496,MISS,,12430
3539,0.535225,MISS,,11838
3540,0.784263,MISS,,12330
3541,0.534196,MISS,,13169
3542,0.769304,MISS,,11979
3543,0.548081,MISS,,11898
3544,0.441604,MISS,,12084
3545,0.372183,MISS,,12718
3546,0.971230,HIT,true,11664
3547,0.446676,MISS,,11849
3548,0.824062,MISS,,11921
3549,0.471305,MISS,,11871
3550,0.862239,HIT,false,12180
3551,0.497614,MISS,,12051
3552,0.352275,MISS,,13787
3553,0.364440,MISS,,11868
3554,0.762484,MISS,,12068
3555,0.787026,MISS,,11895
3556,0.790503,MISS,,12278
3557,0.987639,HIT,true,11953
3558,0.582858,MISS,,12821
3559,0.643731,MISS,,11731
3560,0.915392,HIT,true,11870
3561,0.533380,MISS,,11699
3562,0.502483,MISS,,12488
3563,0.585951,MISS,,13251
3564,0.724295,MISS,,12071
3565,0.618334,MISS,,12638
3566,0.351082,MISS,,12399
3567,0.391696,MISS,,11663
3568,0.987870,HIT,true,11949
3569,0.993375,HIT,true,12268
3570,0.448071,MISS,,12385
3571,0.579769,MISS,,11837
3572,0.367263,MISS,,12994
3573,0.600589,MISS,,11714
3574,0.797788,MISS,,13605
3575,0.941998,HIT,true,12076
3576,0.481320,MISS,,11932
3577,0.867711,HIT,true,11853
3578,0.618372,MISS,,12674
3579,0.318367,MISS,,12737
3580,0.837713,MISS,,12291
3581,0.933582,HIT,true,12049
3582,0.858472,HIT,true,12842
3583,0.557607,MISS,,12115
3584,0.697813,MISS,,12806
3585,0.544247,MISS,,13695
3586,0.933815,HIT,true,11869
3587,0.536776,MISS,,12441
3588,0.566284,MISS,,11874
3589,0.611589,MISS,,12033
3590,0.763095,MISS,,12131
3591,0.683619,MISS,,13060
3592,0.892509,HIT,true,13279
3593,0.939479,HIT,true,11991
3594,0.387306,MISS,,12567
3595,0.730405,MISS,,12424
3596,0.854772,HIT,true,13109
3597,0.809642,MISS,,11964
3598,0.488058,MISS,,12787
3599,0.493491,MISS,,11975
3600,0.552571,MISS,,12184
3601,0.663655,MISS,,11586
3602,0.607490,MISS,,12231
3603,0.822951,MISS,,11938
3604,0.509989,MISS,,12304
3605,0.889474,HIT,true,12951
3606,0.893988,HIT,true,12076
3607,0.637851,MISS,,13371
3608,0.648278,MISS,,12268
3609,0.670021,MISS,,12524
3610,0.561872,MISS,,11908
3611,0.829564,MISS,,12016
3612,0.758414,MISS,,12574
3613,0.500357,MISS,,12076
3614,0.918588,HIT,true,11808
3615,0.693137,MISS,,11685
3616,0.423772,MISS,,11951
3617,0.926515,HIT,true,12604
3618,0.737693,MISS,,14222
3619,0.531084,MISS,,11697
3620,0.329292,MISS,,11939
3621,0.610259,MISS,,12337
3622,0.747836,MISS,,12169
3623,0.591460,MISS,,11679
3624,0.732292,MISS,,12046
3625,0.802270,MISS,,13200
3626,0.396981,MISS,,11942
3627,0.541588,MISS,,11959
3628,0.475323,MISS,,13088
3629,0.708197,MISS,,12574
3630,0.917103,HIT,true,11834
3631,0.880177,HIT,true,12672
3632,0.886123,HIT,true,12449
3633,0.688264,MISS,,12176
3634,0.744177,MISS,,12179
3635,0.644620,MISS,,11657
3636,0.821937,MISS,,11988
3637,0.957673,HIT,true,11842
3638,0.275247,MISS,,13145
3639,0.414011,MISS,,12108
3640,0.513412,MISS,,13295
3641,0.329111,MISS,,12363
3642,0.524048,MISS,,12429
3643,0.565129,MISS,,12156
3644,0.554295,MISS,,11821
3645,0.445916,MISS,,12772
3646,0.698344,MISS,,11658
3647,0.517139,MISS,,11717
3648,0.855043,HIT,true,11946
3649,0.728183,MISS,,12163
3650,0.530111,MISS,,12663
3651,0.970613,HIT,true,12300
3652,0.516778,MISS,,12659
3653,0.568444,MISS,,12320
3654,0.737397,MISS,,12332
3655,0.687580,MISS,,11614
3656,0.741576,MISS,,12342
3657,0.706122,MISS,,12407
3658,0.387976,MISS,,12172
3659,0.597456,MISS,,11707
3660,0.690070,MISS,,11935
3661,0.871751,HIT,true,13689
3662,0.573298,MISS,,12444
3663,0.844778,MISS,,12304
3664,0.523205,MISS,,11711
3665,0.893882,HIT,true,13224
3666,0.807759,MISS,,11623
3667,0.992641,HIT,true,11970
3668,0.354202,MISS,,11762
3669,0.564411,MISS,,12231
3670,0.601916,MISS,,13389
3671,0.459256,MISS,,17153
3672,0.472945,MISS,,16186
3673,0.414608,MISS,,12701
3674,0.482711,MISS,,12967
3675,0.583983,MISS,,11498
3676,0.607021,MISS,,13365
3677,0.897255,HIT,true,12629
3678,0.811588,MISS,,13151
3679,0.858747,HIT,true,11703
3680,0.811491,MISS,,12299
3681,0.610266,MISS,,12741
3682,0.818610,MISS,,13789
3683,0.513117,MISS,,12048
3684,0.860818,HIT,true,13115
3685,0.488883,MISS,,12510
3686,0.842368,MISS,,12611
3687,0.457569,MISS,,11871
3688,0.690707,MISS,,11909
3689,0.593292,MISS,,11784
3690,0.662828,MISS,,12859
3691,0.542033,MISS,,12453
3692,0.455695,MISS,,12169
3693,0.791926,MISS,,13044
3694,0.686920,MISS,,11921
3695,0.432004,MISS,,12080
3696,0.415657,MISS,,12131
3697,0.794421,MISS,,12514
3698,0.720158,MISS,,12017
3699,0.834171,MISS,,12179
3700,0.409408,MISS,,13669
3701,0.751300,MISS,,12788
3702,0.881697,HIT,false,12110
3703,0.514180,MISS,,14118
3704,0.454455,MISS,,12609
3705,0.592425,MISS,,12718
3706,0.680567,MISS,,12653
3707,0.455648,MISS,,12987
3708,0.721600,MISS,,12262
3709,0.403799,MISS,,11927
3710,0.887117,HIT,true,12864
3711,0.400870,MISS,,13150
3712,0.592507,MISS,,11843
3713,0.528758,MISS,,13398
3714,0.983880,HIT,true,11822
3715,0.943988,HIT,true,12454
3716,0.505436,MISS,,12108
3717,0.856160,HIT,true,12609
3718,0.509844,MISS,,11917
3719,0.965240,HIT,true,12160
3720,0.543106,MISS,,12136
3721,0.368200,MISS,,11833
3722,0.910278,HIT,true,11886
3723,0.321685,MISS,,12364
3724,0.486927,MISS,,13988
3725,0.572642,MISS,,12198
3726,0.904821,HIT,true,12133
3727,0.550736,MISS,,12234
3728,0.699150,MISS,,12023
3729,0.979103,HIT,true,11602
3730,0.392949,MISS,,12441
3731,0.712251,MISS,,14408
3732,0.804495,MISS,,11598
3733,0.538116,MISS,,11795
3734,0.486410,MISS,,11663
3735,0.527895,MISS,,14081
3736,0.528920,MISS,,11847
3737,0.983602,HIT,true,12755
3738,0.418726,MISS,,12114
3739,0.551282,MISS,,12033
3740,0.973267,HIT,true,12265
3741,0.554582,MISS,,11762
3742,0.821317,MISS,,12660
3743,0.943184,HIT,true,12168
3744,0.454506,MISS,,12886
3745,0.749340,MISS,,26204
3746,0.584202,MISS,,12275
3747,0.720236,MISS,,12340
3748,0.894909,HIT,false,11984
3749,0.472429,MISS,,12369
3750,0.783749,MISS,,11765
3751,0.895206,HIT,true,12579
3752,0.734004,MISS,,12195
3753,0.402984,MISS,,11661
3754,0.974566,HIT,true,11730
3755,0.636601,MISS,,11931
3756,0.859722,HIT,true,14457
3757,0.554970,MISS,,12055
3758,0.930357,HIT,true,11936
3759,0.925746,HIT,true,12226
3760,0.669273,MISS,,12144
3761,0.776210,MISS,,11870
3762,0.504031,MISS,,11771
3763,0.965887,HIT,true,12588
3764,0.549871,MISS,,11785
3765,0.556640,MISS,,12324
3766,0.480452,MISS,,11999
3767,0.896079,HIT,true,13711
3768,0.987903,HIT,true,12270
3769,0.669526,MISS,,13197
3770,0.420114,MISS,,12276
3771,0.845669,MISS,,12337
3772,0.986927,HIT,true,12160
3773,0.812805,MISS,,12653
3774,0.875352,HIT,true,12160
3775,0.380065,MISS,,18709
3776,0.573131,MISS,,14427
3777,0.473803,MISS,,12819
3778,0.922894,HIT,true,12336
3779,0.411803,MISS,,11762
3780,0.470418,MISS,,12495
3781,0.943354,HIT,true,12002
3782,0.946782,HIT,true,12833
3783,0.444076,MISS,,12188
3784,0.875279,HIT,true,11966
3785,0.975113,HIT,true,11935
3786,0.381965,MISS,,12248
3787,0.628156,MISS,,12528
3788,0.582595,MISS,,13145
3789,0.418028,MISS,,12895
3790,0.511816,MISS,,12456
3791,0.640874,MISS,,13385
3792,0.397040,MISS,,12076
3793,0.613163,MISS,,12150
3794,0.620624,MISS,,12694
3795,0.771263,MISS,,12515
3796,0.602617,MISS,,15439
3797,0.564066,MISS,,11734
3798,0.475719,MISS,,12665
3799,0.393104,MISS,,13029
3800,0.565936,MISS,,11836
3801,0.876224,HIT,true,11706
3802,0.889135,HIT,true,12769
3803,0.942533,HIT,true,11695
3804,0.937599,HIT,true,11660
3805,0.810436,MISS,,12078
3806,0.414775,MISS,,12322
3807,0.848703,MISS,,11766
3808,0.444572,MISS,,11988
3809,0.397502,MISS,,12592
3810,0.633663,MISS,,12622
3811,0.442190,MISS,,13564
3812,0.464648,MISS,,12060
3813,0.967009,HIT,true,11847
3814,0.942438,HIT,true,12515
3815,0.874419,HIT,true,12339
3816,0.893636,HIT,true,11707
3817,0.541426,MISS,,11947
3818,0.536074,MISS,,11876
3819,0.633935,MISS,,12371
3820,0.909623,HIT,true,13215
3821,0.660288,MISS,,12196
3822,0.844749,MISS,,12814
3823,0.525946,MISS,,12441
3824,0.890296,HIT,false,11998
3825,0.812353,MISS,,12646
3826,0.426833,MISS,,11837
3827,0.842648,MISS,,13082
3828,0.640729,MISS,,12449
3829,0.812764,MISS,,12685
3830,0.542059,MISS,,11908
3831,0.836505,MISS,,13616
3832,0.419627,MISS,,12105
3833,0.754865,MISS,,12760
3834,0.681576,MISS,,12090
3835,0.621046,MISS,,13783
3836,0.501739,MISS,,11889
3837,0.327600,MISS,,11584
3838,0.672872,MISS,,12169
3839,0.698413,MISS,,11955
3840,0.473113,MISS,,11855
3841,0.718295,MISS,,11848
3842,0.814078,MISS,,14230
3843,0.990757,HIT,true,11811
3844,0.502657,MISS,,11767
3845,0.463044,MISS,,12295
3846,0.382145,MISS,,12148
3847,0.741359,MISS,,11922
3848,0.414068,MISS,,11953
3849,0.899870,HIT,true,12716
3850,0.847974,MISS,,12624
3851,0.481318,MISS,,11649
3852,0.739231,MISS,,12792
3853,0.525869,MISS,,13669
3854,0.410487,MISS,,12008
3855,0.943355,HIT,true,12466
3856,0.376877,MISS,,11881
3857,0.530596,MISS,,12287
3858,0.865638,HIT,true,14203
3859,0.647490,MISS,,11804
3860,0.600211,MISS,,12319
3861,0.410095,MISS,,12763
3862,0.369474,MISS,,12517
3863,0.685843,MISS,,12848
3864,0.550013,MISS,,14864
3865,0.383397,MISS,,14220
3866,0.923436,HIT,true,13452
3867,0.651901,MISS,,12075
3868,0.608451,MISS,,13654
3869,0.899914,HIT,true,13842
3870,0.630908,MISS,,12108
3871,0.426632,MISS,,12865
3872,0.531733,MISS,,12307
3873,0.940657,HIT,true,15213
3874,0.604886,MISS,,14826
3875,0.457425,MISS,,14209
3876,0.928196,HIT,true,13947
3877,0.612475,MISS,,13666
3878,0.734061,MISS,,12654
3879,0.630696,MISS,,13443
3880,0.689923,MISS,,14802
3881,0.780974,MISS,,13272
3882,0.526186,MISS,,13815
3883,0.969089,HIT,true,14293
3884,0.526692,MISS,,12957
3885,0.630761,MISS,,13426
3886,0.587063,MISS,,14134
3887,0.457469,MISS,,14282
3888,0.802686,MISS,,13218
3889,0.881983,HIT,true,12796
3890,0.539439,MISS,,14456
3891,0.537903,MISS,,14105
3892,0.474786,MISS,,15875
3893,0.589861,MISS,,13574
3894,0.416236,MISS,,13411
3895,0.422597,MISS,,13965
3896,0.537581,MISS,,13572
3897,0.579477,MISS,,13284
3898,0.868867,HIT,true,14589
3899,0.663221,MISS,,13954
3900,0.800611,MISS,,11727
3901,0.238652,MISS,,12716
3902,0.789507,MISS,,13410
3903,0.558466,MISS,,12552
3904,0.528987,MISS,,12199
3905,0.369408,MISS,,12290
3906,0.581206,MISS,,11725
3907,0.758349,MISS,,11877
3908,0.482281,MISS,,12099
3909,0.872013,HIT,true,12091
3910,0.539417,MISS,,11825
3911,0.340721,MISS,,12412
3912,0.791479,MISS,,13054
3913,0.442661,MISS,,13403
3914,0.637087,MISS,,12082
3915,0.716705,MISS,,11941
3916,0.561805,MISS,,12649
3917,0.560260,MISS,,13927
3918,0.490493,MISS,,11831
3919,0.907079,HIT,true,11921
3920,0.916785,HIT,false,11721
3921,0.465438,MISS,,12463
3922,0.865457,HIT,true,12003
3923,0.602741,MISS,,13198
3924,0.623392,MISS,,13850
3925,0.832699,MISS,,14385
3926,0.802653,MISS,,14899
3927,0.553945,MISS,,13207
3928,0.536433,MISS,,12964
3929,0.855758,HIT,true,13730
3930,0.749631,MISS,,15453
3931,0.921332,HIT,true,13668
3932,0.524403,MISS,,12750
3933,0.521021,MISS,,13289
3934,0.772840,MISS,,12194
3935,0.837335,MISS,,11811
3936,0.635883,MISS,,12233
3937,0.788342,MISS,,11782
3938,0.419849,MISS,,13465
3939,0.793740,MISS,,12517
3940,0.619462,MISS,,11666
3941,0.569502,MISS,,12154
3942,0.879627,HIT,true,14486
3943,0.470132,MISS,,13009
3944,0.607333,MISS,,12597
3945,0.935858,HIT,false,16663
3946,0.653686,MISS,,16162
3947,0.615372,MISS,,15486
3948,0.599192,MISS,,16414
3949,0.610493,MISS,,13469
3950,0.316068,MISS,,12620
3951,0.744800,MISS,,13220
3952,0.562198,MISS,,16971
3953,0.396813,MISS,,15279
3954,0.903925,HIT,true,15714
3955,0.582121,MISS,,14804
3956,0.678856,MISS,,13778
3957,0.500361,MISS,,13116
3958,0.495705,MISS,,14769
3959,0.980680,HIT,true,15259
3960,0.608831,MISS,,15446
3961,0.516716,MISS,,15018
3962,0.565834,MISS,,14551
3963,0.927746,HIT,true,12914
3964,0.623855,MISS,,12997
3965,0.374643,MISS,,13098
3966,0.857914,HIT,true,12426
3967,0.827620,MISS,,12919
3968,0.435201,MISS,,12269
3969,0.939812,HIT,true,12325
3970,0.759521,MISS,,11661
3971,0.353912,MISS,,12950
3972,0.628221,MISS,,14612
3973,0.751517,MISS,,12447
3974,0.463903,MISS,,11697
3975,0.391309,MISS,,13409
3976,0.437957,MISS,,12230
3977,0.891872,HIT,true,12086
3978,0.731781,MISS,,16659
3979,0.643443,MISS,,12126
3980,0.503827,MISS,,12689
3981,0.425319,MISS,,12548
3982,0.585315,MISS,,12271
3983,0.429718,MISS,,13457
3984,0.739513,MISS,,13174
3985,0.602903,MISS,,12717
3986,0.932856,HIT,true,11926
3987,0.661615,MISS,,12568
3988,0.486338,MISS,,12074
3989,0.684075,MISS,,12111
3990,0.578590,MISS,,11693
3991,0.535454,MISS,,12628
3992,0.882764,HIT,true,11714
3993,0.528796,MISS,,12160
3994,0.426503,MISS,,13486
3995,0.879343,HIT,true,12107
3996,0.948275,HIT,true,12021
3997,0.661673,MISS,,11759
3998,0.870037,HIT,true,12960
3999,0.847952,MISS,,11970
4000,0.829903,MISS,,11793
4001,0.416156,MISS,,11891
4002,0.528567,MISS,,12541
4003,0.524188,MISS,,12135
4004,0.475736,MISS,,12909
4005,0.897534,HIT,true,12897
4006,0.835843,MISS,,12663
4007,0.445443,MISS,,12533
4008,0.511444,MISS,,15802
4009,0.940558,HIT,true,12624
4010,0.477482,MISS,,12068
4011,0.359025,MISS,,12779
4012,0.837564,MISS,,12053
4013,0.913292,HIT,true,11579
4014,0.896937,HIT,true,12243
4015,0.715642,MISS,,14061
4016,0.383901,MISS,,14165
4017,0.531210,MISS,,12376
4018,0.935414,HIT,false,11835
4019,0.411081,MISS,,14346
4020,0.877686,HIT,true,13136
4021,0.506198,MISS,,11689
4022,0.475538,MISS,,12213
4023,0.463709,MISS,,13046
4024,0.686361,MISS,,12767
4025,0.862504,HIT,true,12482
4026,0.465412,MISS,,13354
4027,0.795008,MISS,,12744
4028,0.625409,MISS,,11949
4029,0.981355,HIT,true,11947
4030,0.496615,MISS,,13072
4031,0.803175,MISS,,13512
4032,0.979929,HIT,true,12622
4033,0.617738,MISS,,11866
4034,0.918961,HIT,false,12191
4035,0.826500,MISS,,12859
4036,0.438546,MISS,,13474
4037,0.769163,MISS,,12598
4038,0.566781,MISS,,12388
4039,0.905382,HIT,true,12767
4040,0.508247,MISS,,14067
4041,0.640868,MISS,,12415
4042,0.613291,MISS,,13777
4043,0.425060,MISS,,13668
4044,0.963155,HIT,true,12990
4045,0.487261,MISS,,12519
4046,0.930258,HIT,true,14595
4047,0.994879,HIT,true,13306
4048,0.763362,MISS,,12551
4049,0.850927,HIT,true,13732
4050,0.993067,HIT,true,11840
4051,0.669126,MISS,,13251
4052,0.916726,HIT,true,12402
4053,0.879211,HIT,true,12068
4054,0.669073,MISS,,12177
4055,0.893215,HIT,true,12383
4056,0.830379,MISS,,12641
4057,0.947125,HIT,true,11732
4058,0.651610,MISS,,13326
4059,0.907280,HIT,true,12184
4060,0.619884,MISS,,12667
4061,0.897497,HIT,true,13184
4062,0.510352,MISS,,13125
4063,0.807120,MISS,,12641
4064,0.563247,MISS,,12973
4065,0.846047,MISS,,12272
4066,0.537557,MISS,,11881
4067,0.973440,HIT,true,13676
4068,0.522734,MISS,,23242
4069,0.486167,MISS,,11952
4070,0.991014,HIT,true,12522
4071,0.834932,MISS,,12016
4072,0.869941,HIT,true,11754
4073,0.978683,HIT,true,11878
4074,0.852309,HIT,true,12638
4075,0.815292,MISS,,12629
4076,0.494542,MISS,,11612
4077,0.462332,MISS,,13773
4078,0.475100,MISS,,11922
4079,0.660137,MISS,,11944
4080,0.852903,HIT,true,12313
4081,0.782737,MISS,,12794
4082,0.861545,HIT,true,12805
4083,0.548814,MISS,,11700
4084,0.736568,MISS,,12124
4085,0.909462,HIT,true,12085
4086,0.459159,MISS,,12714
4087,0.721746,MISS,,12147
4088,0.740456,MISS,,13887
4089,0.591214,MISS,,12190
4090,0.483038,MISS,,12011
4091,0.491912,MISS,,11905
4092,0.727424,MISS,,12361
4093,0.716807,MISS,,11816
4094,0.978918,HIT,true,12017
4095,0.498881,MISS,,12880
4096,0.857559,HIT,false,12238
4097,0.860577,HIT,true,12079
4098,0.725090,MISS,,12752
4099,0.456674,MISS,,12813
4100,0.945617,HIT,true,12479
4101,0.935278,HIT,true,12730
4102,0.921891,HIT,true,11573
4103,0.453100,MISS,,12173
4104,0.890471,HIT,false,12802
4105,0.471360,MISS,,11688
4106,0.548517,MISS,,11994
4107,0.496300,MISS,,11738
4108,0.862832,HIT,true,13122
4109,0.968815,HIT,true,12125
4110,0.495355,MISS,,18113
4111,0.673766,MISS,,11982
4112,0.592158,MISS,,14049
4113,0.338822,MISS,,12492
4114,0.531910,MISS,,12570
4115,0.719659,MISS,,12411
4116,0.503769,MISS,,12193
4117,0.670295,MISS,,11795
4118,0.811601,MISS,,12001
4119,0.463220,MISS,,11943
4120,0.368204,MISS,,13772
4121,0.912061,HIT,true,12559
4122,0.930728,HIT,true,12082
4123,0.842930,MISS,,11889
4124,0.605722,MISS,,12147
4125,0.558370,MISS,,12138
4126,0.523138,MISS,,12020
4127,0.610985,MISS,,13788
4128,0.988068,HIT,true,12210
4129,0.309258,MISS,,13326
4130,0.893575,HIT,true,12771
4131,0.489236,MISS,,13187
4132,0.634409,MISS,,12050
4133,0.523371,MISS,,11784
4134,0.579633,MISS,,12958
4135,0.758825,MISS,,12223
4136,0.538530,MISS,,12063
4137,0.520191,MISS,,11998
4138,0.452436,MISS,,13417
4139,0.856200,HIT,true,12043
4140,0.467175,MISS,,12112
4141,0.605906,MISS,,14076
4142,0.833284,MISS,,12716
4143,0.604376,MISS,,12092
4144,0.863897,HIT,true,11903
4145,0.603678,MISS,,12314
4146,0.477187,MISS,,12333
4147,0.699106,MISS,,12616
4148,0.870169,HIT,true,12084
4149,0.914036,HIT,true,12254
4150,0.452781,MISS,,12501
4151,0.936211,HIT,true,11928
4152,0.324118,MISS,,13613
4153,0.580578,MISS,,11931
4154,0.599239,MISS,,13506
4155,0.456447,MISS,,11939
4156,0.482133,MISS,,12280
4157,0.878640,HIT,true,12081
4158,0.810381,MISS,,12429
4159,0.809978,MISS,,11914
4160,0.586029,MISS,,12614
4161,0.490584,MISS,,12449
4162,0.874475,HIT,true,12698
4163,0.536618,MISS,,13207
4164,0.691568,MISS,,11954
4165,0.777897,MISS,,12227
4166,0.939829,HIT,true,12185
4167,0.514787,MISS,,14069
4168,0.340894,MISS,,13386
4169,0.367687,MISS,,12388
4170,0.479563,MISS,,14796
4171,0.861059,HIT,false,14545
4172,0.538309,MISS,,15616
4173,0.541131,MISS,,16667
4174,0.992828,HIT,true,15719
4175,0.509809,MISS,,15078
4176,0.498311,MISS,,12475
4177,0.976840,HIT,true,12841
4178,0.916003,HIT,true,11786
4179,0.512057,MISS,,13194
4180,0.470340,MISS,,12833
4181,0.971600,HIT,true,12300
4182,0.899298,HIT,true,11571
4183,0.783065,MISS,,14653
4184,0.455170,MISS,,14218
4185,0.896977,HIT,true,14092
4186,0.517569,MISS,,13489
4187,0.427077,MISS,,12166
4188,0.580870,MISS,,13226
4189,0.619077,MISS,,12679
4190,0.472240,MISS,,13363
4191,0.647203,MISS,,14052
4192,0.632110,MISS,,14174
4193,0.509474,MISS,,14112
4194,0.676296,MISS,,13212
4195,0.991245,HIT,true,13226
4196,0.451691,MISS,,12507
4197,0.483860,MISS,,13170
4198,0.726360,MISS,,13452
4199,0.700905,MISS,,12720
4200,0.776477,MISS,,12220
4201,0.602298,MISS,,12373
4202,0.554771,MISS,,12849
4203,0.822027,MISS,,14951
4204,0.586028,MISS,,15456
4205,0.467807,MISS,,12408
4206,0.748224,MISS,,12473
4207,0.607726,MISS,,12344
4208,0.616936,MISS,,12830
4209,0.615487,MISS,,12099
4210,0.586347,MISS,,13877
4211,0.580448,MISS,,12053
4212,0.831487,MISS,,12041
4213,0.705285,MISS,,12832
4214,0.575929,MISS,,13505
4215,0.596560,MISS,,12383
4216,0.874729,HIT,true,12497
4217,0.617537,MISS,,12319
4218,0.868679,HIT,true,12472
4219,0.957018,HIT,true,12902
4220,0.362684,MISS,,12861
4221,0.450647,MISS,,12575
4222,0.689605,MISS,,14150
4223,0.701887,MISS,,13466
4224,0.469072,MISS,,13185
4225,0.700773,MISS,,15135
4226,0.512854,MISS,,13536
4227,0.809162,MISS,,13810
4228,0.623933,MISS,,13736
4229,0.729018,MISS,,14930
4230,0.778717,MISS,,13384
4231,0.462491,MISS,,13126
4232,0.531790,MISS,,12156
4233,0.609288,MISS,,13365
4234,0.638658,MISS,,13937
4235,0.983431,HIT,true,13842
4236,0.382478,MISS,,11905
4237,0.865573,HIT,true,12382
4238,0.416799,MISS,,13068
4239,0.849759,MISS,,12822
4240,0.986644,HIT,true,12166
4241,0.937430,HIT,true,13333
4242,0.996645,HIT,true,13516
4243,0.364120,MISS,,12887
4244,0.850514,HIT,true,13801
4245,0.403728,MISS,,12793
4246,0.700405,MISS,,13037
4247,0.620481,MISS,,12504
4248,0.603609,MISS,,12780
4249,0.597943,MISS,,12382
4250,0.352036,MISS,,12279
4251,0.878194,HIT,true,12080
4252,0.592022,MISS,,12212
4253,0.457342,MISS,,12113
4254,0.283335,MISS,,13533
4255,0.975006,HIT,true,13211
4256,0.413647,MISS,,14578
4257,0.640365,MISS,,14134
4258,0.976224,HIT,true,12240
4259,0.633092,MISS,,12066
4260,0.427603,MISS,,12301
4261,0.618768,MISS,,12841
4262,0.594145,MISS,,12746
4263,0.480989,MISS,,12670
4264,0.396346,MISS,,11881
4265,0.641211,MISS,,13650
4266,0.549782,MISS,,12650
4267,0.605447,MISS,,12427
4268,0.845296,MISS,,14234
4269,0.984846,HIT,true,12090
4270,0.776953,MISS,,12535
4271,0.521106,MISS,,14403
4272,0.507046,MISS,,12491
4273,0.748089,MISS,,12515
4274,0.731457,MISS,,13515
4275,0.988288,HIT,true,12785
4276,0.920726,HIT,true,13234
4277,0.495390,MISS,,12149
4278,0.448360,MISS,,13017
4279,0.422806,MISS,,12456
4280,0.569318,MISS,,12715
4281,0.448464,MISS,,12153
4282,0.573503,MISS,,12579
4283,0.420888,MISS,,12165
4284,0.466595,MISS,,12323
4285,0.823305,MISS,,12206
4286,0.924104,HIT,true,13234
4287,0.667424,MISS,,12872
4288,0.818487,MISS,,11990
4289,0.851952,HIT,true,12720
4290,0.880819,HIT,false,13214
4291,0.607812,MISS,,12149
4292,0.612553,MISS,,12336
4293,0.510657,MISS,,13983
4294,0.684213,MISS,,13233
4295,0.648526,MISS,,12790
4296,0.770409,MISS,,16687
4297,0.874863,HIT,true,17561
4298,0.824988,MISS,,15744
4299,0.554788,MISS,,15297
4300,0.365640,MISS,,16498
4301,0.385706,MISS,,17394
4302,0.921890,HIT,true,16554
4303,0.833879,MISS,,17389
4304,0.755075,MISS,,16269
4305,0.301423,MISS,,17048
4306,0.583680,MISS,,16180
4307,0.573554,MISS,,16245
4308,0.699729,MISS,,15476
4309,0.524710,MISS,,20306
4310,0.801734,MISS,,16653
4311,0.885827,HIT,true,16231
4312,0.512070,MISS,,15600
4313,0.526584,MISS,,15303
4314,0.820813,MISS,,15710
4315,0.634611,MISS,,15367
4316,0.754944,MISS,,15042
4317,0.612966,MISS,,15321
4318,0.626013,MISS,,15068
4319,0.949223,HIT,true,15130
4320,0.853997,HIT,false,14671
4321,0.733807,MISS,,15516
4322,0.404067,MISS,,14777
4323,0.798776,MISS,,14900
4324,0.812050,MISS,,15094
4325,0.973176,HIT,true,14980
4326,0.928488,HIT,true,14792
4327,0.888002,HIT,true,15191
4328,0.936741,HIT,true,14815
4329,0.470966,MISS,,14912
4330,0.911392,HIT,true,17114
4331,0.681378,MISS,,15009
4332,0.930248,HIT,true,15015
4333,0.421881,MISS,,18383
4334,0.529457,MISS,,15341
4335,0.580601,MISS,,15083
4336,0.535895,MISS,,15117
4337,0.526277,MISS,,14900
4338,0.516890,MISS,,15137
4339,0.634972,MISS,,15062
4340,0.943493,HIT,true,14919
4341,0.532597,MISS,,14814
4342,0.595830,MISS,,15259
4343,0.559273,MISS,,15973
4344,0.593985,MISS,,15318
4345,0.675348,MISS,,15739
4346,0.455153,MISS,,15267
4347,0.608032,MISS,,14861
4348,0.772872,MISS,,15257
4349,0.564792,MISS,,14932
4350,0.578616,MISS,,14981
4351,0.425182,MISS,,14957
4352,0.707589,MISS,,15288
4353,0.666250,MISS,,14896
4354,0.836320,MISS,,15375
4355,0.843683,MISS,,15274
4356,0.771975,MISS,,15264
4357,0.632776,MISS,,15137
4358,0.737584,MISS,,14878
4359,0.455819,MISS,,14974
4360,0.732821,MISS,,14789
4361,0.533957,MISS,,14833
4362,0.786504,MISS,,15857
4363,0.566179,MISS,,15421
4364,0.702602,MISS,,15154
4365,0.453636,MISS,,16031
4366,0.797272,MISS,,15151
4367,0.624029,MISS,,15110
4368,0.550287,MISS,,16220
4369,0.455066,MISS,,14982
4370,0.613385,MISS,,14728
4371,0.945061,HIT,true,14835
4372,0.949641,HIT,true,15107
4373,0.764287,MISS,,14764
4374,0.936158,HIT,true,14800
4375,0.660058,MISS,,15194
4376,0.737126,MISS,,24438
4377,0.731233,MISS,,14989
4378,0.589899,MISS,,15616
4379,0.565166,MISS,,15095
4380,0.405765,MISS,,14993
4381,0.501209,MISS,,14893
4382,0.449982,MISS,,15295
4383,0.708063,MISS,,15136
4384,0.544979,MISS,,15031
4385,0.581103,MISS,,14756
4386,0.546689,MISS,,15069
4387,0.975321,HIT,true,14678
4388,0.873927,HIT,true,14901
4389,0.581591,MISS,,14863
4390,0.489666,MISS,,15003
4391,0.510607,MISS,,14916
4392,0.563911,MISS,,15177
4393,0.461555,MISS,,14624
4394,0.978746,HIT,true,14768
4395,0.997398,HIT,true,14694
4396,0.681633,MISS,,14916
4397,0.928891,HIT,true,17511
4398,0.965024,HIT,true,15647
4399,0.447355,MISS,,17680
4400,0.980674,HIT,true,15186
4401,0.716033,MISS,,16515
4402,0.567826,MISS,,15201
4403,0.396074,MISS,,15007
4404,0.695101,MISS,,14800
4405,0.727597,MISS,,17041
4406,0.931493,HIT,false,14651
4407,0.509835,MISS,,15107
4408,0.332703,MISS,,15134
4409,0.982692,HIT,true,18001
4410,0.715189,MISS,,16068
4411,0.860220,HIT,false,14932
4412,0.618075,MISS,,15098
4413,0.630299,MISS,,14940
4414,0.628262,MISS,,16049
4415,0.870142,HIT,true,20671
4416,0.759921,MISS,,18695
4417,0.513676,MISS,,16488
4418,0.496345,MISS,,17062
4419,0.559304,MISS,,17625
4420,0.539474,MISS,,15256
4421,0.865744,HIT,true,16033
4422,0.922631,HIT,true,15667
4423,0.748469,MISS,,15657
4424,0.911902,HIT,true,15539
4425,0.511829,MISS,,15147
4426,0.931664,HIT,true,15525
4427,0.342529,MISS,,14744
4428,0.521458,MISS,,16014
4429,0.482533,MISS,,14924
4430,0.548320,MISS,,15171
4431,0.665188,MISS,,14593
4432,0.654248,MISS,,16293
4433,0.837135,MISS,,17362
4434,0.565380,MISS,,15345
4435,0.943735,HIT,true,16530
4436,0.481822,MISS,,15051
4437,0.687465,MISS,,14685
4438,0.190150,MISS,,15171
4439,0.992795,HIT,true,14901
4440,0.597464,MISS,,14776
4441,0.762342,MISS,,15595
4442,0.890999,HIT,true,35084
4443,0.500849,MISS,,47997
4444,0.429780,MISS,,57343
4445,0.548004,MISS,,34593
4446,0.422029,MISS,,22930
4447,0.789887,MISS,,21948
4448,0.409053,MISS,,23998
4449,0.705491,MISS,,41525
4450,0.958584,HIT,true,24229
4451,0.556973,MISS,,21661
4452,0.442115,MISS,,20038
4453,0.930441,HIT,true,22097
4454,0.702051,MISS,,25503
4455,0.557480,MISS,,26272
4456,0.442803,MISS,,22578
4457,0.947351,HIT,true,24431
4458,0.482279,MISS,,18961
4459,0.653583,MISS,,14684
4460,0.971879,HIT,true,15269
4461,0.618463,MISS,,16740
4462,0.479066,MISS,,13258
4463,0.352760,MISS,,12388
4464,0.839451,MISS,,14363
4465,0.742155,MISS,,14170
4466,0.455888,MISS,,16992
4467,0.667492,MISS,,15410
4468,0.660579,MISS,,14090
4469,0.554317,MISS,,16602
4470,0.826112,MISS,,14150
4471,0.763700,MISS,,15861
4472,0.460979,MISS,,14594
4473,0.902400,HIT,true,13360
4474,0.631146,MISS,,14581
4475,0.645178,MISS,,14670
4476,0.693020,MISS,,15757
4477,0.428659,MISS,,14895
4478,0.679962,MISS,,14564
4479,0.904180,HIT,true,18432
4480,0.623249,MISS,,25479
4481,0.895995,HIT,true,42077
4482,0.855598,HIT,true,34277
4483,0.944288,HIT,false,30284
4484,0.379592,MISS,,30596
4485,0.661280,MISS,,30344
4486,0.835108,MISS,,25717
4487,0.672378,MISS,,25379
4488,0.816770,MISS,,31753
4489,0.602347,MISS,,21546
4490,0.952706,HIT,true,24391
4491,0.710322,MISS,,23626
4492,0.954008,HIT,true,25890
4493,0.972426,HIT,true,22813
4494,0.919133,HIT,true,25624
4495,0.485224,MISS,,18866
4496,0.933706,HIT,true,14499
4497,0.641049,MISS,,13363
4498,0.950288,HIT,true,11952
4499,0.804415,MISS,,11815
4500,0.570557,MISS,,12489
4501,0.960173,HIT,true,12541
4502,0.886917,HIT,true,13058
4503,0.469810,MISS,,13122
4504,0.759857,MISS,,11713
4505,0.731069,MISS,,11800
4506,0.417519,MISS,,12232
4507,0.470274,MISS,,13132
4508,0.809803,MISS,,12089
4509,0.646991,MISS,,11975
4510,0.976580,HIT,true,13092
4511,0.688837,MISS,,12031
4512,0.585212,MISS,,14862
4513,0.478897,MISS,,18940
4514,0.463713,MISS,,18964
4515,0.955181,HIT,true,21446
4516,0.577011,MISS,,22397
4517,0.560430,MISS,,21032
4518,0.611549,MISS,,16222
4519,0.541804,MISS,,13852
4520,0.408470,MISS,,14616
4521,0.623133,MISS,,12443
4522,0.455155,MISS,,11735
4523,0.965865,HIT,true,14706
4524,0.468444,MISS,,15163
4525,0.522684,MISS,,16674
4526,0.660100,MISS,,13329
4527,0.742694,MISS,,12464
4528,0.493561,MISS,,11759
4529,0.637020,MISS,,14362
4530,0.596582,MISS,,13100
4531,0.941452,HIT,true,12895
4532,0.526540,MISS,,11835
4533,0.951080,HIT,false,15388
4534,0.785853,MISS,,14393
4535,0.855937,HIT,true,14451
4536,0.491647,MISS,,13665
4537,0.500294,MISS,,13727
4538,0.380773,MISS,,11827
4539,0.923400,HIT,true,14337
4540,0.708434,MISS,,13397
4541,0.457801,MISS,,14548
4542,0.778167,MISS,,14558
4543,0.371960,MISS,,12759
4544,0.491345,MISS,,12724
4545,0.804032,MISS,,13203
4546,0.774925,MISS,,12517
4547,0.685120,MISS,,12838
4548,0.643191,MISS,,12773
4549,0.712620,MISS,,14455
4550,0.940710,HIT,true,12668
4551,0.604387,MISS,,12828
4552,0.741431,MISS,,12087
4553,0.546856,MISS,,13862
4554,0.744951,MISS,,12919
4555,0.992243,HIT,true,12998
4556,0.949999,HIT,true,12193
4557,0.661430,MISS,,13154
4558,0.749525,MISS,,13532
4559,0.595574,MISS,,13274
4560,0.664930,MISS,,13830
4561,0.610148,MISS,,13480
4562,0.603994,MISS,,12974
4563,0.653279,MISS,,12663
4564,0.787559,MISS,,12506
4565,0.973238,HIT,true,12195
4566,0.775173,MISS,,13747
4567,0.609857,MISS,,12738
4568,0.492678,MISS,,12614
4569,0.973758,HIT,true,12649
4570,0.416776,MISS,,14072
4571,0.871945,HIT,true,14843
4572,0.577761,MISS,,17083
4573,0.655994,MISS,,20708
4574,0.491564,MISS,,19193
4575,0.320890,MISS,,17535
4576,0.658082,MISS,,28586
4577,0.376265,MISS,,20142
4578,0.449681,MISS,,17829
4579,0.492080,MISS,,18995
4580,0.610258,MISS,,19091
4581,0.432508,MISS,,17522
4582,0.450106,MISS,,15864
4583,0.628313,MISS,,15098
4584,0.795573,MISS,,17466
4585,0.629728,MISS,,14474
4586,0.723096,MISS,,13551
4587,0.661852,MISS,,14937
4588,0.974721,HIT,true,16320
4589,0.482982,MISS,,14231
4590,0.380320,MISS,,13407
4591,0.549671,MISS,,12521
4592,0.848762,MISS,,15067
4593,0.425389,MISS,,17927
4594,0.577571,MISS,,13454
4595,0.685520,MISS,,12410
4596,0.591117,MISS,,13134
4597,0.643859,MISS,,16901
4598,0.645857,MISS,,21096
4599,0.761531,MISS,,22690
4600,0.581601,MISS,,15387
4601,0.495435,MISS,,17830
4602,0.853357,HIT,false,17495
4603,0.493310,MISS,,16788
4604,0.733587,MISS,,14464
4605,0.803249,MISS,,13391
4606,0.882201,HIT,true,14795
4607,0.502053,MISS,,13776
4608,0.638398,MISS,,12667
4609,0.546933,MISS,,15544
4610,0.537075,MISS,,22446
4611,0.487510,MISS,,15822
4612,0.471687,MISS,,12099
4613,0.582268,MISS,,12325
4614,0.796431,MISS,,14661
4615,0.589945,MISS,,15997
4616,0.557739,MISS,,12402
4617,0.958429,HIT,true,12229
4618,0.564045,MISS,,13714
4619,0.915865,HIT,true,26746
4620,0.858493,HIT,false,15062
4621,0.757978,MISS,,13044
4622,0.837471,MISS,,14383
4623,0.969276,HIT,true,13284
4624,0.431646,MISS,,13797
4625,0.817757,MISS,,13553
4626,0.518340,MISS,,15508
4627,0.564950,MISS,,14918
4628,0.694770,MISS,,15406
4629,0.565223,MISS,,12445
4630,0.700990,MISS,,12458
4631,0.955255,HIT,true,11766
4632,0.496757,MISS,,12982
4633,0.742548,MISS,,12645
4634,0.452842,MISS,,12533
4635,0.615050,MISS,,13425
4636,0.479039,MISS,,13649
4637,0.947449,HIT,true,13172
4638,0.871866,HIT,true,13976
4639,0.729353,MISS,,12903
4640,0.857772,HIT,true,12011
4641,0.810128,MISS,,12908
4642,0.626661,MISS,,12225
4643,0.472798,MISS,,12598
4644,0.785360,MISS,,12045
4645,0.729682,MISS,,12758
4646,0.540347,MISS,,12323
4647,0.955596,HIT,true,14343
4648,0.454304,MISS,,14006
4649,0.829857,MISS,,14337
4650,0.971912,HIT,true,12714
4651,0.492992,MISS,,13305
4652,0.341508,MISS,,12666
4653,0.449565,MISS,,12704
4654,0.474197,MISS,,17335
4655,0.475884,MISS,,12463
4656,0.534522,MISS,,13146
4657,0.858122,HIT,true,12492
4658,0.858092,HIT,false,13406
4659,0.593087,MISS,,14346
4660,0.614513,MISS,,12738
4661,0.902071,HIT,false,12492
4662,0.558672,MISS,,12051
4663,0.997424,HIT,true,12093
4664,0.903209,HIT,true,12121
4665,0.894969,HIT,true,12707
4666,0.700997,MISS,,12722
4667,0.577662,MISS,,12198
4668,0.646799,MISS,,12156
4669,0.602811,MISS,,14108
4670,0.515318,MISS,,12127
4671,0.969110,HIT,true,12089
4672,0.970080,HIT,true,12007
4673,0.603327,MISS,,13324
4674,0.586863,MISS,,11931
4675,0.607713,MISS,,12836
4676,0.812516,MISS,,12281
4677,0.738177,MISS,,12591
4678,0.801091,MISS,,11946
4679,0.498915,MISS,,12691
4680,0.543841,MISS,,13164
4681,0.924384,HIT,true,13326
4682,0.902334,HIT,true,13569
4683,0.446348,MISS,,13645
4684,0.669702,MISS,,18089
4685,0.456452,MISS,,17164
4686,0.690688,MISS,,12468
4687,0.969976,HIT,false,13181
4688,0.724209,MISS,,13291
4689,0.682299,MISS,,14888
4690,0.680128,MISS,,13568
4691,0.443368,MISS,,15158
4692,0.575813,MISS,,12032
4693,0.480843,MISS,,12375
4694,0.577252,MISS,,13544
4695,0.719764,MISS,,13263
4696,0.856071,HIT,true,12841
4697,0.749247,MISS,,14264
4698,0.847631,MISS,,12184
4699,0.880455,HIT,true,14286
4700,0.735398,MISS,,13600
4701,0.571055,MISS,,12266
4702,0.727345,MISS,,12919
4703,0.981701,HIT,true,13507
4704,0.818889,MISS,,12154
4705,0.636905,MISS,,12225
4706,0.939376,HIT,true,12642
4707,0.725582,MISS,,12595
4708,0.545884,MISS,,12868
4709,0.514245,MISS,,12710
4710,0.526948,MISS,,19807
4711,0.673200,MISS,,13672
4712,0.677309,MISS,,12869
4713,0.567734,MISS,,12934
4714,0.910248,HIT,true,16987
4715,0.877192,HIT,true,14504
4716,0.906655,HIT,true,14546
4717,0.400022,MISS,,13539
4718,0.644455,MISS,,14261
4719,0.362177,MISS,,15000
4720,0.719386,MISS,,12477
4721,0.936373,HIT,true,13762
4722,0.978450,HIT,true,13538
4723,0.916826,HIT,true,14267
4724,0.574337,MISS,,13237
4725,0.868140,HIT,true,12265
4726,0.932167,HIT,true,13062
4727,0.537143,MISS,,13472
4728,0.916395,HIT,true,12794
4729,0.744332,MISS,,13590
4730,0.430142,MISS,,13185
4731,0.883929,HIT,true,12877
4732,0.387593,MISS,,12780
4733,0.861444,HIT,true,12588
4734,0.482959,MISS,,13563
4735,0.917548,HIT,true,12620
4736,0.738387,MISS,,14687
4737,0.955838,HIT,true,13176
4738,0.358763,MISS,,12226
4739,0.724404,MISS,,14242
4740,0.779544,MISS,,13275
4741,0.771306,MISS,,13149
4742,0.669199,MISS,,12298
4743,0.935523,HIT,true,12473
4744,0.550971,MISS,,12117
4745,0.982386,HIT,true,12696
4746,0.987930,HIT,true,12820
4747,0.953784,HIT,true,12081
4748,0.467605,MISS,,13074
4749,0.311895,MISS,,16624
4750,0.965824,HIT,true,13600
4751,0.855173,HIT,true,14721
4752,0.393938,MISS,,18423
4753,0.388504,MISS,,13438
4754,0.449259,MISS,,13118
4755,0.673642,MISS,,12184
4756,0.417580,MISS,,12464
4757,0.466604,MISS,,12450
4758,0.465300,MISS,,16952
4759,0.800108,MISS,,15281
4760,0.522886,MISS,,14946
4761,0.515287,MISS,,12743
4762,0.654947,MISS,,12844
4763,0.905685,HIT,true,11891
4764,0.627459,MISS,,13821
4765,0.985344,HIT,true,12497
4766,0.911347,HIT,false,13170
4767,0.709112,MISS,,12122
4768,0.444392,MISS,,13981
4769,0.742769,MISS,,13247
4770,0.684499,MISS,,13273
4771,0.547655,MISS,,12265
4772,0.923342,HIT,true,12538
4773,0.710073,MISS,,12304
4774,0.962091,HIT,true,12213
4775,0.457514,MISS,,12200
4776,0.975181,HIT,true,12334
4777,0.930244,HIT,true,13413
4778,0.506593,MISS,,14178
4779,0.892187,HIT,true,13853
4780,0.627679,MISS,,12215
4781,0.905232,HIT,true,13050
4782,0.684465,MISS,,12991
4783,0.605552,MISS,,13258
4784,0.554398,MISS,,12626
4785,0.632755,MISS,,14933
4786,0.934761,HIT,true,12579
4787,0.889750,HIT,true,12612
4788,0.772098,MISS,,14187
4789,0.930696,HIT,true,15822
4790,0.636456,MISS,,12324
4791,0.598038,MISS,,14803
4792,0.652933,MISS,,14365
4793,0.877622,HIT,false,14919
4794,0.653743,MISS,,13073
4795,0.946792,HIT,false,13295
4796,0.470863,MISS,,12998
4797,0.591080,MISS,,12437
4798,0.592049,MISS,,14511
4799,0.721260,MISS,,14492
4800,0.869269,HIT,true,12187
4801,0.774898,MISS,,13926
4802,0.995319,HIT,true,12562
4803,0.892434,HIT,true,12240
4804,0.614919,MISS,,11870
4805,0.589457,MISS,,12868
4806,0.931851,HIT,true,12823
4807,0.553378,MISS,,12676
4808,0.447961,MISS,,16081
4809,0.914784,HIT,true,12497
4810,0.532583,MISS,,12471
4811,0.887794,HIT,true,13487
4812,0.512804,MISS,,11923
4813,0.779433,MISS,,12347
4814,0.520194,MISS,,13855
4815,0.916225,HIT,true,12600
4816,0.530598,MISS,,13432
4817,0.746455,MISS,,12012
4818,0.995691,HIT,true,13451
4819,0.736939,MISS,,12689
4820,0.665210,MISS,,13016
4821,0.403564,MISS,,12438
4822,0.756986,MISS,,12791
4823,0.345891,MISS,,12273
4824,0.939211,HIT,true,12599
4825,0.610971,MISS,,12254
4826,0.513999,MISS,,12168
4827,0.664933,MISS,,14751
4828,0.685900,MISS,,14338
4829,0.700972,MISS,,13449
4830,0.884120,HIT,true,12118
4831,0.487434,MISS,,12957
4832,0.813073,MISS,,12274
4833,0.893434,HIT,true,12838
4834,0.411972,MISS,,11835
4835,0.962144,HIT,true,12188
4836,0.620830,MISS,,12442
4837,0.980944,HIT,true,12325
4838,0.986003,HIT,true,12871
4839,0.987479,HIT,true,12645
4840,0.628022,MISS,,13992
4841,0.691470,MISS,,12153
4842,0.670908,MISS,,12271
4843,0.440054,MISS,,12326
4844,0.783800,MISS,,14616
4845,0.955238,HIT,true,15057
4846,0.857887,HIT,true,14968
4847,0.458953,MISS,,14735
4848,0.527009,MISS,,13560
4849,0.459870,MISS,,13353
4850,0.491568,MISS,,14955
4851,0.613984,MISS,,13661
4852,0.516520,MISS,,12493
4853,0.500064,MISS,,12825
4854,0.860480,HIT,true,12573
4855,0.881303,HIT,true,13233
4856,0.467125,MISS,,12478
4857,0.875574,HIT,false,12251
4858,0.396333,MISS,,13458
4859,0.427400,MISS,,13198
4860,0.694368,MISS,,13935
4861,0.505361,MISS,,13210
4862,0.874654,HIT,true,12468
4863,0.686083,MISS,,13023
4864,0.498253,MISS,,12668
4865,0.540836,MISS,,12222
4866,0.753234,MISS,,12219
4867,0.471442,MISS,,12962
4868,0.736086,MISS,,12257
4869,0.889745,HIT,true,12485
4870,0.640020,MISS,,14300
4871,0.805712,MISS,,13042
4872,0.664532,MISS,,12075
4873,0.498004,MISS,,13063
4874,0.652704,MISS,,12623
4875,0.706613,MISS,,12577
4876,0.534232,MISS,,12733
4877,0.821964,MISS,,12453
4878,0.997178,HIT,true,12191
4879,0.962374,HIT,true,12393
4880,0.970738,HIT,true,14053
4881,0.629892,MISS,,12169
4882,0.518941,MISS,,13975
4883,0.745689,MISS,,12875
4884,0.461310,MISS,,12872
4885,0.594395,MISS,,11879
4886,0.863451,HIT,true,12165
4887,0.978267,HIT,true,12516
4888,0.792998,MISS,,12046
4889,0.680316,MISS,,12378
4890,0.557646,MISS,,14315
4891,0.647445,MISS,,13164
4892,0.690632,MISS,,12512
4893,0.874934,HIT,true,11977
4894,0.761663,MISS,,14071
4895,0.564157,MISS,,13450
4896,0.819825,MISS,,13893
4897,0.513383,MISS,,11913
4898,0.407144,MISS,,12100
4899,0.388346,MISS,,12134
4900,0.905307,HIT,true,13085
4901,0.861791,HIT,true,13085
4902,0.634259,MISS,,12173
4903,0.609615,MISS,,13174
4904,0.969215,HIT,true,12379
4905,0.547774,MISS,,12034
4906,0.973207,HIT,true,13951
4907,0.454188,MISS,,13830
4908,0.609763,MISS,,13629
4909,0.597246,MISS,,12766
4910,0.858736,HIT,true,13509
4911,0.708939,MISS,,16134
4912,0.927132,HIT,true,12451
4913,0.857929,HIT,true,11795
4914,0.846278,MISS,,11867
4915,0.661974,MISS,,12680
4916,0.794532,MISS,,14046
4917,0.924506,HIT,true,14368
4918,0.821669,MISS,,15354
4919,0.924661,HIT,true,14144
4920,0.609512,MISS,,11913
4921,0.405644,MISS,,15230
4922,0.580206,MISS,,12772
4923,0.542049,MISS,,13480
4924,0.464299,MISS,,11666
4925,0.921226,HIT,true,13489
4926,0.378460,MISS,,13025
4927,0.584820,MISS,,22044
4928,0.454171,MISS,,12462
4929,0.364677,MISS,,12173
4930,0.939068,HIT,true,12551
4931,0.405378,MISS,,12648
4932,0.624690,MISS,,12577
4933,0.427689,MISS,,12158
4934,0.834963,MISS,,13245
4935,0.697425,MISS,,11818
4936,0.907663,HIT,true,12629
4937,0.583065,MISS,,12307
4938,0.630852,MISS,,11900
4939,0.512447,MISS,,12085
4940,0.786760,MISS,,13041
4941,0.606791,MISS,,12197
4942,0.919787,HIT,true,13272
4943,0.303218,MISS,,12142
4944,0.678040,MISS,,12639
4945,0.721734,MISS,,12073
4946,0.635109,MISS,,12880
4947,0.749151,MISS,,12754
4948,0.899017,HIT,true,12368
4949,0.790360,MISS,,11762
4950,0.588086,MISS,,12339
4951,0.994798,HIT,true,11985
4952,0.762613,MISS,,14061
4953,0.739116,MISS,,12959
4954,0.462828,MISS,,11908
4955,0.987337,HIT,true,12449
4956,0.799127,MISS,,12233
4957,0.434160,MISS,,12047
4958,0.855135,HIT,true,12347
4959,0.912520,HIT,true,14336
4960,0.845707,MISS,,13466
4961,0.598953,MISS,,12357
4962,0.850726,HIT,false,12464
4963,0.573939,MISS,,13179
4964,0.468983,MISS,,12890
4965,0.467916,MISS,,11685
4966,0.527783,MISS,,13169
4967,0.419074,MISS,,11976
4968,0.544911,MISS,,12675
4969,0.628344,MISS,,11869
4970,0.475881,MISS,,12577
4971,0.880100,HIT,true,11902
4972,0.926053,HIT,true,12311
4973,0.616708,MISS,,14661
4974,0.514261,MISS,,12319
4975,0.947664,HIT,true,12746
4976,0.560359,MISS,,12000
4977,0.516627,MISS,,12153
4978,0.589040,MISS,,11994
4979,0.579583,MISS,,13181
4980,0.888508,HIT,true,12493
4981,0.463712,MISS,,12097
4982,0.933061,HIT,true,12232
4983,0.562884,MISS,,13766
4984,0.758767,MISS,,13003
4985,0.518589,MISS,,12128
4986,0.766820,MISS,,12869
4987,0.686016,MISS,,13393
4988,0.482830,MISS,,12316
4989,0.808672,MISS,,12425
4990,0.957311,HIT,true,11985
4991,0.911735,HIT,true,12592
4992,0.638773,MISS,,15562
4993,0.766870,MISS,,11748
4994,0.466046,MISS,,14526
4995,0.568809,MISS,,13334
4996,0.657422,MISS,,12309
4997,0.433293,MISS,,11954
4998,0.472918,MISS,,12729
4999,0.454971,MISS,,12640
5000,0.678547,MISS,,12487
5001,0.454897,MISS,,12159
5002,0.710069,MISS,,12322
5003,0.475191,MISS,,12208
5004,0.462826,MISS,,13016
5005,0.806000,MISS,,13281
5006,0.849460,MISS,,12837
5007,0.538669,MISS,,13129
5008,0.683969,MISS,,12634
5009,0.812790,MISS,,11856
5010,0.893216,HIT,true,12097
5011,0.564892,MISS,,12434
5012,0.552767,MISS,,12764
5013,0.985671,HIT,true,12259
5014,0.904291,HIT,false,12294
5015,0.621535,MISS,,13887
5016,0.469584,MISS,,12189
5017,0.550737,MISS,,12456
5018,0.683290,MISS,,12494
5019,0.459300,MISS,,12352
5020,0.828687,MISS,,12003
5021,0.978138,HIT,true,12454
5022,0.889955,HIT,true,12246
5023,0.894618,HIT,true,12068
5024,0.580163,MISS,,12021
5025,0.636190,MISS,,13487
5026,0.765050,MISS,,12940
5027,0.610493,MISS,,12691
5028,0.511564,MISS,,12071
5029,0.638075,MISS,,12452
5030,0.493896,MISS,,12266
5031,0.621049,MISS,,12776
5032,0.980651,HIT,true,13007
5033,0.526867,MISS,,12435
5034,0.489766,MISS,,12553
5035,0.495880,MISS,,12114
5036,0.792736,MISS,,13505
5037,0.551856,MISS,,13639
5038,0.919155,HIT,true,12995
5039,0.636749,MISS,,12943
5040,0.656757,MISS,,11906
5041,0.655455,MISS,,12515
5042,0.903691,HIT,true,15434
5043,0.977254,HIT,true,17608
5044,0.461612,MISS,,16486
5045,0.704980,MISS,,12295
5046,0.983521,HIT,true,14147
5047,0.509994,MISS,,13208
5048,0.871227,HIT,true,12449
5049,0.487449,MISS,,13239
5050,0.862644,HIT,true,13508
5051,0.461597,MISS,,12506
5052,0.690552,MISS,,14482
5053,0.521739,MISS,,14267
5054,0.548805,MISS,,16668
5055,0.846581,MISS,,13406
5056,0.852020,HIT,false,14965
5057,0.486605,MISS,,11908
5058,0.926318,HIT,true,12523
5059,0.513544,MISS,,12635
5060,0.742191,MISS,,12250
5061,0.918786,HIT,true,11871
5062,0.564948,MISS,,12561
5063,0.781560,MISS,,12482
5064,0.968149,HIT,true,12681
5065,0.636729,MISS,,13208
5066,0.911098,HIT,true,14010
5067,0.825685,MISS,,12938
5068,0.625315,MISS,,12965
5069,0.989715,HIT,true,12563
5070,0.968773,HIT,true,12416
5071,0.851351,HIT,false,12226
5072,0.570919,MISS,,12553
5073,0.537598,MISS,,12023
5074,0.515640,MISS,,12971
5075,0.944589,HIT,true,12114
5076,0.720300,MISS,,12834
5077,0.598066,MISS,,13214
5078,0.522496,MISS,,12877
5079,0.901097,HIT,true,12133
5080,0.550963,MISS,,12243
5081,0.515998,MISS,,12373
5082,0.938208,HIT,true,13265
5083,0.907250,HIT,true,12034
5084,0.748844,MISS,,12067
5085,0.525128,MISS,,12733
5086,0.760117,MISS,,12091
5087,0.640160,MISS,,12234
5088,0.818219,MISS,,13501
5089,0.564662,MISS,,13095
5090,0.807938,MISS,,12115
5091,0.809993,MISS,,12076
5092,0.854715,HIT,true,12151
5093,0.937762,HIT,true,12638
5094,0.921391,HIT,true,12507
5095,0.756703,MISS,,12686
5096,0.590508,MISS,,12008
5097,0.516179,MISS,,12515
5098,0.535532,MISS,,12895
5099,0.744176,MISS,,13155
5100,0.867375,HIT,true,11977
5101,0.493070,MISS,,12539
5102,0.918276,HIT,true,12889
5103,0.964319,HIT,true,11967
5104,0.966663,HIT,true,12222
5105,0.943698,HIT,true,12198
5106,0.571071,MISS,,12533
5107,0.404195,MISS,,11942
5108,0.885813,HIT,true,12915
5109,0.693131,MISS,,11992
5110,0.602720,MISS,,13160
5111,0.760062,MISS,,13479
5112,0.894720,HIT,true,12711
5113,0.651264,MISS,,12530
5114,0.389985,MISS,,12495
5115,0.489312,MISS,,12754
5116,0.524871,MISS,,12252
5117,0.559052,MISS,,12165
5118,0.653770,MISS,,12034
5119,0.964855,HIT,true,13017
5120,0.811655,MISS,,13579
5121,0.727235,MISS,,13717
5122,0.872432,HIT,true,12697
5123,0.931079,HIT,true,11845
5124,0.847914,MISS,,12279
5125,0.580567,MISS,,12120
5126,0.869088,HIT,true,12028
5127,0.513834,MISS,,12431
5128,0.726823,MISS,,13079
5129,0.365343,MISS,,12327
5130,0.623132,MISS,,12410
5131,0.645407,MISS,,13347
5132,0.873656,HIT,true,12083
5133,0.698585,MISS,,12202
5134,0.324470,MISS,,12363
5135,0.549546,MISS,,12868
5136,0.638041,MISS,,12109
5137,0.762690,MISS,,12023
5138,0.758203,MISS,,12413
5139,0.932491,HIT,true,12561
5140,0.499680,MISS,,12230
5141,0.941946,HIT,true,13030
5142,0.638003,MISS,,12648
5143,0.907912,HIT,true,12584
5144,0.479434,MISS,,11936
5145,0.601322,MISS,,12044
5146,0.876991,HIT,true,12175
5147,0.492003,MISS,,12359
5148,0.526982,MISS,,12865
5149,0.915615,HIT,false,12578
5150,0.917179,HIT,true,12125
5151,0.504205,MISS,,12595
5152,0.759694,MISS,,13305
5153,0.723299,MISS,,11934
5154,0.685376,MISS,,12804
5155,0.679711,MISS,,13135
5156,0.668993,MISS,,12584
5157,0.550351,MISS,,12999
5158,0.552995,MISS,,12287
5159,0.811774,MISS,,12126
5160,0.749891,MISS,,12564
5161,0.993145,HIT,true,12753
5162,0.437122,MISS,,12643
5163,0.773555,MISS,,13170
5164,0.571540,MISS,,12192
5165,0.938975,HIT,true,11946
5166,0.707052,MISS,,12565
5167,0.546950,MISS,,12516
5168,0.619459,MISS,,12196
5169,0.590671,MISS,,12136
5170,0.672038,MISS,,12387
5171,0.632120,MISS,,12320
5172,0.699593,MISS,,11985
5173,0.853402,HIT,true,13244
5174,0.353321,MISS,,13411
5175,0.478123,MISS,,12673
5176,0.929431,HIT,true,12208
5177,0.648712,MISS,,12114
5178,0.641761,MISS,,12642
5179,0.758955,MISS,,12006
5180,0.805066,MISS,,12000
5181,0.687732,MISS,,12832
5182,0.862566,HIT,true,12594
5183,0.967807,HIT,true,12082
5184,0.918492,HIT,true,13534
5185,0.984854,HIT,false,12293
5186,0.769987,MISS,,12217
5187,0.985002,HIT,true,12739
5188,0.762298,MISS,,12178
5189,0.916132,HIT,true,12245
5190,0.627304,MISS,,11962
5191,0.835583,MISS,,11831
5192,0.458122,MISS,,12417
5193,0.904602,HIT,true,12263
5194,0.832285,MISS,,13422
5195,0.623671,MISS,,13200
5196,0.611500,MISS,,12364
5197,0.678431,MISS,,12070
5198,0.911697,HIT,true,11962
5199,0.469199,MISS,,12031
5200,0.605881,MISS,,13376
5201,0.609511,MISS,,13218
5202,0.563648,MISS,,12092
5203,0.480282,MISS,,12210
5204,0.727054,MISS,,12278
5205,0.349319,MISS,,13626
5206,0.499949,MISS,,11838
5207,0.609518,MISS,,12621
5208,0.665741,MISS,,12508
5209,0.952524,HIT,true,12126
5210,0.838698,MISS,,11738
5211,0.724750,MISS,,12282
5212,0.769233,MISS,,12588
5213,0.831702,MISS,,12039
5214,0.586365,MISS,,12667
5215,0.952565,HIT,true,12286
5216,0.557965,MISS,,13824
5217,0.489509,MISS,,12162
5218,0.741575,MISS,,11907
5219,0.825803,MISS,,12198
5220,0.667776,MISS,,14158
5221,0.972147,HIT,true,11788
5222,0.618184,MISS,,12542
5223,0.537227,MISS,,11989
5224,0.731142,MISS,,12450
5225,0.590001,MISS,,12125
5226,0.831051,MISS,,12516
5227,0.537492,MISS,,13964
5228,0.646047,MISS,,15708
5229,0.499377,MISS,,15327
5230,0.676757,MISS,,15198
5231,0.981918,HIT,true,11977
5232,0.630211,MISS,,13147
5233,0.785798,MISS,,13033
5234,0.780003,MISS,,12832
5235,0.476381,MISS,,12173
5236,0.946036,HIT,true,14450
5237,0.948200,HIT,true,13346
5238,0.704400,MISS,,12484
5239,0.538929,MISS,,12499
5240,0.967770,HIT,true,11880
5241,0.973662,HIT,true,12765
5242,0.899648,HIT,true,14060
5243,0.983073,HIT,true,13588
5244,0.674087,MISS,,11820
5245,0.899810,HIT,false,13255
5246,0.948153,HIT,true,12733
5247,0.887783,HIT,true,12408
5248,0.777854,MISS,,12806
5249,0.496548,MISS,,12411
5250,0.450382,MISS,,21114
5251,0.473603,MISS,,12666
5252,0.507390,MISS,,12569
5253,0.548638,MISS,,11838
5254,0.715628,MISS,,11962
5255,0.901857,HIT,false,12441
5256,0.553279,MISS,,12115
5257,0.428111,MISS,,13681
5258,0.829082,MISS,,12826
5259,0.625525,MISS,,12018
5260,0.745733,MISS,,12077
5261,0.880593,HIT,true,12367
5262,0.471907,MISS,,12136
5263,0.417831,MISS,,12255
5264,0.671470,MISS,,12229
5265,0.757206,MISS,,12972
5266,0.545091,MISS,,12187
5267,0.808094,MISS,,12216
5268,0.609406,MISS,,13724
5269,0.968180,HIT,true,12138
5270,0.510876,MISS,,11999
5271,0.510479,MISS,,12898
5272,0.881824,HIT,true,11870
5273,0.472801,MISS,,12587
5274,0.972439,HIT,true,12029
5275,0.697487,MISS,,12146
5276,0.541157,MISS,,12085
5277,0.868717,HIT,true,12571
5278,0.423732,MISS,,13102
5279,0.583446,MISS,,11864
5280,0.935108,HIT,true,14023
5281,0.496678,MISS,,12945
5282,0.427387,MISS,,12507
5283,0.609452,MISS,,14287
5284,0.919441,HIT,true,14652
5285,0.635426,MISS,,15722
5286,0.603524,MISS,,15455
5287,0.609025,MISS,,16485
5288,0.549239,MISS,,19878
5289,0.449359,MISS,,13949
5290,0.815131,MISS,,15593
5291,0.904183,HIT,true,14843
5292,0.432268,MISS,,15729
5293,0.423108,MISS,,14968
5294,0.961984,HIT,true,15275
5295,0.927277,HIT,true,16928
5296,0.947809,HIT,true,19562
5297,0.704444,MISS,,16500
5298,0.644057,MISS,,17049
5299,0.601938,MISS,,17346
5300,0.593055,MISS,,16352
5301,0.994006,HIT,true,15960
5302,0.727224,MISS,,15232
5303,0.641869,MISS,,15587
5304,0.626984,MISS,,18084
5305,0.830689,MISS,,15439
5306,0.822510,MISS,,13493
5307,0.617332,MISS,,14513
5308,0.551054,MISS,,52448
5309,0.544961,MISS,,26164
5310,0.491688,MISS,,31374
5311,0.767180,MISS,,30334
5312,0.464587,MISS,,47804
5313,0.790823,MISS,,68603
5314,0.632513,MISS,,45286
5315,0.432760,MISS,,42020
5316,0.310365,MISS,,34669
5317,0.817352,MISS,,25791
5318,0.485532,MISS,,26874
5319,0.945795,HIT,true,34564
5320,0.724371,MISS,,22039
5321,0.597733,MISS,,21955
5322,0.993818,HIT,true,18451
5323,0.583114,MISS,,20526
5324,0.589998,MISS,,18625
5325,0.454533,MISS,,19613
5326,0.987220,HIT,true,28593
5327,0.503141,MISS,,36465
5328,0.888384,HIT,true,33953
5329,0.915451,HIT,true,28328
5330,0.450847,MISS,,41742
5331,0.769867,MISS,,38875
5332,0.635247,MISS,,18848
5333,0.933933,HIT,true,20259
5334,0.654811,MISS,,27777
5335,0.896041,HIT,true,37888
5336,0.434548,MISS,,14483
5337,0.487328,MISS,,12353
5338,0.628456,MISS,,13066
5339,0.775975,MISS,,13145
5340,0.539866,MISS,,13611
5341,0.910807,HIT,true,12331
5342,0.982513,HIT,true,11730
5343,0.701779,MISS,,14233
5344,0.533647,MISS,,17528
5345,0.484639,MISS,,13404
5346,0.552034,MISS,,16014
5347,0.866202,HIT,true,18100
5348,0.691859,MISS,,18775
5349,0.993732,HIT,true,18474
5350,0.864985,HIT,true,16286
5351,0.810066,MISS,,17118
5352,0.916636,HIT,true,15094
5353,0.851925,HIT,false,15311
5354,0.350073,MISS,,20591
5355,0.602455,MISS,,20816
5356,0.549784,MISS,,15706
5357,0.933349,HIT,true,16353
5358,0.631859,MISS,,18052
5359,0.981345,HIT,true,17326
5360,0.693270,MISS,,17639
5361,0.912974,HIT,true,18202
5362,0.708393,MISS,,16233
5363,0.404947,MISS,,17011
5364,0.532612,MISS,,15303
5365,0.551961,MISS,,14885
5366,0.523700,MISS,,14927
5367,0.629273,MISS,,16281
5368,0.614356,MISS,,15827
5369,0.758144,MISS,,15061
5370,0.480465,MISS,,16279
5371,0.455609,MISS,,14818
5372,0.831142,MISS,,15608
5373,0.532702,MISS,,15923
5374,0.867546,HIT,true,16089
5375,0.881159,HIT,true,16674
5376,0.653868,MISS,,12740
5377,0.563343,MISS,,12783
5378,0.592821,MISS,,12773
5379,0.919349,HIT,true,13896
5380,0.982527,HIT,true,16209
5381,0.629440,MISS,,14060
5382,0.731259,MISS,,23434
5383,0.590226,MISS,,17317
5384,0.580968,MISS,,20854
5385,0.721032,MISS,,16817
5386,0.683416,MISS,,15561
5387,0.307652,MISS,,15567
5388,0.541142,MISS,,15289
5389,0.902607,HIT,true,16551
5390,0.929393,HIT,true,16921
5391,0.925570,HIT,true,15702
5392,0.985165,HIT,true,17501
5393,0.697566,MISS,,18649
5394,0.997041,HIT,true,18735
5395,0.492048,MISS,,18662
5396,0.733739,MISS,,20262
5397,0.650008,MISS,,22088
5398,0.353141,MISS,,18718
5399,0.598956,MISS,,17002
5400,0.952686,HIT,true,17017
5401,0.653103,MISS,,15072
5402,0.501856,MISS,,12611
5403,0.818346,MISS,,14223
5404,0.476797,MISS,,13943
5405,0.598909,MISS,,13454
5406,0.894136,HIT,false,12700
5407,0.456035,MISS,,12993
5408,0.520851,MISS,,12915
5409,0.616198,MISS,,15801
5410,0.979390,HIT,true,15528
5411,0.602100,MISS,,15087
5412,0.622883,MISS,,15473
5413,0.466759,MISS,,15816
5414,0.550379,MISS,,15724
5415,0.904085,HIT,true,15127
5416,0.827995,MISS,,19337
5417,0.958954,HIT,true,17166
5418,0.439893,MISS,,21312
5419,0.997803,HIT,true,23162
5420,0.506348,MISS,,20391
5421,0.769477,MISS,,14335
5422,0.424472,MISS,,16194
5423,0.981929,HIT,true,15867
5424,0.527322,MISS,,18505
5425,0.664543,MISS,,17436
5426,0.679015,MISS,,15315
5427,0.518922,MISS,,15119
5428,0.659324,MISS,,17112
5429,0.769877,MISS,,15292
5430,0.389107,MISS,,15833
5431,0.667280,MISS,,16934
5432,0.606772,MISS,,16904
5433,0.466359,MISS,,22039
5434,0.922212,HIT,true,44245
5435,0.920003,HIT,true,63060
5436,0.955498,HIT,false,25139
5437,0.631034,MISS,,18304
5438,0.486449,MISS,,37584
5439,0.592890,MISS,,24558
5440,0.760270,MISS,,28900
5441,0.562129,MISS,,27215
5442,0.897582,HIT,false,19779
5443,0.760821,MISS,,14805
5444,0.820090,MISS,,19977
5445,0.726558,MISS,,19005
5446,0.631919,MISS,,19747
5447,0.975054,HIT,true,18301
5448,0.798332,MISS,,15574
5449,0.376060,MISS,,27405
5450,0.964592,HIT,true,17423
5451,0.490005,MISS,,18442
5452,0.671226,MISS,,15802
5453,0.824726,MISS,,12406
5454,0.846273,MISS,,15608
5455,0.716394,MISS,,15048
5456,0.951083,HIT,true,13509
5457,0.793307,MISS,,13710
5458,0.925432,HIT,true,14739
5459,0.722857,MISS,,15443
5460,0.706374,MISS,,12570
5461,0.542143,MISS,,13410
5462,0.936393,HIT,true,15307
5463,0.894077,HIT,true,18463
5464,0.854792,HIT,true,16651
5465,0.510914,MISS,,17212
5466,0.647422,MISS,,15746
5467,0.412802,MISS,,18920
5468,0.643962,MISS,,15681
5469,0.857360,HIT,false,19272
5470,0.612804,MISS,,20372
5471,0.696863,MISS,,43622
5472,0.685976,MISS,,21098
5473,0.593484,MISS,,23475
5474,0.918151,HIT,true,18048
5475,0.795185,MISS,,20603
5476,0.652208,MISS,,24426
5477,0.439586,MISS,,23644
5478,0.668354,MISS,,24448
5479,0.723865,MISS,,23614
5480,0.869763,HIT,true,32924
5481,0.544911,MISS,,37937
5482,0.429742,MISS,,32767
5483,0.582259,MISS,,30670
5484,0.953494,HIT,true,19634
5485,0.540994,MISS,,26726
5486,0.894994,HIT,true,25787
5487,0.724176,MISS,,13118
5488,0.535897,MISS,,16913
5489,0.409251,MISS,,17679
5490,0.708275,MISS,,14656
5491,0.445521,MISS,,16342
5492,0.662421,MISS,,18255
5493,0.659177,MISS,,32359
5494,0.598418,MISS,,30165
5495,0.733427,MISS,,25132
5496,0.489338,MISS,,28154
5497,0.924873,HIT,true,25600
5498,0.702349,MISS,,27514
5499,0.643773,MISS,,25693
5500,0.900599,HIT,true,26240
5501,0.537452,MISS,,21716
5502,0.450076,MISS,,27590
5503,0.595608,MISS,,35797
5504,0.939789,HIT,true,25444
5505,0.431348,MISS,,24599
5506,0.459742,MISS,,22678
5507,0.617541,MISS,,26281
5508,0.448033,MISS,,32074
5509,0.648163,MISS,,25132
5510,0.912676,HIT,true,21209
5511,0.675480,MISS,,20740
5512,0.394004,MISS,,19035
5513,0.940328,HIT,true,19376
5514,0.394734,MISS,,20076
5515,0.835819,MISS,,17111
5516,0.746364,MISS,,17304
5517,0.924515,HIT,true,20271
5518,0.449330,MISS,,18567
5519,0.653608,MISS,,19912
5520,0.925955,HIT,true,18598
5521,0.826763,MISS,,20169
5522,0.512023,MISS,,20870
5523,0.906540,HIT,true,17913
5524,0.521566,MISS,,19555
5525,0.855987,HIT,true,21341
5526,0.510493,MISS,,17552
5527,0.627748,MISS,,18891
5528,0.973705,HIT,true,18475
5529,0.969165,HIT,true,20336
5530,0.580107,MISS,,19198
5531,0.490053,MISS,,20326
5532,0.789966,MISS,,24056
5533,0.443496,MISS,,20718
5534,0.593417,MISS,,25076
5535,0.442752,MISS,,24680
5536,0.844964,MISS,,16486
5537,0.656660,MISS,,20450
5538,0.606088,MISS,,21552
5539,0.481235,MISS,,19934
5540,0.837348,MISS,,17969
5541,0.665246,MISS,,16971
5542,0.671762,MISS,,13944
5543,0.590280,MISS,,16233
5544,0.875409,HIT,true,16718
5545,0.430872,MISS,,15582
5546,0.888164,HIT,true,20780
5547,0.530221,MISS,,17671
5548,0.974550,HIT,true,18580
5549,0.959241,HIT,true,16981
5550,0.852200,HIT,true,17427
5551,0.742763,MISS,,14993
5552,0.908762,HIT,true,13168
5553,0.459305,MISS,,12141
5554,0.842006,MISS,,13585
5555,0.960540,HIT,true,13158
5556,0.582846,MISS,,12506
5557,0.919890,HIT,true,16691
5558,0.866737,HIT,true,12990
5559,0.878635,HIT,false,13074
5560,0.708570,MISS,,12961
5561,0.444146,MISS,,12416
5562,0.425306,MISS,,11928
5563,0.807633,MISS,,13005
5564,0.555378,MISS,,12665
5565,0.580635,MISS,,12018
5566,0.735609,MISS,,12115
5567,0.911224,HIT,true,12898
5568,0.535304,MISS,,17370
5569,0.819883,MISS,,13915
5570,0.768044,MISS,,13384
5571,0.669061,MISS,,12691
5572,0.477990,MISS,,14347
5573,0.521801,MISS,,19771
5574,0.576980,MISS,,22057
5575,0.937323,HIT,true,23496
5576,0.446796,MISS,,17131
5577,0.442412,MISS,,15108
5578,0.983339,HIT,true,14780
5579,0.813709,MISS,,16662
5580,0.439238,MISS,,16415
5581,0.964345,HIT,true,14936
5582,0.941225,HIT,true,15137
5583,0.812792,MISS,,16657
5584,0.622506,MISS,,17412
5585,0.862090,HIT,true,16784
5586,0.974624,HIT,true,16454
5587,0.659916,MISS,,16533
5588,0.612488,MISS,,20755
5589,0.862961,HIT,false,19028
5590,0.822708,MISS,,15088
5591,0.799656,MISS,,18455
5592,0.929010,HIT,true,14918
5593,0.920992,HIT,false,13721
5594,0.635755,MISS,,13075
5595,0.960567,HIT,true,15692
5596,0.640410,MISS,,15677
5597,0.668952,MISS,,16518
5598,0.468520,MISS,,16322
5599,0.486426,MISS,,16985
5600,0.532403,MISS,,17545
5601,0.823604,MISS,,16290
5602,0.748839,MISS,,21823
5603,0.546499,MISS,,20440
5604,0.474316,MISS,,23428
5605,0.424998,MISS,,15568
5606,0.868164,HIT,true,22025
5607,0.946200,HIT,true,19351
5608,0.959456,HIT,true,19356
5609,0.867110,HIT,true,15953
5610,0.780119,MISS,,17923
5611,0.411376,MISS,,13544
5612,0.911129,HIT,true,12608
5613,0.577696,MISS,,13967
5614,0.460423,MISS,,13573
5615,0.587275,MISS,,12025
5616,0.935332,HIT,true,14448
5617,0.601493,MISS,,16405
5618,0.480990,MISS,,15982
5619,0.930162,HIT,true,16207
5620,0.993254,HIT,true,16216
5621,0.680670,MISS,,15634
5622,0.442054,MISS,,13080
5623,0.516369,MISS,,16053
5624,0.852672,HIT,true,18906
5625,0.405589,MISS,,18067
5626,0.505839,MISS,,19166
5627,0.496435,MISS,,15798
5628,0.910019,HIT,true,16041
5629,0.624022,MISS,,18157
5630,0.865315,HIT,false,15963
5631,0.704615,MISS,,15257
5632,0.788832,MISS,,17776
5633,0.741708,MISS,,17731
5634,0.725965,MISS,,15801
5635,0.873843,HIT,true,16143
5636,0.536397,MISS,,15333
5637,0.564851,MISS,,15827
5638,0.570235,MISS,,15212
5639,0.564590,MISS,,16599
5640,0.695088,MISS,,17756
5641,0.883097,HIT,true,15777
5642,0.815546,MISS,,15853
5643,0.871378,HIT,true,18231
5644,0.601403,MISS,,17128
5645,0.927236,HIT,true,17037
5646,0.368354,MISS,,14524
5647,0.499305,MISS,,14878
5648,0.698068,MISS,,18026
5649,0.923328,HIT,true,16667
5650,0.515670,MISS,,15899
5651,0.547470,MISS,,15889
5652,0.533670,MISS,,15443
5653,0.761139,MISS,,24607
5654,0.637994,MISS,,26403
5655,0.585671,MISS,,29150
5656,0.514866,MISS,,20234
5657,0.603293,MISS,,16932
5658,0.524489,MISS,,17110
5659,0.447886,MISS,,15669
5660,0.691761,MISS,,15034
5661,0.622064,MISS,,12285
5662,0.862026,HIT,true,13908
5663,0.559150,MISS,,17175
5664,0.889818,HIT,true,16305
5665,0.603453,MISS,,15034
5666,0.992998,HIT,true,17012
5667,0.610385,MISS,,17138
5668,0.623976,MISS,,21536
5669,0.951823,HIT,true,19874
5670,0.545835,MISS,,21055
5671,0.915033,HIT,true,25905
5672,0.940581,HIT,true,19272
5673,0.881388,HIT,true,19133
5674,0.548644,MISS,,17690
5675,0.868367,HIT,true,23793
5676,0.580434,MISS,,18661
5677,0.788923,MISS,,25851
5678,0.662427,MISS,,19355
5679,0.982161,HIT,true,17634
5680,0.998406,HIT,true,24558
5681,0.653427,MISS,,18993
5682,0.584167,MISS,,19350
5683,0.461047,MISS,,24937
5684,0.784737,MISS,,17162
5685,0.540534,MISS,,20162
5686,0.775917,MISS,,16468
5687,0.428704,MISS,,18994
5688,0.562791,MISS,,21607
5689,0.937510,HIT,true,26387
5690,0.635965,MISS,,29750
5691,0.960413,HIT,true,39297
5692,0.925758,HIT,true,18536
5693,0.745465,MISS,,19904
5694,0.494304,MISS,,17721
5695,0.779625,MISS,,21463
5696,0.366882,MISS,,24314
5697,0.572769,MISS,,27724
5698,0.948653,HIT,true,37740
5699,0.680376,MISS,,40331
5700,0.826768,MISS,,37444
5701,0.795980,MISS,,27409
5702,0.800067,MISS,,34508
5703,0.618129,MISS,,26208
5704,0.879573,HIT,true,26575
5705,0.835817,MISS,,29081
5706,0.619175,MISS,,23454
5707,0.706598,MISS,,25101
5708,0.813323,MISS,,26020
5709,0.990079,HIT,true,21490
5710,0.606990,MISS,,16808
5711,0.573235,MISS,,20533
5712,0.403486,MISS,,28054
5713,0.756623,MISS,,25746
5714,0.822586,MISS,,30535
5715,0.909657,HIT,true,22929
5716,0.782636,MISS,,20369
5717,0.907050,HIT,true,23605
5718,0.566381,MISS,,19723
5719,0.597222,MISS,,20695
5720,0.426715,MISS,,22718
5721,0.610839,MISS,,20768
5722,0.609375,MISS,,21138
5723,0.991161,HIT,true,24679
5724,0.619833,MISS,,17961
5725,0.510856,MISS,,22206
5726,0.866870,HIT,true,24440
5727,0.593376,MISS,,24144
5728,0.504871,MISS,,23003
5729,0.863571,HIT,true,19909
5730,0.985238,HIT,true,26069
5731,0.602767,MISS,,20592
5732,0.967072,HIT,true,23593
5733,0.615267,MISS,,18047
5734,0.399933,MISS,,19722
5735,0.795813,MISS,,22136
5736,0.446104,MISS,,16815
5737,0.603139,MISS,,21163
5738,0.492022,MISS,,27254
5739,0.779337,MISS,,18778
5740,0.603340,MISS,,25639
5741,0.443889,MISS,,23044
5742,0.523906,MISS,,21789
5743,0.969786,HIT,true,19995
5744,0.855412,HIT,true,25710
5745,0.700361,MISS,,19561
5746,0.908091,HIT,false,23535
5747,0.679637,MISS,,22185
5748,0.902202,HIT,true,25422
5749,0.618277,MISS,,24013
5750,0.454091,MISS,,17900
5751,0.846047,MISS,,18237
5752,0.915171,HIT,true,24092
5753,0.593076,MISS,,24386
5754,0.542939,MISS,,36066
5755,0.638970,MISS,,56685
5756,0.737487,MISS,,46142
5757,0.657011,MISS,,25480
5758,0.638071,MISS,,23766
5759,0.851778,HIT,true,21690
5760,0.973614,HIT,true,26430
5761,0.399680,MISS,,20686
5762,0.537350,MISS,,16776
5763,0.383044,MISS,,15381
5764,0.800790,MISS,,24527
5765,0.391837,MISS,,15019
5766,0.609813,MISS,,17348
5767,0.921598,HIT,true,15789
5768,0.671222,MISS,,17658
5769,0.396310,MISS,,23576
5770,0.523527,MISS,,14606
5771,0.464506,MISS,,13912
5772,0.669549,MISS,,16439
5773,0.545802,MISS,,21177
5774,0.468618,MISS,,15870
5775,0.699640,MISS,,15010
5776,0.633043,MISS,,17095
5777,0.859587,HIT,true,14775
5778,0.365801,MISS,,17434
5779,0.918737,HIT,true,21502
5780,0.369224,MISS,,21452
5781,0.816626,MISS,,15895
5782,0.994748,HIT,true,14324
5783,0.692942,MISS,,19828
5784,0.491664,MISS,,20079
5785,0.587059,MISS,,19078
5786,0.589977,MISS,,15022
5787,0.905547,HIT,true,21792
5788,0.927218,HIT,true,17092
5789,0.822066,MISS,,14923
5790,0.982414,HIT,true,17983
5791,0.521372,MISS,,18085
5792,0.936428,HIT,true,18472
5793,0.441403,MISS,,15208
5794,0.665997,MISS,,16236
5795,0.855964,HIT,true,17669
5796,0.826478,MISS,,23179
5797,0.984195,HIT,true,13834
5798,0.754867,MISS,,13373
5799,0.428911,MISS,,18327
5800,0.881948,HIT,true,14619
5801,0.497052,MISS,,17139
5802,0.762660,MISS,,19415
5803,0.622280,MISS,,24310
5804,0.598627,MISS,,16548
5805,0.743282,MISS,,14272
5806,0.767406,MISS,,17479
5807,0.758281,MISS,,16076
5808,0.611283,MISS,,17761
5809,0.402105,MISS,,15734
5810,0.984847,HIT,true,16937
5811,0.937092,HIT,true,14632
5812,0.788029,MISS,,13628
5813,0.841247,MISS,,15109
5814,0.892815,HIT,true,28404
5815,0.822578,MISS,,26242
5816,0.778050,MISS,,22597
5817,0.886086,HIT,true,21103
5818,0.542085,MISS,,13169
5819,0.343881,MISS,,13900
5820,0.571394,MISS,,17445
5821,0.857583,HIT,true,18408
5822,0.614852,MISS,,22761
5823,0.688735,MISS,,17853
5824,0.983089,HIT,true,18695
5825,0.595705,MISS,,16060
5826,0.725235,MISS,,17418
5827,0.591756,MISS,,17537
5828,0.553849,MISS,,17549
5829,0.935109,HIT,true,16353
5830,0.953358,HIT,true,17215
5831,0.470622,MISS,,17451
5832,0.487544,MISS,,18814
5833,0.591137,MISS,,13591
5834,0.994825,HIT,true,16919
5835,0.855256,HIT,true,15038
5836,0.658585,MISS,,16356
5837,0.760138,MISS,,17613
5838,0.847566,MISS,,17109
5839,0.903431,HIT,true,16030
5840,0.493497,MISS,,21211
5841,0.936351,HIT,true,18232
5842,0.836855,MISS,,18452
5843,0.925314,HIT,true,15253
5844,0.889369,HIT,true,13463
5845,0.395386,MISS,,15648
5846,0.817143,MISS,,16484
5847,0.912301,HIT,true,15066
5848,0.855962,HIT,true,18856
5849,0.442495,MISS,,19620
5850,0.537272,MISS,,13851
5851,0.585445,MISS,,16513
5852,0.863101,HIT,true,15545
5853,0.973438,HIT,true,17038
5854,0.734110,MISS,,15392
5855,0.536690,MISS,,15318
5856,0.877611,HIT,true,22817
5857,0.785998,MISS,,14151
5858,0.971552,HIT,true,14711
5859,0.981777,HIT,true,14303
5860,0.509415,MISS,,12952
5861,0.428499,MISS,,13226
5862,0.405464,MISS,,13896
5863,0.602404,MISS,,15934
5864,0.617176,MISS,,16109
5865,0.911804,HIT,false,18076
5866,0.368755,MISS,,14186
5867,0.932439,HIT,true,13547
5868,0.848568,MISS,,13136
5869,0.962874,HIT,true,14178
5870,0.870451,HIT,true,14334
5871,0.828192,MISS,,14927
5872,0.574044,MISS,,14111
5873,0.481061,MISS,,13739
5874,0.907053,HIT,true,16047
5875,0.579489,MISS,,18517
5876,0.845405,MISS,,22962
5877,0.493720,MISS,,36346
5878,0.571000,MISS,,21982
5879,0.863416,HIT,true,15156
5880,0.915573,HIT,true,16504
5881,0.919810,HIT,true,19829
5882,0.482086,MISS,,17857
5883,0.864836,HIT,true,20984
5884,0.371440,MISS,,13093
5885,0.840984,MISS,,13737
5886,0.935422,HIT,true,12264
5887,0.983352,HIT,true,17862
5888,0.892771,HIT,true,17368
5889,0.476789,MISS,,15758
5890,0.973965,HIT,true,14361
5891,0.679830,MISS,,15605
5892,0.385806,MISS,,13724
5893,0.521942,MISS,,15193
5894,0.646243,MISS,,16977
5895,0.931981,HIT,true,15319
5896,0.956990,HIT,true,16938
5897,0.913616,HIT,false,15747
5898,0.463316,MISS,,16014
5899,0.365846,MISS,,28910
5900,0.761914,MISS,,18478
5901,0.604847,MISS,,15572
5902,0.766888,MISS,,14175
5903,0.932150,HIT,true,13616
5904,0.530304,MISS,,15807
5905,0.688580,MISS,,13492
5906,0.444857,MISS,,13319
5907,0.470611,MISS,,13071
5908,0.632757,MISS,,14723
5909,0.530762,MISS,,15147
5910,0.633340,MISS,,15453
5911,0.509777,MISS,,16147
5912,0.985901,HIT,true,12972
5913,0.628041,MISS,,14885
5914,0.928020,HIT,true,14493
5915,0.646937,MISS,,14389
5916,0.379257,MISS,,13463
5917,0.825036,MISS,,13630
5918,0.581414,MISS,,15111
5919,0.843448,MISS,,15023
5920,0.521464,MISS,,12779
5921,0.547735,MISS,,14832
5922,0.680184,MISS,,13050
5923,0.927371,HIT,true,14125
5924,0.527394,MISS,,13481
5925,0.980070,HIT,false,12437
5926,0.908963,HIT,true,13312
5927,0.338905,MISS,,15032
5928,0.826611,MISS,,17136
5929,0.786704,MISS,,14744
5930,0.848159,MISS,,15574
5931,0.350549,MISS,,20269
5932,0.762387,MISS,,15803
5933,0.744489,MISS,,15764
5934,0.820394,MISS,,16046
5935,0.631597,MISS,,16053
5936,0.885762,HIT,true,17326
5937,0.652137,MISS,,16856
5938,0.922601,HIT,true,16446
5939,0.975298,HIT,true,17277
5940,0.993545,HIT,true,16057
5941,0.589273,MISS,,13726
5942,0.858706,HIT,true,13119
5943,0.907130,HIT,true,13454
5944,0.901565,HIT,true,12816
5945,0.728990,MISS,,13097
5946,0.650972,MISS,,12198
5947,0.689433,MISS,,13606
5948,0.974692,HIT,true,12798
5949,0.506886,MISS,,14331
5950,0.485111,MISS,,14404
5951,0.505039,MISS,,12496
5952,0.653441,MISS,,13035
5953,0.776604,MISS,,14571
5954,0.993447,HIT,true,13095
5955,0.480287,MISS,,12993
5956,0.631525,MISS,,15100
5957,0.837253,MISS,,12763
5958,0.536714,MISS,,13051
5959,0.588118,MISS,,15425
5960,0.733935,MISS,,14224
5961,0.741767,MISS,,21671
5962,0.919321,HIT,true,12863
5963,0.971517,HIT,true,14522
5964,0.792637,MISS,,13566
5965,0.965243,HIT,true,13752
5966,0.879459,HIT,true,12025
5967,0.723619,MISS,,12509
5968,0.906039,HIT,true,12545
5969,0.467707,MISS,,14325
5970,0.484922,MISS,,12351
5971,0.979754,HIT,true,12864
5972,0.541579,MISS,,14311
5973,0.856569,HIT,true,12431
5974,0.698289,MISS,,12157
5975,0.418515,MISS,,13343
5976,0.975202,HIT,true,12967
5977,0.586575,MISS,,12374
5978,0.985059,HIT,true,12827
5979,0.356695,MISS,,12859
5980,0.904728,HIT,true,14392
5981,0.453354,MISS,,12499
5982,0.746303,MISS,,12083
5983,0.955547,HIT,true,12833
5984,0.494765,MISS,,13431
5985,0.766349,MISS,,12722
5986,0.948297,HIT,true,12000
5987,0.948452,HIT,true,12936
5988,0.610795,MISS,,12769
5989,0.760444,MISS,,12272
5990,0.889449,HIT,true,13975
5991,0.914826,HIT,true,13607
5992,0.472102,MISS,,13025
5993,0.662647,MISS,,12314
5994,0.851002,HIT,true,12410
5995,0.870931,HIT,true,12895
5996,0.529271,MISS,,13097
5997,0.697791,MISS,,13534
5998,0.996211,HIT,true,12307
5999,0.753345,MISS,,12181
6000,0.528030,MISS,,14191
6001,0.766822,MISS,,12855
6002,0.615321,MISS,,13167
6003,0.741010,MISS,,12185
6004,0.685133,MISS,,12976
6005,0.754151,MISS,,12561
6006,0.731155,MISS,,12677
6007,0.859029,HIT,true,13097
6008,0.650231,MISS,,17042
6009,0.617659,MISS,,22323
6010,0.963874,HIT,true,20812
6011,0.971260,HIT,true,13287
6012,0.720000,MISS,,12916
6013,0.638633,MISS,,13281
6014,0.791121,MISS,,15476
6015,0.600664,MISS,,14114
6016,0.473243,MISS,,14152
6017,0.711344,MISS,,12755
6018,0.882696,HIT,true,15333
6019,0.471182,MISS,,13471
6020,0.868316,HIT,true,14872
6021,0.474552,MISS,,12989
6022,0.477387,MISS,,13638
6023,0.925762,HIT,true,12661
6024,0.566002,MISS,,12470
6025,0.907299,HIT,false,13813
6026,0.925392,HIT,true,13766
6027,0.594191,MISS,,14725
6028,0.982224,HIT,true,15113
6029,0.993504,HIT,true,15564
6030,0.601601,MISS,,12408
6031,0.840012,MISS,,12923
6032,0.583522,MISS,,13383
6033,0.931224,HIT,true,14208
6034,0.506835,MISS,,14139
6035,0.440743,MISS,,12833
6036,0.672080,MISS,,12362
6037,0.764435,MISS,,15607
6038,0.525238,MISS,,15081
6039,0.612450,MISS,,13624
6040,0.497288,MISS,,12255
6041,0.855915,HIT,true,13579
6042,0.923292,HIT,true,13190
6043,0.893606,HIT,true,12334
6044,0.977467,HIT,true,12843
6045,0.771763,MISS,,12756
6046,0.893928,HIT,true,12333
6047,0.585597,MISS,,12463
6048,0.964256,HIT,true,14423
6049,0.913175,HIT,true,12509
6050,0.776429,MISS,,12496
6051,0.506272,MISS,,15007
6052,0.660324,MISS,,12532
6053,0.507261,MISS,,12298
6054,0.537799,MISS,,12811
6055,0.528847,MISS,,12291
6056,0.633854,MISS,,12488
6057,0.935264,HIT,true,12892
6058,0.656635,MISS,,12463
6059,0.861297,HIT,true,13817
6060,0.431064,MISS,,13154
6061,0.679247,MISS,,12335
6062,0.840640,MISS,,13019
6063,0.956722,HIT,true,12429
6064,0.457926,MISS,,13837
6065,0.479964,MISS,,11910
6066,0.801007,MISS,,13427
6067,0.522492,MISS,,12621
6068,0.812097,MISS,,14808
6069,0.618195,MISS,,13170
6070,0.894181,HIT,true,13187
6071,0.526909,MISS,,12915
6072,0.355459,MISS,,12116
6073,0.816678,MISS,,12722
6074,0.927849,HIT,true,12451
6075,0.417512,MISS,,12877
6076,0.526613,MISS,,12855
6077,0.310161,MISS,,12600
6078,0.953096,HIT,true,13501
6079,0.531807,MISS,,13184
6080,0.931059,HIT,true,12415
6081,0.794191,MISS,,12572
6082,0.957373,HIT,true,12509
6083,0.876858,HIT,true,17205
6084,0.770472,MISS,,12939
6085,0.405772,MISS,,13298
6086,0.795145,MISS,,12797
6087,0.852756,HIT,true,13387
6088,0.900654,HIT,false,14021
6089,0.459154,MISS,,15201
6090,0.809389,MISS,,13569
6091,0.566729,MISS,,12961
6092,0.635204,MISS,,12689
6093,0.485125,MISS,,12227
6094,0.793703,MISS,,13432
6095,0.614572,MISS,,13276
6096,0.744988,MISS,,13259
6097,0.595969,MISS,,12424
6098,0.926958,HIT,true,12570
6099,0.835357,MISS,,13242
6100,0.539118,MISS,,13093
6101,0.736176,MISS,,12991
6102,0.969853,HIT,true,12500
6103,0.627135,MISS,,13150
6104,0.921683,HIT,true,12760
6105,0.674596,MISS,,12856
6106,0.831412,MISS,,12553
6107,0.909512,HIT,false,13717
6108,0.682075,MISS,,12164
6109,0.446623,MISS,,14861
6110,0.586096,MISS,,13601
6111,0.824771,MISS,,12538
6112,0.814448,MISS,,12553
6113,0.551378,MISS,,14114
6114,0.565857,MISS,,12527
6115,0.588456,MISS,,12366
6116,0.869689,HIT,true,12244
6117,0.655168,MISS,,13156
6118,0.778785,MISS,,13591
6119,0.989402,HIT,true,13774
6120,0.619539,MISS,,13512
6121,0.647915,MISS,,13154
6122,0.739808,MISS,,12340
6123,0.544012,MISS,,12217
6124,0.568394,MISS,,12303
6125,0.548938,MISS,,12604
6126,0.634681,MISS,,13370
6127,0.488975,MISS,,12250
6128,0.640004,MISS,,12399
6129,0.547088,MISS,,13691
6130,0.996947,HIT,true,14015
6131,0.937270,HIT,true,12111
6132,0.869511,HIT,true,12370
6133,0.505645,MISS,,13358
6134,0.862842,HIT,true,13135
6135,0.610966,MISS,,11910
6136,0.450922,MISS,,12367
6137,0.961200,HIT,true,12862
6138,0.719341,MISS,,12542
6139,0.470244,MISS,,12940
6140,0.720669,MISS,,11952
6141,0.880615,HIT,false,14341
6142,0.509648,MISS,,13160
6143,0.929569,HIT,true,13824
6144,0.879221,HIT,true,12796
6145,0.921352,HIT,true,14042
6146,0.823844,MISS,,12996
6147,0.551894,MISS,,13805
6148,0.975855,HIT,true,12750
6149,0.445464,MISS,,13732
6150,0.802793,MISS,,15152
6151,0.728819,MISS,,15181
6152,0.939158,HIT,true,14042
6153,0.402960,MISS,,12710
6154,0.994701,HIT,true,12668
6155,0.871131,HIT,true,12554
6156,0.972751,HIT,true,12446
6157,0.629837,MISS,,12633
6158,0.955578,HIT,true,12964
6159,0.929671,HIT,true,12628
6160,0.996932,HIT,true,14297
6161,0.431013,MISS,,16351
6162,0.649012,MISS,,12663
6163,0.776491,MISS,,12361
6164,0.690625,MISS,,14308
6165,0.692581,MISS,,12610
6166,0.885419,HIT,true,12685
6167,0.542861,MISS,,13628
6168,0.644622,MISS,,13123
6169,0.836858,MISS,,13159
6170,0.500047,MISS,,15503
6171,0.697592,MISS,,12701
6172,0.961767,HIT,true,13672
6173,0.866888,HIT,true,14653
6174,0.656576,MISS,,13108
6175,0.686267,MISS,,12761
6176,0.708961,MISS,,13445
6177,0.938074,HIT,true,12445
6178,0.592960,MISS,,12184
6179,0.690662,MISS,,13394
6180,0.899602,HIT,true,13289
6181,0.615279,MISS,,12835
6182,0.605868,MISS,,13669
6183,0.410052,MISS,,13132
6184,0.864183,HIT,true,16074
6185,0.679972,MISS,,17171
6186,0.527754,MISS,,21367
6187,0.990677,HIT,true,21174
6188,0.523573,MISS,,25470
6189,0.788459,MISS,,21482
6190,0.564817,MISS,,20643
6191,0.929979,HIT,true,22277
6192,0.486298,MISS,,13775
6193,0.657814,MISS,,12285
6194,0.510328,MISS,,12750
6195,0.696139,MISS,,14620
6196,0.981927,HIT,true,13578
6197,0.463391,MISS,,12244
6198,0.835805,MISS,,23887
6199,0.585247,MISS,,16870
6200,0.471753,MISS,,14615
6201,0.975892,HIT,true,13044
6202,0.512688,MISS,,12686
6203,0.842648,MISS,,12739
6204,0.447444,MISS,,22674
6205,0.726624,MISS,,21780
6206,0.485987,MISS,,14235
6207,0.496278,MISS,,14293
6208,0.776120,MISS,,13121
6209,0.851498,HIT,true,12931
6210,0.954986,HIT,true,12863
6211,0.508627,MISS,,12279
6212,0.454736,MISS,,12921
6213,0.861254,HIT,true,13913
6214,0.957100,HIT,true,12892
6215,0.530400,MISS,,12410
6216,0.338068,MISS,,14732
6217,0.774494,MISS,,12624
6218,0.634970,MISS,,13477
6219,0.416245,MISS,,12581
6220,0.981651,HIT,true,12951
6221,0.710703,MISS,,12713
6222,0.558859,MISS,,12307
6223,0.634163,MISS,,13811
6224,0.819255,MISS,,12661
6225,0.942831,HIT,true,14072
6226,0.991049,HIT,true,14272
6227,0.980117,HIT,true,13423
6228,0.677595,MISS,,12831
6229,0.558359,MISS,,12428
6230,0.967057,HIT,true,12741
6231,0.469492,MISS,,13487
6232,0.517111,MISS,,12520
6233,0.579765,MISS,,14402
6234,0.489617,MISS,,12837
6235,0.730406,MISS,,12813
6236,0.614924,MISS,,12963
6237,0.967246,HIT,true,12996
6238,0.928459,HIT,true,13231
6239,0.519758,MISS,,12773
6240,0.957250,HIT,true,12278
6241,0.963069,HIT,true,12132
6242,0.531974,MISS,,12483
6243,0.538566,MISS,,13208
6244,0.798739,MISS,,15527
6245,0.474031,MISS,,12902
6246,0.645898,MISS,,16322
6247,0.471377,MISS,,13193
6248,0.989087,HIT,true,13268
6249,0.978136,HIT,true,13904
6250,0.717854,MISS,,17621
6251,0.706041,MISS,,12791
6252,0.502335,MISS,,18978
6253,0.895847,HIT,true,20251
6254,0.519815,MISS,,22471
6255,0.793512,MISS,,21411
6256,0.796296,MISS,,16986
6257,0.460816,MISS,,16969
6258,0.441038,MISS,,17911
6259,0.525321,MISS,,15579
6260,0.513387,MISS,,16428
6261,0.568587,MISS,,17187
6262,0.666658,MISS,,15062
6263,0.979672,HIT,true,16361
6264,0.571182,MISS,,15613
6265,0.419144,MISS,,15300
6266,0.662876,MISS,,12552
6267,0.366150,MISS,,12925
6268,0.474549,MISS,,12414
6269,0.603872,MISS,,17953
6270,0.446376,MISS,,12896
6271,0.555251,MISS,,13858
6272,0.967500,HIT,true,12874
6273,0.617461,MISS,,12535
6274,0.836065,MISS,,12929
6275,0.979453,HIT,true,12192
6276,0.792403,MISS,,12977
6277,0.609880,MISS,,12711
6278,0.965328,HIT,true,12966
6279,0.878909,HIT,true,14048
6280,0.865828,HIT,true,13018
6281,0.592775,MISS,,13481
6282,0.854657,HIT,true,14073
6283,0.516316,MISS,,12494
6284,0.724246,MISS,,13451
6285,0.778903,MISS,,13699
6286,0.718890,MISS,,14431
6287,0.454128,MISS,,13061
6288,0.604617,MISS,,15423
6289,0.818797,MISS,,16699
6290,0.879172,HIT,true,15590
6291,0.881124,HIT,true,15386
6292,0.992064,HIT,true,13241
6293,0.523966,MISS,,14101
6294,0.688215,MISS,,14177
6295,0.902672,HIT,true,15648
6296,0.940643,HIT,true,12702
6297,0.626734,MISS,,13097
6298,0.964763,HIT,true,14010
6299,0.489468,MISS,,12994
6300,0.993117,HIT,true,14071
6301,0.976528,HIT,true,12804
6302,0.400452,MISS,,12746
6303,0.678133,MISS,,13090
6304,0.832834,MISS,,13069
6305,0.789558,MISS,,12320
6306,0.557814,MISS,,12882
6307,0.983928,HIT,true,13093
6308,0.639704,MISS,,14443
6309,0.761616,MISS,,12926
6310,0.756245,MISS,,12315
6311,0.917201,HIT,true,13360
6312,0.978599,HIT,true,13923
6313,0.453597,MISS,,13043
6314,0.695758,MISS,,13815
6315,0.982013,HIT,true,12666
6316,0.709617,MISS,,13286
6317,0.514706,MISS,,13062
6318,0.555259,MISS,,14890
6319,0.946568,HIT,true,13111
6320,0.601230,MISS,,12661
6321,0.470561,MISS,,13037
6322,0.771418,MISS,,12381
6323,0.873248,HIT,true,12304
6324,0.984555,HIT,true,13294
6325,0.925139,HIT,true,14882
6326,0.958006,HIT,false,13074
6327,0.963749,HIT,true,12746
6328,0.430531,MISS,,14657
6329,0.878383,HIT,true,13195
6330,0.982910,HIT,true,12861
6331,0.494517,MISS,,16070
6332,0.824136,MISS,,13494
6333,0.986504,HIT,true,12805
6334,0.630153,MISS,,12570
6335,0.941271,HIT,true,12960
6336,0.997181,HIT,true,13315
6337,0.638784,MISS,,13570
6338,0.390465,MISS,,12683
6339,0.620923,MISS,,14734
6340,0.304860,MISS,,13568
6341,0.870177,HIT,true,12627
6342,0.597986,MISS,,14780
6343,0.893735,HIT,false,13808
6344,0.922031,HIT,true,12746
6345,0.993988,HIT,true,13336
6346,0.850950,HIT,true,13369
6347,0.415565,MISS,,14542
6348,0.939106,HIT,true,14552
6349,0.990536,HIT,true,13892
6350,0.535940,MISS,,14048
6351,0.817780,MISS,,12979
6352,0.548983,MISS,,12906
6353,0.902094,HIT,false,12538
6354,0.817707,MISS,,13587
6355,0.829678,MISS,,16583
6356,0.765836,MISS,,14215
6357,0.395477,MISS,,19083
6358,0.602625,MISS,,15650
6359,0.673008,MISS,,13397
6360,0.767735,MISS,,15434
6361,0.682512,MISS,,13867
6362,0.850038,HIT,true,14258
6363,0.742374,MISS,,13504
6364,0.552690,MISS,,14096
6365,0.536618,MISS,,13142
6366,0.924140,HIT,true,15440
6367,0.352183,MISS,,14023
6368,0.488821,MISS,,13001
6369,0.996096,HIT,true,13035
6370,0.854666,HIT,true,13007
6371,0.496769,MISS,,13446
6372,0.721708,MISS,,13315
6373,0.636082,MISS,,14695
6374,0.784962,MISS,,17135
6375,0.540797,MISS,,28290
6376,0.730460,MISS,,17869
6377,0.556635,MISS,,17607
6378,0.953626,HIT,true,13134
6379,0.680928,MISS,,13139
6380,0.840641,MISS,,12282
6381,0.492304,MISS,,14426
6382,0.295001,MISS,,15279
6383,0.973538,HIT,true,12872
6384,0.654810,MISS,,15629
6385,0.630527,MISS,,13988
6386,0.540172,MISS,,12326
6387,0.681365,MISS,,12724
6388,0.789433,MISS,,12775
6389,0.875734,HIT,false,14732
6390,0.786898,MISS,,13137
6391,0.908118,HIT,true,12297
6392,0.609138,MISS,,12817
6393,0.756780,MISS,,13353
6394,0.996178,HIT,true,15773
6395,0.853843,HIT,false,16199
6396,0.961889,HIT,true,16302
6397,0.984567,HIT,true,12326
6398,0.878103,HIT,true,12905
6399,0.623005,MISS,,12794
6400,0.804751,MISS,,13655
6401,0.905637,HIT,true,12286
6402,0.631778,MISS,,12186
6403,0.849250,MISS,,12845
6404,0.925566,HIT,true,14833
6405,0.705236,MISS,,12496
6406,0.704499,MISS,,12112
6407,0.597129,MISS,,13524
6408,0.683107,MISS,,12767
6409,0.774896,MISS,,12236
6410,0.985552,HIT,true,12123
6411,0.934649,HIT,true,12873
6412,0.546627,MISS,,13067
6413,0.944861,HIT,true,12895
6414,0.672812,MISS,,12254
6415,0.575096,MISS,,14505
6416,0.842265,MISS,,13138
6417,0.432589,MISS,,12853
6418,0.866636,HIT,true,12379
6419,0.893483,HIT,true,13906
6420,0.847446,MISS,,13138
6421,0.861356,HIT,true,12240
6422,0.686550,MISS,,13753
6423,0.433214,MISS,,15932
6424,0.506278,MISS,,19047
6425,0.873167,HIT,true,19825
6426,0.882039,HIT,true,18375
6427,0.701703,MISS,,15749
6428,0.772601,MISS,,15707
6429,0.870332,HIT,true,16031
6430,0.527987,MISS,,14701
6431,0.787742,MISS,,12512
6432,0.622426,MISS,,13810
6433,0.451427,MISS,,13757
6434,0.587499,MISS,,14484
6435,0.925196,HIT,true,14277
6436,0.773025,MISS,,15821
6437,0.609493,MISS,,13306
6438,0.857438,HIT,true,14473
6439,0.797776,MISS,,14057
6440,0.883077,HIT,true,13875
6441,0.981437,HIT,true,14770
6442,0.439321,MISS,,17098
6443,0.636594,MISS,,14293
6444,0.498727,MISS,,14569
6445,0.591636,MISS,,19386
6446,0.983546,HIT,true,14869
6447,0.987826,HIT,true,14627
6448,0.441959,MISS,,15068
6449,0.951319,HIT,false,13168
6450,0.854819,HIT,false,14235
6451,0.763920,MISS,,14442
6452,0.939957,HIT,true,13737
6453,0.913346,HIT,true,12597
6454,0.695427,MISS,,13045
6455,0.504254,MISS,,13839
6456,0.993651,HIT,true,12667
6457,0.494891,MISS,,12295
6458,0.436790,MISS,,14328
6459,0.799031,MISS,,13904
6460,0.513976,MISS,,12920
6461,0.482284,MISS,,14135
6462,0.944343,HIT,true,13535
6463,0.849708,MISS,,14397
6464,0.583516,MISS,,15142
6465,0.969741,HIT,true,12894
6466,0.732201,MISS,,14727
6467,0.907248,HIT,true,12258
6468,0.969204,HIT,true,13483
6469,0.403817,MISS,,12481
6470,0.577850,MISS,,14962
6471,0.770850,MISS,,13370
6472,0.771503,MISS,,12248
6473,0.607215,MISS,,12295
6474,0.880487,HIT,true,12805
6475,0.525101,MISS,,12651
6476,0.948148,HIT,true,12100
6477,0.541366,MISS,,13362
6478,0.678903,MISS,,12218
6479,0.837640,MISS,,12851
6480,0.833519,MISS,,12817
6481,0.494974,MISS,,14067
6482,0.930868,HIT,true,12979
6483,0.668248,MISS,,14344
6484,0.472716,MISS,,12771
6485,0.943158,HIT,true,13506
6486,0.409239,MISS,,12449
6487,0.911612,HIT,true,13168
6488,0.563754,MISS,,13119
6489,0.508428,MISS,,15192
6490,0.362113,MISS,,35896
6491,0.510742,MISS,,12504
6492,0.503089,MISS,,12928
6493,0.705711,MISS,,13436
6494,0.945530,HIT,true,13701
6495,0.563633,MISS,,12432
6496,0.651584,MISS,,12823
6497,0.836630,MISS,,18193
6498,0.594669,MISS,,13073
6499,0.987881,HIT,true,14250
6500,0.869660,HIT,true,14174
6501,0.498047,MISS,,12759
6502,0.803415,MISS,,12885
6503,0.860798,HIT,true,14388
6504,0.741634,MISS,,15697
6505,0.551122,MISS,,13041
6506,0.548546,MISS,,13836
6507,0.825037,MISS,,12129
6508,0.845377,MISS,,15161
6509,0.856396,HIT,false,13571
6510,0.961772,HIT,true,13003
6511,0.590032,MISS,,14366
6512,0.395853,MISS,,13475
6513,0.980625,HIT,true,12754
6514,0.743401,MISS,,13096
6515,0.908828,HIT,true,13906
6516,0.740792,MISS,,12928
6517,0.624568,MISS,,13051
6518,0.857796,HIT,true,15658
6519,0.931800,HIT,true,14199
6520,0.609383,MISS,,13992
6521,0.690291,MISS,,13739
6522,0.594685,MISS,,13646
6523,0.518224,MISS,,13520
6524,0.708169,MISS,,14041
6525,0.831099,MISS,,13297
6526,0.481854,MISS,,13591
6527,0.980316,HIT,true,13585
6528,0.815691,MISS,,14009
6529,0.948520,HIT,true,12780
6530,0.893508,HIT,true,14245
6531,0.755238,MISS,,13622
6532,0.905208,HIT,true,12674
6533,0.523148,MISS,,12369
6534,0.914013,HIT,true,13504
6535,0.786498,MISS,,13587
6536,0.584776,MISS,,15950
6537,0.680985,MISS,,17729
6538,0.926067,HIT,true,20929
6539,0.915565,HIT,true,14757
6540,0.508496,MISS,,14458
6541,0.447937,MISS,,14267
6542,0.583989,MISS,,16539
6543,0.863332,HIT,true,25791
6544,0.897415,HIT,false,14767
6545,0.866084,HIT,true,14787
6546,0.431525,MISS,,13909
6547,0.418493,MISS,,15478
6548,0.984746,HIT,true,20209
6549,0.336667,MISS,,14977
6550,0.588136,MISS,,14391
6551,0.629242,MISS,,14311
6552,0.859679,HIT,true,14240
6553,0.715516,MISS,,15596
6554,0.569444,MISS,,21212
6555,0.990432,HIT,true,47514
6556,0.519190,MISS,,28743
6557,0.749437,MISS,,18047
6558,0.589696,MISS,,36439
6559,0.869067,HIT,true,24418
6560,0.499618,MISS,,17077
6561,0.506298,MISS,,25300
6562,0.664559,MISS,,18487
6563,0.534698,MISS,,18587
6564,0.516535,MISS,,24576
6565,0.805159,MISS,,17505
6566,0.751832,MISS,,16202
6567,0.725194,MISS,,14491
6568,0.740425,MISS,,12990
6569,0.682978,MISS,,12964
6570,0.769792,MISS,,13779
6571,0.690074,MISS,,14114
6572,0.543880,MISS,,13760
6573,0.858405,HIT,false,14374
6574,0.817142,MISS,,14506
6575,0.844492,MISS,,14499
6576,0.577888,MISS,,23304
6577,0.597269,MISS,,13087
6578,0.631384,MISS,,14185
6579,0.822905,MISS,,14240
6580,0.692465,MISS,,15031
6581,0.978543,HIT,true,15625
6582,0.899143,HIT,true,14602
6583,0.927682,HIT,true,12660
6584,0.755699,MISS,,12710
6585,0.546153,MISS,,12931
6586,0.812617,MISS,,13421
6587,0.914986,HIT,true,12559
6588,0.979844,HIT,true,12898
6589,0.625295,MISS,,12412
6590,0.591890,MISS,,12664
6591,0.860666,HIT,true,14581
6592,0.828460,MISS,,12365
6593,0.702307,MISS,,12348
6594,0.763651,MISS,,13418
6595,0.954113,HIT,true,13291
6596,0.843046,MISS,,12153
6597,0.694192,MISS,,12573
6598,0.988168,HIT,true,14512
6599,0.724752,MISS,,13136
6600,0.609436,MISS,,12997
6601,0.488050,MISS,,12638
6602,0.903930,HIT,true,14955
6603,0.480398,MISS,,13079
6604,0.635068,MISS,,14701
6605,0.720367,MISS,,14483
6606,0.342593,MISS,,15694
6607,0.914378,HIT,true,14113
6608,0.963139,HIT,true,14153
6609,0.927705,HIT,true,14501
6610,0.545615,MISS,,13468
6611,0.553696,MISS,,14704
6612,0.996710,HIT,true,13487
6613,0.982465,HIT,true,13088
6614,0.539418,MISS,,12784
6615,0.889113,HIT,true,12502
6616,0.953108,HIT,true,12288
6617,0.410779,MISS,,12436
6618,0.698481,MISS,,14323
6619,0.985959,HIT,true,12903
6620,0.844007,MISS,,15234
6621,0.891343,HIT,true,17722
6622,0.664388,MISS,,15095
6623,0.569321,MISS,,15574
6624,0.742316,MISS,,17081
6625,0.949659,HIT,true,15027
6626,0.628151,MISS,,14166
6627,0.664130,MISS,,14742
6628,0.560216,MISS,,15210
6629,0.702863,MISS,,17192
6630,0.673279,MISS,,17095
6631,0.633058,MISS,,13651
6632,0.864425,HIT,false,12877
6633,0.876837,HIT,true,12378
6634,0.671215,MISS,,12739
6635,0.578485,MISS,,13871
6636,0.973616,HIT,true,13016
6637,0.833716,MISS,,13082
6638,0.981952,HIT,true,12496
6639,0.919250,HIT,true,14463
6640,0.616996,MISS,,13550
6641,0.982427,HIT,true,13633
6642,0.821988,MISS,,13117
6643,0.814255,MISS,,12934
6644,0.724351,MISS,,12752
6645,0.473768,MISS,,12790
6646,0.568948,MISS,,12503
6647,0.622104,MISS,,13716
6648,0.890183,HIT,true,12880
6649,0.552929,MISS,,12970
6650,0.590274,MISS,,14141
6651,0.791706,MISS,,12244
6652,0.953420,HIT,true,12414
6653,0.478335,MISS,,14624
6654,0.828044,MISS,,14130
6655,0.414767,MISS,,13222
6656,0.993840,HIT,true,12248
6657,0.684130,MISS,,13195
6658,0.659557,MISS,,12268
6659,0.866839,HIT,true,12592
6660,0.561422,MISS,,14423
6661,0.955256,HIT,false,13014
6662,0.922745,HIT,true,12497
6663,0.831344,MISS,,12418
6664,0.967443,HIT,true,12209
6665,0.890182,HIT,false,12663
6666,0.708810,MISS,,12894
6667,0.763906,MISS,,12244
6668,0.540390,MISS,,12196
6669,0.441094,MISS,,12730
6670,0.931597,HIT,false,12713
6671,0.742411,MISS,,13539
6672,0.654760,MISS,,12240
6673,1.000000,HIT,true,12858
6674,0.477146,MISS,,15013
6675,0.955092,HIT,true,13964
6676,0.649257,MISS,,15067
6677,0.553276,MISS,,13330
6678,0.909059,HIT,true,13724
6679,0.844296,MISS,,14343
6680,0.672296,MISS,,14558
6681,0.519271,MISS,,13688
6682,0.987467,HIT,true,12963
6683,0.854476,HIT,true,12318
6684,0.992114,HIT,true,13184
6685,0.903908,HIT,true,13727
6686,0.679936,MISS,,12402
6687,0.619237,MISS,,12609
6688,0.624621,MISS,,12580
6689,0.700841,MISS,,12672
6690,0.531102,MISS,,13181
6691,0.818057,MISS,,14085
6692,0.995866,HIT,true,12500
6693,0.823304,MISS,,12705
6694,0.725720,MISS,,12781
6695,0.624346,MISS,,12245
6696,0.905400,HIT,true,13283
6697,0.520246,MISS,,13583
6698,0.922956,HIT,true,12702
6699,0.988086,HIT,true,12339
6700,0.889003,HIT,true,12514
6701,0.942670,HIT,true,14892
6702,0.662348,MISS,,12820
6703,0.598665,MISS,,12205
6704,0.624788,MISS,,13275
6705,0.903744,HIT,true,13099
6706,0.796442,MISS,,12274
6707,0.787286,MISS,,12199
6708,0.559654,MISS,,12264
6709,0.469583,MISS,,12882
6710,0.966900,HIT,true,12454
6711,0.921398,HIT,true,12967
6712,0.696783,MISS,,13202
6713,0.580509,MISS,,13730
6714,0.534644,MISS,,12363
6715,0.727959,MISS,,12847
6716,0.892972,HIT,true,12528
6717,0.960011,HIT,true,13570
6718,0.953412,HIT,true,12302
6719,0.909717,HIT,true,12392
6720,0.533461,MISS,,12901
6721,0.470282,MISS,,14546
6722,0.579709,MISS,,15897
6723,0.922447,HIT,true,16314
6724,0.811079,MISS,,17413
6725,0.947597,HIT,true,14745
6726,0.497450,MISS,,12679
6727,0.972703,HIT,true,12786
6728,0.884682,HIT,true,12410
6729,0.967040,HIT,true,16382
6730,0.614671,MISS,,15309
6731,0.974831,HIT,true,18757
6732,0.884730,HIT,true,13374
6733,0.944701,HIT,true,12349
6734,0.641717,MISS,,18465
6735,0.666667,MISS,,12275
6736,0.766104,MISS,,13240
6737,0.612435,MISS,,12879
6738,0.988485,HIT,true,12423
6739,0.434807,MISS,,12495
6740,0.645246,MISS,,14927
6741,0.543209,MISS,,12959
6742,0.616427,MISS,,14342
6743,0.705728,MISS,,13485
6744,0.790741,MISS,,12594
6745,0.543193,MISS,,12328
6746,0.518936,MISS,,13028
6747,0.297908,MISS,,13076
6748,0.833285,MISS,,12529
6749,0.705653,MISS,,12893
6750,0.977152,HIT,true,13894
6751,0.544542,MISS,,15149
6752,0.611810,MISS,,14513
6753,0.920662,HIT,true,12676
6754,0.893498,HIT,true,13579
6755,0.620723,MISS,,13268
6756,0.939926,HIT,true,12332
6757,0.841520,MISS,,12597
6758,0.755979,MISS,,13560
6759,0.569741,MISS,,15220
6760,0.400095,MISS,,14062
6761,0.551129,MISS,,14053
6762,0.648681,MISS,,13400
6763,0.913713,HIT,true,13405
6764,0.951664,HIT,true,16437
6765,0.695920,MISS,,13859
6766,0.510368,MISS,,17599
6767,0.911045,HIT,false,21290
6768,0.519937,MISS,,20545
6769,0.974922,HIT,true,20189
6770,0.886455,HIT,true,15341
6771,0.686831,MISS,,13357
6772,0.802436,MISS,,12084
6773,0.952637,HIT,true,13051
6774,0.980359,HIT,true,23406
6775,0.967015,HIT,true,12846
6776,0.479906,MISS,,13202
6777,0.746407,MISS,,14465
6778,0.754803,MISS,,13745
6779,0.977338,HIT,true,12153
6780,0.893316,HIT,true,13564
6781,0.696987,MISS,,13923
6782,0.659807,MISS,,12829
6783,0.796566,MISS,,12639
6784,0.889775,HIT,true,12289
6785,0.783353,MISS,,13808
6786,0.692012,MISS,,13523
6787,0.615028,MISS,,15215
6788,0.676981,MISS,,13869
6789,0.575959,MISS,,12381
6790,0.579978,MISS,,12502
6791,0.645712,MISS,,12360
6792,0.673574,MISS,,13127
6793,0.680650,MISS,,13165
6794,0.532754,MISS,,12666
6795,0.972428,HIT,true,12224
6796,0.471389,MISS,,13316
6797,0.644113,MISS,,13772
6798,0.438453,MISS,,12546
6799,0.934893,HIT,true,13726
6800,0.906865,HIT,true,13363
6801,0.757243,MISS,,12139
6802,0.767772,MISS,,12306
6803,0.904535,HIT,true,14614
6804,0.675847,MISS,,13329
6805,0.980688,HIT,true,14799
6806,0.399495,MISS,,13015
6807,0.544045,MISS,,13659
6808,0.678106,MISS,,15852
6809,0.904615,HIT,true,17147
6810,0.631221,MISS,,16654
6811,0.720420,MISS,,13660
6812,0.763001,MISS,,12672
6813,0.600370,MISS,,12353
6814,0.991174,HIT,true,12199
6815,0.640427,MISS,,13160
6816,0.434046,MISS,,12916
6817,0.773660,MISS,,14565
6818,0.451950,MISS,,12927
6819,0.946948,HIT,true,12447
6820,0.475793,MISS,,12851
6821,0.873857,HIT,true,12935
6822,0.761356,MISS,,12149
6823,0.704244,MISS,,13032
6824,0.638603,MISS,,15063
6825,0.899141,HIT,true,13881
6826,0.754412,MISS,,13060
6827,0.930046,HIT,true,13730
6828,0.500786,MISS,,14315
6829,0.625816,MISS,,13792
6830,0.469686,MISS,,12404
6831,0.751766,MISS,,12268
6832,0.863576,HIT,true,13047
6833,0.562584,MISS,,13300
6834,0.966490,HIT,true,12360
6835,0.671478,MISS,,12282
6836,0.680164,MISS,,13373
6837,0.803574,MISS,,12363
6838,0.595731,MISS,,13869
6839,0.675961,MISS,,13213
6840,0.754000,MISS,,12310
6841,0.875088,HIT,true,12359
6842,0.702067,MISS,,13347
6843,0.618833,MISS,,13249
6844,0.535320,MISS,,12267
6845,0.588034,MISS,,12255
6846,0.730753,MISS,,12218
6847,0.886043,HIT,true,12505
6848,0.912070,HIT,true,14966
6849,0.911569,HIT,true,12660
6850,0.702170,MISS,,12362
6851,0.947876,HIT,true,13336
6852,0.871798,HIT,true,12379
6853,0.597525,MISS,,12230
6854,0.818477,MISS,,13868
6855,0.854197,HIT,true,15797
6856,0.623231,MISS,,15813
6857,0.816831,MISS,,15767
6858,0.650879,MISS,,15869
6859,0.723288,MISS,,15772
6860,0.434470,MISS,,15716
6861,0.824804,MISS,,15770
6862,0.870194,HIT,true,15653
6863,0.516841,MISS,,15814
6864,0.859054,HIT,true,15673
6865,0.567830,MISS,,15073
6866,0.935688,HIT,true,15085
6867,0.871548,HIT,true,15218
6868,0.440404,MISS,,14945
6869,0.939725,HIT,true,15378
6870,0.522746,MISS,,14947
6871,0.854029,HIT,true,14932
6872,0.480198,MISS,,14849
6873,0.917973,HIT,true,15195
6874,0.948234,HIT,true,15120
6875,0.451432,MISS,,15331
6876,0.766141,MISS,,15467
6877,0.860137,HIT,true,15044
6878,0.639896,MISS,,15131
6879,0.926338,HIT,true,15213
6880,0.694135,MISS,,15051
6881,0.492051,MISS,,15578
6882,0.413602,MISS,,15162
6883,0.619752,MISS,,15720
6884,0.953378,HIT,true,15105
6885,0.956753,HIT,false,14972
6886,0.892064,HIT,true,15205
6887,0.513818,MISS,,15076
6888,0.637433,MISS,,15025
6889,0.633250,MISS,,15114
6890,0.953204,HIT,true,15154
6891,0.969911,HIT,true,14952
6892,0.778916,MISS,,14985
6893,0.789337,MISS,,15301
6894,0.584416,MISS,,14997
6895,0.364870,MISS,,14876
6896,0.967926,HIT,true,14804
6897,0.888208,HIT,true,15042
6898,0.424200,MISS,,15502
6899,0.987559,HIT,true,15464
6900,0.858541,HIT,true,15527
6901,0.993095,HIT,true,13984
6902,0.618722,MISS,,11872
6903,0.441609,MISS,,12218
6904,0.850469,HIT,false,13417
6905,0.945513,HIT,true,11901
6906,0.560611,MISS,,12016
6907,0.975693,HIT,true,11700
6908,0.859486,HIT,true,11765
6909,0.959969,HIT,true,12055
6910,0.926580,HIT,true,11837
6911,0.854797,HIT,true,13047
6912,0.519096,MISS,,13945
6913,0.433599,MISS,,16555
6914,0.546174,MISS,,13409
6915,0.783121,MISS,,11922
6916,0.906068,HIT,true,12249
6917,0.676604,MISS,,13797
6918,0.847797,MISS,,12429
6919,0.487679,MISS,,12454
6920,0.485616,MISS,,12286
6921,0.665132,MISS,,13243
6922,0.627232,MISS,,13829
6923,0.996104,HIT,true,13619
6924,0.403390,MISS,,12242
6925,0.486270,MISS,,12861
6926,0.992185,HIT,true,12584
6927,0.889407,HIT,true,12254
6928,0.508134,MISS,,12201
6929,0.494445,MISS,,12634
6930,0.689495,MISS,,13059
6931,0.978820,HIT,true,12309
6932,0.466454,MISS,,12138
6933,0.629839,MISS,,14442
6934,0.947783,HIT,true,12435
6935,0.931440,HIT,true,12555
6936,0.742626,MISS,,12886
6937,0.735264,MISS,,12838
6938,0.908043,HIT,false,12273
6939,0.897419,HIT,true,12176
6940,0.795882,MISS,,12285
6941,0.619231,MISS,,12736
6942,0.568090,MISS,,12490
6943,0.624787,MISS,,14450
6944,0.857755,HIT,true,12567
6945,0.924302,HIT,true,12855
6946,0.495967,MISS,,12311
6947,0.646797,MISS,,12097
6948,0.421652,MISS,,12266
6949,0.815041,MISS,,13492
6950,0.960735,HIT,true,12183
6951,0.897645,HIT,true,12218
6952,0.894172,HIT,true,12224
6953,0.527829,MISS,,12766
6954,0.533735,MISS,,13836
6955,0.833033,MISS,,12525
6956,0.996503,HIT,true,13008
6957,0.967196,HIT,true,12814
6958,0.678273,MISS,,12325
6959,0.732617,MISS,,12222
6960,0.498174,MISS,,12305
6961,0.738704,MISS,,12876
6962,0.575466,MISS,,12884
6963,0.981486,HIT,true,12403
6964,0.839533,MISS,,13776
6965,0.908682,HIT,true,13283
6966,0.894530,HIT,true,13080
6967,0.892248,HIT,true,12569
6968,0.700419,MISS,,13283
6969,0.940127,HIT,true,13214
6970,0.575426,MISS,,12615
6971,0.737403,MISS,,12224
6972,0.560779,MISS,,12909
6973,0.962276,HIT,true,12432
6974,0.947973,HIT,true,13312
6975,0.974063,HIT,true,14464
6976,0.392543,MISS,,12398
6977,0.866267,HIT,true,12385
6978,0.716980,MISS,,14137
6979,0.951079,HIT,true,12872
6980,0.592058,MISS,,12402
6981,0.643211,MISS,,12628
6982,0.924787,HIT,true,13705
6983,0.573714,MISS,,12323
6984,0.601799,MISS,,13679
6985,0.892348,HIT,true,13892
6986,0.669703,MISS,,12809
6987,0.978009,HIT,true,12402
6988,0.991631,HIT,true,13261
6989,0.481112,MISS,,12520
6990,0.747725,MISS,,12923
6991,0.741456,MISS,,12842
6992,0.696886,MISS,,12863
6993,0.836051,MISS,,12282
6994,0.848007,MISS,,13634
6995,0.857469,HIT,true,14076
6996,0.499807,MISS,,12442
6997,0.543167,MISS,,12459
6998,0.516148,MISS,,13649
6999,0.850599,HIT,false,12284
7000,0.529925,MISS,,12493
7001,0.598757,MISS,,13452
7002,0.619789,MISS,,13654
7003,0.520760,MISS,,12233
7004,0.549619,MISS,,12451
7005,0.961507,HIT,true,13622
7006,0.853334,HIT,true,12930
7007,0.932849,HIT,true,13017
7008,0.522403,MISS,,13064
7009,0.822771,MISS,,12781
7010,0.477548,MISS,,12145
7011,0.982219,HIT,true,12219
7012,0.866921,HIT,true,12565
7013,0.643133,MISS,,12987
7014,0.579382,MISS,,12732
7015,0.529622,MISS,,12331
7016,0.390966,MISS,,14935
7017,0.895980,HIT,true,13426
7018,0.531612,MISS,,12412
7019,0.947493,HIT,true,16579
7020,0.471914,MISS,,14387
7021,0.902648,HIT,true,12563
7022,0.706935,MISS,,12805
7023,0.785771,MISS,,14296
7024,0.810307,MISS,,15636
7025,0.972186,HIT,true,17138
7026,0.583132,MISS,,12712
7027,0.507093,MISS,,12644
7028,0.514955,MISS,,12433
7029,0.801000,MISS,,12662
7030,0.953206,HIT,true,12285
7031,0.442547,MISS,,13416
7032,0.828460,MISS,,15748
7033,0.942355,HIT,true,13542
7034,0.462265,MISS,,12574
7035,0.454628,MISS,,13660
7036,0.620917,MISS,,14041
7037,0.908033,HIT,true,12899
7038,0.958676,HIT,true,12964
7039,0.990213,HIT,true,12235
7040,0.608570,MISS,,12954
7041,0.450038,MISS,,12899
7042,0.811269,MISS,,12127
7043,0.945332,HIT,true,13015
7044,0.719463,MISS,,13638
7045,0.709553,MISS,,12887
7046,0.946413,HIT,true,13741
7047,0.640795,MISS,,12608
7048,0.572387,MISS,,12900
7049,0.880066,HIT,true,12701
7050,0.822763,MISS,,12717
7051,0.605356,MISS,,13232
7052,0.923207,HIT,true,12427
7053,0.958658,HIT,true,12750
7054,0.507434,MISS,,12856
7055,0.993832,HIT,true,12589
7056,0.994782,HIT,true,14089
7057,0.910109,HIT,true,17915
7058,0.645373,MISS,,13154
7059,0.576290,MISS,,13333
7060,0.581421,MISS,,13184
7061,0.627743,MISS,,13877
7062,0.428019,MISS,,13281
7063,0.859764,HIT,true,13836
7064,0.891979,HIT,true,12288
7065,0.754957,MISS,,12396
7066,0.758147,MISS,,14209
7067,0.649799,MISS,,12629
7068,0.939783,HIT,true,12808
7069,0.443848,MISS,,13177
7070,0.950571,HIT,true,16056
7071,0.920170,HIT,true,13887
7072,0.432634,MISS,,13403
7073,0.645766,MISS,,13126
7074,0.579994,MISS,,12816
7075,0.985605,HIT,true,13641
7076,0.974270,HIT,true,12496
7077,0.759398,MISS,,14736
7078,0.851766,HIT,true,12881
7079,0.719109,MISS,,12508
7080,0.962907,HIT,true,13172
7081,0.581907,MISS,,13859
7082,0.629944,MISS,,12933
7083,0.963515,HIT,true,12504
7084,0.896122,HIT,false,22730
7085,0.519945,MISS,,13280
7086,0.995421,HIT,true,14927
7087,0.738062,MISS,,14141
7088,0.624964,MISS,,16423
7089,0.501368,MISS,,14715
7090,0.498010,MISS,,15970
7091,0.938609,HIT,true,13958
7092,0.486534,MISS,,14694
7093,0.769245,MISS,,12484
7094,0.785678,MISS,,13000
7095,0.869557,HIT,true,15055
7096,0.535587,MISS,,13410
7097,0.897328,HIT,true,12546
7098,0.907262,HIT,true,12621
7099,0.770674,MISS,,14198
7100,0.848847,MISS,,12927
7101,0.978531,HIT,true,12882
7102,0.791291,MISS,,12915
7103,0.940929,HIT,true,13786
7104,0.498690,MISS,,12683
7105,0.994889,HIT,true,14633
7106,0.512231,MISS,,13446
7107,0.449400,MISS,,12592
7108,0.838000,MISS,,12734
7109,0.878768,HIT,false,12570
7110,0.790402,MISS,,12268
7111,0.934969,HIT,false,13506
7112,0.439310,MISS,,12778
7113,0.736272,MISS,,12648
7114,0.525691,MISS,,13678
7115,0.471101,MISS,,14540
7116,0.953448,HIT,true,12862
7117,0.799349,MISS,,13193
7118,0.639293,MISS,,12897
7119,0.740354,MISS,,13015
7120,0.925593,HIT,true,13307
7121,0.682494,MISS,,12564
7122,0.562531,MISS,,12330
7123,0.906672,HIT,true,12252
7124,0.641705,MISS,,13215
7125,0.737922,MISS,,13287
7126,0.594924,MISS,,13580
7127,0.972995,HIT,true,13436
7128,0.846035,MISS,,12272
7129,0.894086,HIT,true,12367
7130,0.535722,MISS,,13747
7131,0.645810,MISS,,13181
7132,0.534165,MISS,,12767
7133,0.963208,HIT,true,12584
7134,0.648336,MISS,,13437
7135,0.548549,MISS,,13833
7136,0.698241,MISS,,15468
7137,0.733761,MISS,,12464
7138,0.521351,MISS,,12425
7139,0.621487,MISS,,13933
7140,0.691726,MISS,,12319
7141,0.536080,MISS,,12122
7142,0.862118,HIT,false,12275
7143,0.796529,MISS,,20826
7144,0.982011,HIT,true,19727
7145,0.997170,HIT,true,18636
7146,0.648490,MISS,,13673
7147,0.899291,HIT,true,13440
7148,0.857521,HIT,true,13282
7149,0.773672,MISS,,13354
7150,0.367480,MISS,,12441
7151,0.911652,HIT,true,12736
7152,0.533628,MISS,,13466
7153,0.385388,MISS,,13598
7154,0.520226,MISS,,15548
7155,0.777170,MISS,,13402
7156,0.846174,MISS,,13999
7157,0.387890,MISS,,13998
7158,0.866437,HIT,true,13146
7159,0.869699,HIT,true,13695
7160,0.547288,MISS,,13881
7161,0.657942,MISS,,12551
7162,0.598650,MISS,,13214
7163,0.875572,HIT,true,12806
7164,0.540511,MISS,,13408
7165,0.750857,MISS,,13440
7166,0.537380,MISS,,13645
7167,0.384365,MISS,,12826
7168,0.981961,HIT,true,13062
7169,0.992415,HIT,true,12839
7170,0.516088,MISS,,12195
7171,0.880257,HIT,true,12682
7172,0.561265,MISS,,12953
7173,0.831188,MISS,,13033
7174,0.883728,HIT,true,12421
7175,0.957363,HIT,true,14391
7176,0.961406,HIT,true,13063
7177,0.844792,MISS,,12412
7178,0.592050,MISS,,12661
7179,0.807524,MISS,,13782
7180,0.887563,HIT,true,12918
7181,0.417239,MISS,,12633
7182,0.664811,MISS,,12523
7183,0.887787,HIT,true,13162
7184,0.605412,MISS,,12220
7185,0.905789,HIT,true,14580
7186,0.946666,HIT,true,14074
7187,0.470742,MISS,,12477
7188,0.942937,HIT,true,12650
7189,0.681858,MISS,,12477
7190,0.991415,HIT,true,13022
7191,0.927507,HIT,true,13676
7192,0.770510,MISS,,13193
7193,0.470273,MISS,,12407
7194,0.956793,HIT,true,13458
7195,0.966250,HIT,true,14057
7196,0.767944,MISS,,13102
7197,0.973544,HIT,true,13826
7198,0.988779,HIT,true,15068
7199,0.507225,MISS,,13751
7200,0.987060,HIT,true,12181
7201,0.474174,MISS,,12273
7202,0.955640,HIT,true,12248
7203,0.577586,MISS,,13282
7204,0.622609,MISS,,13099
7205,0.870742,HIT,true,13357
7206,0.889679,HIT,true,13333
7207,0.648214,MISS,,13401
7208,0.717844,MISS,,12249
7209,0.659788,MISS,,12163
7210,0.484089,MISS,,13520
7211,0.842985,MISS,,12642
7212,0.569414,MISS,,12368
7213,0.495292,MISS,,13272
7214,0.902858,HIT,true,12418
7215,0.965513,HIT,true,12615
7216,0.913770,HIT,true,14657
7217,0.688331,MISS,,13232
7218,0.511409,MISS,,12619
7219,0.556414,MISS,,12729
7220,0.694623,MISS,,12637
7221,0.715015,MISS,,12488
7222,0.716144,MISS,,12700
7223,0.818579,MISS,,12957
7224,0.873943,HIT,true,12798
7225,0.795191,MISS,,12463
7226,0.599509,MISS,,13411
7227,0.839015,MISS,,13640
7228,0.550938,MISS,,12363
7229,0.984231,HIT,true,14242
7230,0.767230,MISS,,12415
7231,0.840718,MISS,,12867
7232,0.606242,MISS,,12299
7233,0.692105,MISS,,12638
7234,0.942358,HIT,true,12338
7235,0.930332,HIT,true,13081
7236,0.828132,MISS,,12911
7237,0.879358,HIT,true,13346
7238,0.559362,MISS,,13701
7239,0.434532,MISS,,12578
7240,0.639788,MISS,,12804
7241,0.536839,MISS,,13009
7242,0.919800,HIT,true,13141
7243,0.457942,MISS,,13089
7244,0.977297,HIT,true,12460
7245,0.586528,MISS,,13116
7246,0.631957,MISS,,13558
7247,0.939416,HIT,true,12723
7248,0.630231,MISS,,14394
7249,0.805115,MISS,,13759
7250,0.849272,MISS,,12845
7251,0.957058,HIT,true,12270
7252,0.816444,MISS,,13220
7253,0.883471,HIT,true,12264
7254,0.831125,MISS,,12945
7255,0.524964,MISS,,13067
7256,0.753316,MISS,,12930
7257,0.672010,MISS,,13401
7258,0.632248,MISS,,13214
7259,0.490409,MISS,,12854
7260,0.738902,MISS,,12613
7261,0.752198,MISS,,13624
7262,0.778390,MISS,,12956
7263,0.613007,MISS,,12602
7264,0.677110,MISS,,12290
7265,0.855917,HIT,true,12282
7266,0.861042,HIT,false,13108
7267,0.976431,HIT,true,15114
7268,0.547874,MISS,,14898
7269,0.809530,MISS,,13074
7270,0.598765,MISS,,13243
7271,0.940908,HIT,true,13228
7272,0.994261,HIT,true,12739
7273,0.599609,MISS,,12960
7274,0.877687,HIT,true,13350
7275,0.586024,MISS,,12907
7276,0.915751,HIT,true,12569
7277,0.928036,HIT,true,13298
7278,0.594588,MISS,,13506
7279,0.997993,HIT,true,12685
7280,0.579019,MISS,,14408
7281,0.800836,MISS,,15180
7282,0.650469,MISS,,12564
7283,0.482018,MISS,,13078
7284,0.572661,MISS,,12479
7285,0.893588,HIT,true,13390
7286,0.645507,MISS,,13006
7287,0.550268,MISS,,12604
7288,0.940080,HIT,true,14077
7289,0.802969,MISS,,15022
7290,0.491954,MISS,,14541
7291,0.849784,MISS,,13691
7292,0.987834,HIT,true,15010
7293,0.721493,MISS,,12530
7294,0.602354,MISS,,13629
7295,0.869870,HIT,true,12635
7296,0.973058,HIT,true,13290
7297,0.430781,MISS,,14215
7298,0.938646,HIT,true,13663
7299,0.590527,MISS,,12655
7300,0.475511,MISS,,12789
7301,0.881993,HIT,true,13139
7302,0.653790,MISS,,12745
7303,0.841189,MISS,,14725
7304,0.491574,MISS,,15194
7305,0.479886,MISS,,12814
7306,0.838378,MISS,,12427
7307,0.939177,HIT,true,15565
7308,0.497859,MISS,,15051
7309,0.972783,HIT,true,14877
7310,0.485349,MISS,,14819
7311,0.958799,HIT,true,14103
7312,0.551405,MISS,,12803
7313,0.580862,MISS,,12568
7314,0.600539,MISS,,13022
7315,0.786365,MISS,,12673
7316,0.950161,HIT,true,14817
7317,0.701537,MISS,,13392
7318,0.486993,MISS,,13067
7319,0.931021,HIT,true,13212
7320,0.791587,MISS,,13491
7321,0.972847,HIT,true,12693
7322,0.393103,MISS,,13618
7323,0.904681,HIT,false,12592
7324,0.934033,HIT,true,13225
7325,0.870376,HIT,true,13875
7326,0.449144,MISS,,23727
7327,0.859351,HIT,true,14550
7328,0.775170,MISS,,13673
7329,0.794434,MISS,,14362
7330,0.555167,MISS,,12556
7331,0.518552,MISS,,17857
7332,0.814425,MISS,,13031
7333,0.398286,MISS,,14235
7334,0.911609,HIT,true,13662
7335,0.514388,MISS,,14981
7336,0.578307,MISS,,13101
7337,0.965469,HIT,true,13190
7338,0.498314,MISS,,15066
7339,0.621955,MISS,,17232
7340,0.974997,HIT,true,14653
7341,0.589674,MISS,,15400
7342,0.982553,HIT,true,15429
7343,0.695158,MISS,,14230
7344,0.584282,MISS,,17656
7345,0.416901,MISS,,13746
7346,0.514689,MISS,,13990
7347,0.565463,MISS,,13485
7348,0.717647,MISS,,13790
7349,0.568227,MISS,,12836
7350,0.394095,MISS,,13887
7351,0.857275,HIT,false,12487
7352,0.649821,MISS,,13331
7353,0.732833,MISS,,13264
7354,0.935790,HIT,true,15172
7355,0.786634,MISS,,14821
7356,0.585885,MISS,,14261
7357,0.910842,HIT,true,13013
7358,0.870660,HIT,true,15690
7359,0.850796,HIT,true,14097
7360,0.904008,HIT,true,13442
7361,0.964153,HIT,true,12576
7362,0.767774,MISS,,17360
7363,0.904819,HIT,true,13417
7364,0.980856,HIT,true,16024
7365,0.510447,MISS,,14196
7366,0.453894,MISS,,12846
7367,0.921424,HIT,true,14298
7368,0.928181,HIT,true,13737
7369,0.505581,MISS,,12217
7370,0.976942,HIT,true,12763
7371,0.608750,MISS,,13177
7372,0.563414,MISS,,13551
7373,0.881023,HIT,false,13685
7374,0.686510,MISS,,14221
7375,0.988353,HIT,true,13136
7376,0.938920,HIT,true,12972
7377,0.904701,HIT,true,12784
7378,0.856640,HIT,true,12564
7379,0.628513,MISS,,13075
7380,0.481726,MISS,,14559
7381,0.416326,MISS,,12647
7382,0.792821,MISS,,12686
7383,0.632826,MISS,,13390
7384,0.435122,MISS,,24643
7385,0.515894,MISS,,12340
7386,0.434606,MISS,,14118
7387,0.756872,MISS,,12597
7388,0.727633,MISS,,12840
7389,0.480204,MISS,,12148
7390,0.585575,MISS,,13027
7391,0.993049,HIT,true,12873
7392,0.903088,HIT,true,13203
7393,0.818667,MISS,,12308
7394,0.539833,MISS,,14418
7395,0.967231,HIT,true,12629
7396,0.788293,MISS,,12717
7397,0.639333,MISS,,12994
7398,0.562573,MISS,,13258
7399,0.968055,HIT,true,13227
7400,0.704332,MISS,,12457
7401,0.949820,HIT,true,13181
7402,0.607364,MISS,,12875
7403,0.745111,MISS,,12987
7404,0.979404,HIT,true,14224
7405,0.588120,MISS,,14986
7406,0.495463,MISS,,13202
7407,0.685416,MISS,,15202
7408,0.780051,MISS,,12898
7409,0.806527,MISS,,13267
7410,0.572186,MISS,,13224
7411,0.511191,MISS,,13872
7412,0.938634,HIT,true,12908
7413,0.607711,MISS,,13832
7414,0.618320,MISS,,13914
7415,0.617466,MISS,,13477
7416,0.678376,MISS,,13156
7417,0.754651,MISS,,13725
7418,0.803564,MISS,,12908
7419,0.993777,HIT,true,13192
7420,0.659543,MISS,,13112
7421,0.917125,HIT,true,14402
7422,0.771573,MISS,,12972
7423,0.550222,MISS,,17669
7424,0.865985,HIT,true,14375
7425,0.773594,MISS,,13364
7426,0.858324,HIT,false,14198
7427,0.537311,MISS,,13115
7428,0.781043,MISS,,13156
7429,0.804990,MISS,,13670
7430,0.735650,MISS,,14427
7431,0.772013,MISS,,12335
7432,0.917726,HIT,true,12826
7433,0.690864,MISS,,13860
7434,0.956657,HIT,true,13481
7435,0.954078,HIT,true,13742
7436,0.923561,HIT,true,13326
7437,0.826051,MISS,,12269
7438,0.444784,MISS,,13835
7439,0.583503,MISS,,12514
7440,0.855080,HIT,true,13163
7441,0.899564,HIT,true,13525
7442,0.609980,MISS,,12548
7443,0.851951,HIT,true,15076
7444,0.803831,MISS,,12994
7445,0.928467,HIT,true,13459
7446,0.979682,HIT,true,12882
7447,0.411291,MISS,,13496
7448,0.593340,MISS,,12976
7449,0.804897,MISS,,13139
7450,0.823950,MISS,,13553
7451,0.915034,HIT,true,12662
7452,0.617178,MISS,,13199
7453,0.988139,HIT,true,13738
7454,0.771837,MISS,,14097
7455,0.605371,MISS,,12468
7456,0.988454,HIT,true,13023
7457,0.570597,MISS,,12580
7458,0.881034,HIT,true,13035
7459,0.854227,HIT,false,12295
7460,0.890931,HIT,true,13561
7461,0.666966,MISS,,12671
7462,0.875172,HIT,false,12799
7463,0.982820,HIT,true,13418
7464,0.712550,MISS,,13799
7465,0.983875,HIT,true,12678
7466,0.694250,MISS,,13530
7467,0.913012,HIT,true,12812
7468,0.582043,MISS,,13224
7469,0.489272,MISS,,12641
7470,0.777759,MISS,,12793
7471,0.949909,HIT,true,13025
7472,0.846553,MISS,,13346
7473,0.933019,HIT,true,13073
7474,0.669198,MISS,,14695
7475,0.804499,MISS,,12874
7476,0.477502,MISS,,12446
7477,0.799843,MISS,,12628
7478,0.824410,MISS,,12962
7479,0.530477,MISS,,13518
7480,0.707471,MISS,,12368
7481,0.691141,MISS,,12626
7482,0.527496,MISS,,13388
7483,0.912295,HIT,true,12716
7484,0.896122,HIT,false,14101
7485,0.711698,MISS,,13026
7486,0.759169,MISS,,13292
7487,0.557125,MISS,,12952
7488,0.778443,MISS,,12466
7489,0.981890,HIT,true,12911
7490,0.533977,MISS,,13382
7491,0.967717,HIT,true,13262
7492,0.628515,MISS,,13469
7493,0.901283,HIT,true,12742
7494,0.672529,MISS,,13143
7495,0.876931,HIT,true,13521
7496,0.801749,MISS,,13067
7497,0.989018,HIT,true,12535
7498,0.441946,MISS,,13361
7499,0.594479,MISS,,13249
7500,0.658649,MISS,,12961
7501,0.455152,MISS,,13786
7502,0.912185,HIT,true,13398
7503,0.741844,MISS,,13821
7504,0.936456,HIT,true,12924
7505,0.404927,MISS,,15279
7506,0.360801,MISS,,13606
7507,0.481604,MISS,,12380
7508,0.687240,MISS,,13413
7509,0.880067,HIT,true,12378
7510,0.993969,HIT,true,12840
7511,0.976104,HIT,true,13511
7512,0.847268,MISS,,12523
7513,0.953748,HIT,true,12864
7514,0.937561,HIT,true,12622
7515,0.802638,MISS,,14044
7516,0.819175,MISS,,13221
7517,0.527699,MISS,,13661
7518,0.957978,HIT,true,13108
7519,0.967957,HIT,true,12773
7520,0.437403,MISS,,13331
7521,0.841471,MISS,,12862
7522,0.519995,MISS,,13617
7523,0.472907,MISS,,13152
7524,0.458477,MISS,,12934
7525,0.925650,HIT,true,13363
7526,0.972384,HIT,true,14177
7527,0.971366,HIT,true,12608
7528,0.744316,MISS,,12508
7529,0.669647,MISS,,12975
7530,0.479133,MISS,,13725
7531,0.895205,HIT,true,12927
7532,0.956068,HIT,true,12922
7533,0.842216,MISS,,13380
7534,0.867152,HIT,true,15881
7535,0.728459,MISS,,17064
7536,0.776212,MISS,,16301
7537,0.801676,MISS,,17142
7538,0.517175,MISS,,13970
7539,0.510695,MISS,,16701
7540,0.409450,MISS,,15222
7541,0.899944,HIT,true,14166
7542,0.345155,MISS,,12914
7543,0.942987,HIT,true,12817
7544,0.556258,MISS,,13952
7545,0.871071,HIT,true,15101
7546,0.755768,MISS,,17275
7547,0.993652,HIT,true,13734
7548,0.799725,MISS,,13444
7549,0.860420,HIT,true,12490
7550,0.583169,MISS,,14161
7551,0.568670,MISS,,13162
7552,0.802374,MISS,,15313
7553,0.725282,MISS,,13285
7554,0.965308,HIT,true,17415
7555,0.956473,HIT,true,15894
7556,0.492942,MISS,,16011
7557,0.912012,HIT,true,15062
7558,0.484419,MISS,,15779
7559,0.453769,MISS,,13545
7560,0.529130,MISS,,12991
7561,0.893532,HIT,true,13347
7562,0.702649,MISS,,12566
7563,0.683714,MISS,,14979
7564,0.903325,HIT,true,14105
7565,0.635620,MISS,,13668
7566,0.845490,MISS,,13532
7567,0.815625,MISS,,13195
7568,0.646493,MISS,,13154
7569,0.834426,MISS,,12907
7570,0.899341,HIT,true,14912
7571,0.439352,MISS,,13003
7572,0.826768,MISS,,13589
7573,0.619877,MISS,,14078
7574,0.451216,MISS,,15238
7575,0.968566,HIT,true,13657
7576,0.952206,HIT,true,13875
7577,0.383888,MISS,,12909
7578,0.595137,MISS,,12757
7579,0.900172,HIT,true,12614
7580,0.549513,MISS,,14069
7581,0.643224,MISS,,12738
7582,0.704051,MISS,,13741
7583,0.879819,HIT,true,12767
7584,0.401820,MISS,,14411
7585,0.763234,MISS,,14235
7586,0.916478,HIT,true,12959
7587,0.654089,MISS,,12440
7588,0.886507,HIT,true,12989
7589,0.552895,MISS,,13453
7590,0.530072,MISS,,13288
7591,0.972067,HIT,true,12554
7592,0.954355,HIT,true,12872
7593,0.510143,MISS,,14025
7594,0.916305,HIT,false,13447
7595,0.734908,MISS,,13594
7596,0.781481,MISS,,14199
7597,0.747474,MISS,,13591
7598,0.509263,MISS,,13030
7599,0.608332,MISS,,12724
7600,0.581489,MISS,,13661
7601,0.529973,MISS,,13611
7602,0.803855,MISS,,12957
7603,0.576821,MISS,,13841
7604,0.627953,MISS,,13065
7605,0.852183,HIT,false,13032
7606,0.930756,HIT,true,12856
7607,0.672737,MISS,,13578
7608,0.833437,MISS,,12580
7609,0.539456,MISS,,12416
7610,0.704944,MISS,,17768
7611,0.790429,MISS,,17004
7612,0.489856,MISS,,18317
7613,0.916121,HIT,true,15319
7614,0.615092,MISS,,14689
7615,0.995155,HIT,true,14259
7616,0.947469,HIT,true,14865
7617,0.700692,MISS,,12757
7618,0.575026,MISS,,13544
7619,0.900928,HIT,true,13415
7620,0.985615,HIT,true,14089
7621,0.861549,HIT,true,13950
7622,0.759644,MISS,,15396
7623,0.917558,HIT,true,13395
7624,0.522350,MISS,,16083
7625,0.956335,HIT,true,16170
7626,0.886393,HIT,true,14640
7627,0.658075,MISS,,14590
7628,0.945277,HIT,true,12712
7629,0.985561,HIT,true,13369
7630,0.876341,HIT,false,12664
7631,0.762347,MISS,,14778
7632,0.939539,HIT,true,13415
7633,0.622636,MISS,,12571
7634,0.449878,MISS,,12647
7635,0.987504,HIT,true,13068
7636,0.901664,HIT,true,13846
7637,0.956234,HIT,true,12613
7638,0.924153,HIT,true,12776
7639,0.914228,HIT,true,12773
7640,0.552906,MISS,,12730
7641,0.529053,MISS,,13489
7642,0.924212,HIT,true,14621
7643,0.559639,MISS,,13120
7644,0.645499,MISS,,13020
7645,0.796332,MISS,,12417
7646,0.964165,HIT,true,13296
7647,0.874908,HIT,true,13087
7648,0.899212,HIT,false,13301
7649,0.947204,HIT,true,12555
7650,0.992709,HIT,true,13242
7651,0.818585,MISS,,13413
7652,0.757078,MISS,,13426
7653,0.548668,MISS,,12588
7654,0.662599,MISS,,12653
7655,0.701684,MISS,,13508
7656,0.831546,MISS,,12893
7657,0.837070,MISS,,12567
7658,0.982907,HIT,true,15044
7659,0.473622,MISS,,16559
7660,0.967590,HIT,true,13346
7661,0.799090,MISS,,15689
7662,0.999029,HIT,true,13610
7663,0.977252,HIT,true,13979
7664,0.875811,HIT,true,13564
7665,0.698609,MISS,,14196
7666,0.897790,HIT,true,12519
7667,0.771491,MISS,,12933
7668,0.968631,HIT,true,14399
7669,0.870879,HIT,true,12650
7670,0.832259,MISS,,14467
7671,0.666727,MISS,,15056
7672,0.495104,MISS,,13209
7673,0.684061,MISS,,12915
7674,0.920914,HIT,true,12864
7675,0.986753,HIT,true,12923
7676,0.906508,HIT,true,12869
7677,0.955793,HIT,true,12959
7678,0.822348,MISS,,12277
7679,0.940083,HIT,true,14062
7680,0.661180,MISS,,12759
7681,0.916038,HIT,true,14410
7682,0.998018,HIT,true,12806
7683,0.664831,MISS,,13022
7684,0.861808,HIT,false,12686
7685,0.450297,MISS,,13200
7686,0.831204,MISS,,12576
7687,0.549664,MISS,,23276
7688,0.677872,MISS,,12362
7689,0.768809,MISS,,12767
7690,0.526298,MISS,,13661
7691,0.904963,HIT,true,14888
7692,0.788706,MISS,,12697
7693,0.825797,MISS,,12784
7694,0.591595,MISS,,12531
7695,0.827019,MISS,,13190
7696,0.760345,MISS,,12497
7697,0.923129,HIT,true,13447
7698,0.799689,MISS,,12919
7699,0.621401,MISS,,14007
7700,0.865603,HIT,true,13431
7701,0.895542,HIT,true,13534
7702,0.788752,MISS,,12885
7703,0.929517,HIT,true,13769
7704,0.608847,MISS,,12712
7705,0.894582,HIT,true,12644
7706,0.371137,MISS,,12552
7707,0.844424,MISS,,13046
7708,0.503937,MISS,,12790
7709,0.963115,HIT,true,13045
7710,0.581807,MISS,,13077
7711,0.826378,MISS,,14098
7712,0.660210,MISS,,13189
7713,0.449196,MISS,,13003
7714,0.444252,MISS,,13171
7715,0.926153,HIT,true,12588
7716,0.913235,HIT,true,13609
7717,0.735094,MISS,,12839
7718,0.831881,MISS,,13048
7719,0.992887,HIT,true,12904
7720,0.565892,MISS,,12455
7721,0.671920,MISS,,14238
7722,0.939533,HIT,true,14608
7723,0.659872,MISS,,13703
7724,0.498864,MISS,,12376
7725,0.435915,MISS,,12918
7726,0.931754,HIT,true,13616
7727,0.390885,MISS,,12410
7728,0.901003,HIT,true,13547
7729,0.526698,MISS,,12468
7730,0.937754,HIT,true,15164
7731,0.938115,HIT,true,13012
7732,0.566235,MISS,,13903
7733,0.799336,MISS,,12632
7734,0.672740,MISS,,14541
7735,0.952206,HIT,true,12578
7736,0.629561,MISS,,12911
7737,0.927549,HIT,true,12876
7738,0.670509,MISS,,12440
7739,0.758924,MISS,,12878
7740,0.921200,HIT,true,13225
7741,0.876114,HIT,true,14591
7742,0.793267,MISS,,13652
7743,0.626728,MISS,,13854
7744,0.849009,MISS,,13619
7745,0.430941,MISS,,12652
7746,0.774633,MISS,,12768
7747,0.511062,MISS,,13592
7748,0.751275,MISS,,15162
7749,0.637075,MISS,,13122
7750,0.531581,MISS,,13603
7751,0.908624,HIT,true,13956
7752,0.387716,MISS,,14055
7753,0.746144,MISS,,13975
7754,0.875300,HIT,false,13556
7755,0.591674,MISS,,12723
7756,0.936283,HIT,true,12407
7757,0.814607,MISS,,13513
7758,0.662926,MISS,,12841
7759,0.937627,HIT,true,13185
7760,0.946513,HIT,true,12870
7761,0.780291,MISS,,12670
7762,0.885109,HIT,true,14028
7763,0.805632,MISS,,12847
7764,0.739273,MISS,,13447
7765,0.574081,MISS,,13792
7766,0.875994,HIT,true,12657
7767,0.637577,MISS,,13019
7768,0.739946,MISS,,13275
7769,0.590963,MISS,,12584
7770,0.777280,MISS,,12810
7771,0.626805,MISS,,12400
7772,0.800423,MISS,,15338
7773,0.450841,MISS,,12863
7774,0.992644,HIT,true,12498
7775,0.970796,HIT,true,12959
7776,0.718311,MISS,,12923
7777,0.555993,MISS,,12687
7778,0.646656,MISS,,13076
7779,0.974112,HIT,true,12738
7780,0.615646,MISS,,13491
7781,0.449656,MISS,,12481
7782,0.845961,MISS,,14063
7783,0.574610,MISS,,13318
7784,0.826883,MISS,,14023
7785,0.970009,HIT,true,13112
7786,0.656464,MISS,,13421
7787,0.764692,MISS,,12373
7788,0.840839,MISS,,13248
7789,0.910913,HIT,true,12639
7790,0.880832,HIT,false,12948
7791,0.893707,HIT,true,13668
7792,0.894156,HIT,true,13928
7793,0.962653,HIT,true,12891
7794,0.508496,MISS,,12950
7795,0.540887,MISS,,12956
7796,0.461478,MISS,,12966
7797,0.695406,MISS,,13713
7798,0.803156,MISS,,12283
7799,0.994256,HIT,true,13326
7800,0.937979,HIT,true,13571
7801,0.559423,MISS,,12245
7802,0.630364,MISS,,14286
7803,0.523094,MISS,,14334
7804,0.485366,MISS,,12728
7805,0.944432,HIT,true,13086
7806,0.616514,MISS,,12892
7807,0.930666,HIT,true,12728
7808,0.469307,MISS,,12615
7809,0.804968,MISS,,13633
7810,0.917575,HIT,true,13144
7811,0.901551,HIT,true,12483
7812,0.772310,MISS,,13495
7813,0.644387,MISS,,14641
7814,0.503568,MISS,,14080
7815,0.542909,MISS,,12997
7816,0.481037,MISS,,13169
7817,0.614608,MISS,,13467
7818,0.799214,MISS,,13188
7819,0.925480,HIT,true,12652
7820,0.977283,HIT,true,13000
7821,0.977824,HIT,true,13321
7822,0.996646,HIT,true,13161
7823,0.844811,MISS,,13193
7824,0.697462,MISS,,13292
7825,0.882960,HIT,true,13850
7826,0.846772,MISS,,12954
7827,0.951406,HIT,true,14031
7828,0.557953,MISS,,14184
7829,0.840244,MISS,,12817
7830,0.963953,HIT,true,12689
7831,0.786682,MISS,,12879
7832,0.869663,HIT,true,12946
7833,0.884515,HIT,true,14149
7834,0.902212,HIT,false,13897
7835,0.691292,MISS,,13445
7836,0.880770,HIT,true,12415
7837,0.903218,HIT,true,12965
7838,0.688043,MISS,,12804
7839,0.874388,HIT,true,13026
7840,0.543389,MISS,,13652
7841,0.539965,MISS,,12894
7842,0.982159,HIT,true,12365
7843,0.564391,MISS,,14965
7844,0.450841,MISS,,12919
7845,0.642171,MISS,,12489
7846,0.878550,HIT,true,13574
7847,0.865679,HIT,true,13508
7848,0.798474,MISS,,12809
7849,0.974043,HIT,true,12771
7850,0.594884,MISS,,13549
7851,0.827211,MISS,,12823
7852,0.658599,MISS,,16080
7853,0.596531,MISS,,17904
7854,0.659773,MISS,,13937
7855,0.901444,HIT,false,13515
7856,0.919822,HIT,true,13512
7857,0.851413,HIT,true,13467
7858,0.591329,MISS,,16388
7859,0.416681,MISS,,12807
7860,0.848686,MISS,,13472
7861,0.766094,MISS,,13264
7862,0.410743,MISS,,14932
7863,0.847020,MISS,,14084
7864,0.917439,HIT,true,14360
7865,0.960836,HIT,true,13510
7866,0.932949,HIT,true,14044
7867,0.876024,HIT,true,13339
7868,0.433670,MISS,,12546
7869,0.470878,MISS,,13577
7870,0.997209,HIT,true,14348
7871,0.996333,HIT,true,13338
7872,0.930862,HIT,true,14262
7873,0.984003,HIT,true,13353
7874,0.520976,MISS,,13085
7875,0.981287,HIT,true,13051
7876,0.896736,HIT,true,13608
7877,0.994519,HIT,true,13329
7878,0.904727,HIT,true,13110
7879,0.690352,MISS,,13055
7880,0.548761,MISS,,13147
7881,0.878983,HIT,true,12932
7882,0.508599,MISS,,14811
7883,0.945551,HIT,true,13452
7884,0.769777,MISS,,12508
7885,0.973881,HIT,true,13243
7886,0.971800,HIT,true,13093
7887,0.767812,MISS,,12433
7888,0.898685,HIT,true,13176
7889,0.882686,HIT,true,15335
7890,0.934167,HIT,true,12976
7891,0.940991,HIT,true,13185
7892,0.640569,MISS,,13548
7893,0.789844,MISS,,13825
7894,0.438570,MISS,,14489
7895,0.875742,HIT,true,13288
7896,0.898408,HIT,true,12955
7897,0.567541,MISS,,12845
7898,0.820153,MISS,,12859
7899,0.612231,MISS,,12352
7900,0.594749,MISS,,13321
7901,0.772252,MISS,,14071
7902,0.544185,MISS,,12542
7903,0.390575,MISS,,15008
7904,0.969345,HIT,true,13568
7905,0.755011,MISS,,13169
7906,0.933654,HIT,true,13436
7907,0.697347,MISS,,13549
7908,0.774234,MISS,,13100
7909,0.988796,HIT,true,13051
7910,0.925902,HIT,true,12840
7911,0.878272,HIT,true,12730
7912,0.444978,MISS,,13379
7913,0.614456,MISS,,15185
7914,0.781266,MISS,,13277
7915,0.775685,MISS,,13052
7916,0.922822,HIT,true,12979
7917,0.727850,MISS,,13072
7918,0.757212,MISS,,12973
7919,0.861456,HIT,true,13991
7920,0.952252,HIT,true,13014
7921,0.516479,MISS,,13094
7922,0.966422,HIT,true,13473
7923,0.650016,MISS,,13999
7924,0.726103,MISS,,12803
7925,0.865976,HIT,true,13857
7926,0.933422,HIT,true,13729
7927,0.455788,MISS,,14897
7928,0.962946,HIT,true,17051
7929,0.674720,MISS,,13820
7930,0.583421,MISS,,13300
7931,0.546090,MISS,,14171
7932,0.929325,HIT,true,14852
7933,0.524337,MISS,,15084
7934,0.482458,MISS,,13349
7935,0.881324,HIT,true,13503
7936,0.986730,HIT,true,13465
7937,0.828824,MISS,,13593
7938,0.775599,MISS,,12898
7939,0.841964,MISS,,13435
7940,0.813614,MISS,,12956
7941,0.627719,MISS,,13352
7942,0.582587,MISS,,14044
7943,0.959983,HIT,false,13687
7944,0.888778,HIT,true,13081
7945,0.398027,MISS,,13322
7946,0.437998,MISS,,13028
7947,0.512877,MISS,,12778
7948,0.587178,MISS,,12767
7949,0.907542,HIT,true,13989
7950,0.598729,MISS,,13108
7951,0.681596,MISS,,12850
7952,0.438555,MISS,,13231
7953,0.874265,HIT,true,14643
7954,0.582686,MISS,,13182
7955,0.504892,MISS,,13687
7956,0.836779,MISS,,12847
7957,0.974340,HIT,true,13320
7958,0.582610,MISS,,12751
7959,0.595316,MISS,,12483
7960,0.952005,HIT,true,13398
7961,0.687766,MISS,,13433
7962,0.990521,HIT,true,15038
7963,0.831465,MISS,,13216
7964,0.863753,HIT,false,12920
7965,0.756966,MISS,,13748
7966,0.634645,MISS,,13001
7967,0.560275,MISS,,12976
7968,0.361266,MISS,,14378
7969,0.590791,MISS,,13433
7970,0.826772,MISS,,15373
7971,0.952148,HIT,false,22622
7972,0.877055,HIT,false,16317
7973,0.971948,HIT,true,15953
7974,0.659647,MISS,,15272
7975,0.851289,HIT,true,12964
7976,0.919074,HIT,true,13261
7977,0.581147,MISS,,13697
7978,0.557947,MISS,,16786
7979,0.635939,MISS,,14174
7980,0.510113,MISS,,15622
7981,0.938567,HIT,true,14224
7982,0.386245,MISS,,12584
7983,0.615194,MISS,,13755
7984,0.909365,HIT,true,14452
7985,0.526429,MISS,,13404
7986,0.829732,MISS,,13589
7987,0.984425,HIT,true,13722
7988,0.813029,MISS,,13478
7989,0.871314,HIT,true,14080
7990,0.692117,MISS,,25069
7991,0.647252,MISS,,13166
7992,0.792310,MISS,,14551
7993,0.893614,HIT,true,14335
7994,0.994806,HIT,true,13343
7995,0.653987,MISS,,13283
7996,0.590571,MISS,,13070
7997,0.815201,MISS,,13778
7998,0.979312,HIT,true,12668
7999,0.778938,MISS,,13738
8000,0.766454,MISS,,13514
8001,0.870664,HIT,false,13587
8002,0.890939,HIT,true,13773
8003,0.587669,MISS,,13004
8004,0.515139,MISS,,13413
8005,0.471224,MISS,,13054
8006,0.662970,MISS,,12739
8007,0.887929,HIT,true,12555
8008,0.378619,MISS,,14230
8009,0.914413,HIT,true,13238
8010,0.861160,HIT,true,14027
8011,0.343049,MISS,,13094
8012,0.423484,MISS,,13500
8013,0.836304,MISS,,12764
8014,0.889164,HIT,true,13410
8015,0.534433,MISS,,12964
8016,0.829048,MISS,,13587
8017,0.907602,HIT,true,12975
8018,0.497039,MISS,,13008
8019,0.557264,MISS,,13062
8020,0.559154,MISS,,15521
8021,0.729211,MISS,,13054
8022,0.527430,MISS,,13182
8023,0.934293,HIT,true,13064
8024,0.647074,MISS,,12788
8025,0.755147,MISS,,14161
8026,0.644031,MISS,,13686
8027,0.962217,HIT,true,13449
8028,0.372268,MISS,,13097
8029,0.964564,HIT,true,12964
8030,0.460478,MISS,,14492
8031,0.472041,MISS,,13594
8032,0.948485,HIT,true,13748
8033,0.942622,HIT,true,12941
8034,0.779041,MISS,,12999
8035,0.435097,MISS,,13591
8036,0.503624,MISS,,13026
8037,0.752590,MISS,,12986
8038,0.530375,MISS,,12956
8039,0.589650,MISS,,18511
8040,0.991533,HIT,true,17823
8041,0.476492,MISS,,14568
8042,0.832850,MISS,,14651
8043,0.537555,MISS,,13811
8044,0.874985,HIT,true,15207
8045,0.567300,MISS,,13261
8046,0.980089,HIT,true,13200
8047,0.665735,MISS,,13914
8048,0.743964,MISS,,13447
8049,0.712274,MISS,,14961
8050,0.870218,HIT,true,14963
8051,0.769119,MISS,,13717
8052,0.922521,HIT,true,13567
8053,0.914391,HIT,true,13360
8054,0.865663,HIT,true,15023
8055,0.951633,HIT,true,14147
8056,0.430793,MISS,,14168
8057,0.834593,MISS,,12359
8058,0.819421,MISS,,15703
8059,0.412353,MISS,,14412
8060,0.538935,MISS,,13481
8061,0.657563,MISS,,21493
8062,0.744390,MISS,,18788
8063,0.633166,MISS,,22048
8064,0.393917,MISS,,15353
8065,0.713199,MISS,,12913
8066,0.381186,MISS,,16255
8067,0.875798,HIT,true,14776
8068,0.662101,MISS,,14312
8069,0.847081,MISS,,14146
8070,0.881833,HIT,false,15780
8071,0.993261,HIT,true,15713
8072,0.790797,MISS,,15260
8073,0.916593,HIT,true,16439
8074,0.915613,HIT,true,14610
8075,0.856842,HIT,false,17429
8076,0.933434,HIT,true,15401
8077,0.653962,MISS,,16195
8078,0.491447,MISS,,13873
8079,0.526968,MISS,,13709
8080,0.999788,HIT,true,14386
8081,0.495765,MISS,,13581
8082,0.913827,HIT,true,13662
8083,0.499291,MISS,,14229
8084,0.862471,HIT,false,20209
8085,0.645448,MISS,,14153
8086,0.956078,HIT,false,15030
8087,0.873099,HIT,true,16172
8088,0.936944,HIT,true,15082
8089,0.894992,HIT,true,14747
8090,0.554491,MISS,,16674
8091,0.964024,HIT,true,14946
8092,0.972492,HIT,true,14621
8093,0.946229,HIT,true,16082
8094,0.464710,MISS,,13598
8095,0.508550,MISS,,13945
8096,0.864258,HIT,true,13848
8097,0.918762,HIT,true,13566
8098,0.487189,MISS,,14301
8099,0.496764,MISS,,17498
8100,0.876777,HIT,true,15077
8101,0.965293,HIT,true,15141
8102,0.742854,MISS,,14865
8103,0.646456,MISS,,13860
8104,0.622731,MISS,,15287
8105,0.710585,MISS,,16069
8106,0.799711,MISS,,15432
8107,0.861410,HIT,true,15036
8108,0.982228,HIT,true,15367
8109,0.656696,MISS,,17175
8110,0.857055,HIT,true,15982
8111,0.598262,MISS,,15485
8112,0.883551,HIT,false,13472
8113,0.692481,MISS,,13734
8114,0.764669,MISS,,13549
8115,0.474598,MISS,,14182
8116,0.465050,MISS,,13311
8117,0.649974,MISS,,13829
8118,0.997510,HIT,true,16615
8119,0.958956,HIT,true,15523
8120,0.714629,MISS,,15676
8121,0.728433,MISS,,13649
8122,0.642545,MISS,,14144
8123,0.673163,MISS,,13351
8124,0.525102,MISS,,13020
8125,0.949977,HIT,true,13027
8126,0.906360,HIT,true,14384
8127,0.722532,MISS,,12987
8128,0.738396,MISS,,15367
8129,0.385603,MISS,,16823
8130,0.868182,HIT,true,18448
8131,0.941016,HIT,true,16616
8132,0.856602,HIT,true,16707
8133,0.803356,MISS,,22063
8134,0.455772,MISS,,16023
8135,0.538789,MISS,,15757
8136,0.845170,MISS,,15751
8137,0.774068,MISS,,14421
8138,0.859022,HIT,true,13939
8139,0.732849,MISS,,12932
8140,0.620193,MISS,,17631
8141,0.507540,MISS,,17011
8142,0.423061,MISS,,16609
8143,0.576592,MISS,,13745
8144,0.986310,HIT,true,16075
8145,0.984873,HIT,true,17401
8146,0.871900,HIT,true,15806
8147,0.920904,HIT,true,17146
8148,0.573068,MISS,,17110
8149,0.757380,MISS,,16649
8150,0.427365,MISS,,14624
8151,0.504594,MISS,,15358
8152,0.871837,HIT,true,16620
8153,0.481548,MISS,,19387
8154,0.960481,HIT,true,18658
8155,0.429221,MISS,,16659
8156,0.910611,HIT,true,17883
8157,0.975437,HIT,true,14097
8158,0.803639,MISS,,13957
8159,0.967405,HIT,true,14215
8160,0.908217,HIT,false,13045
8161,0.901097,HIT,true,15794
8162,0.693138,MISS,,15198
8163,0.682150,MISS,,13702
8164,0.949360,HIT,true,13487
8165,0.945048,HIT,true,14041
8166,0.616051,MISS,,13778
8167,0.804995,MISS,,13151
8168,0.860115,HIT,true,14145
8169,0.932338,HIT,true,14103
8170,0.592893,MISS,,13739
8171,0.960535,HIT,true,15339
8172,0.727985,MISS,,12945
8173,0.907955,HIT,true,14154
8174,0.924662,HIT,true,14021
8175,0.888897,HIT,true,13036
8176,0.816391,MISS,,13773
8177,0.521196,MISS,,13552
8178,0.539921,MISS,,12854
8179,0.492316,MISS,,13006
8180,0.950949,HIT,true,14594
8181,0.846268,MISS,,14016
8182,0.439195,MISS,,12893
8183,0.562481,MISS,,13589
8184,0.885046,HIT,true,15275
8185,0.931544,HIT,true,13935
8186,0.533455,MISS,,16186
8187,0.952479,HIT,true,16395
8188,0.853950,HIT,true,14805
8189,0.658460,MISS,,14223
8190,0.787265,MISS,,14888
8191,0.949870,HIT,true,13737
8192,0.734112,MISS,,14847
8193,0.879831,HIT,false,13668
8194,0.831095,MISS,,13629
8195,0.938541,HIT,true,13843
8196,0.409312,MISS,,12985
8197,0.488922,MISS,,14621
8198,0.460038,MISS,,16794
8199,0.844672,MISS,,15727
8200,0.903240,HIT,true,13877
8201,0.651895,MISS,,13362
8202,0.754883,MISS,,13950
8203,0.479666,MISS,,16016
8204,0.548059,MISS,,13147
8205,0.552907,MISS,,13667
8206,0.561605,MISS,,13975
8207,0.587404,MISS,,13471
8208,0.945185,HIT,true,13511
8209,0.703641,MISS,,15816
8210,0.459343,MISS,,16827
8211,0.905344,HIT,true,14663
8212,0.530964,MISS,,14252
8213,0.658792,MISS,,13817
8214,0.750623,MISS,,13847
8215,0.948284,HIT,true,13889
8216,1.000000,HIT,true,13280
8217,0.555673,MISS,,13530
8218,0.828821,MISS,,14937
8219,0.977333,HIT,true,13836
8220,0.652698,MISS,,14530
8221,0.723748,MISS,,15861
8222,0.782563,MISS,,13074
8223,0.962690,HIT,true,14133
8224,0.405081,MISS,,13214
8225,0.461408,MISS,,13415
8226,0.565087,MISS,,14296
8227,0.904781,HIT,true,13118
8228,0.805655,MISS,,15032
8229,0.821795,MISS,,13998
8230,0.936901,HIT,true,13626
8231,0.940866,HIT,true,14104
8232,0.561449,MISS,,15325
8233,0.736609,MISS,,14018
8234,0.446334,MISS,,13054
8235,0.994591,HIT,true,12879
8236,0.723870,MISS,,13930
8237,0.546948,MISS,,14442
8238,0.881763,HIT,true,14475
8239,0.814487,MISS,,13318
8240,0.476276,MISS,,13921
8241,0.982131,HIT,true,13093
8242,0.609782,MISS,,13742
8243,0.812603,MISS,,14704
8244,0.884887,HIT,false,14330
8245,0.810709,MISS,,13213
8246,0.883100,HIT,true,14547
8247,0.515584,MISS,,15654
8248,0.629466,MISS,,13749
8249,0.421661,MISS,,14117
8250,0.568144,MISS,,13440
8251,0.416331,MISS,,13477
8252,1.000000,HIT,true,13655
8253,0.878436,HIT,true,12962
8254,0.794080,MISS,,13718
8255,0.864122,HIT,true,13400
8256,0.685855,MISS,,14029
8257,0.878603,HIT,true,13924
8258,0.798013,MISS,,15268
8259,0.565369,MISS,,13046
8260,0.740271,MISS,,14435
8261,0.948662,HIT,true,13030
8262,0.663128,MISS,,17079
8263,0.559213,MISS,,13970
8264,0.992221,HIT,true,13660
8265,0.866637,HIT,true,14024
8266,0.537549,MISS,,14756
8267,0.616642,MISS,,14659
8268,0.822406,MISS,,12874
8269,0.960053,HIT,true,13436
8270,0.690663,MISS,,14545
8271,0.875755,HIT,true,13881
8272,0.532888,MISS,,13002
8273,0.961793,HIT,true,13404
8274,0.474630,MISS,,14123
8275,0.758562,MISS,,13431
8276,0.554814,MISS,,14660
8277,0.965041,HIT,true,22118
8278,0.443597,MISS,,16593
8279,0.811581,MISS,,13041
8280,0.868318,HIT,true,13303
8281,0.994554,HIT,true,14158
8282,0.952781,HIT,true,13593
8283,0.872011,HIT,true,13560
8284,0.535542,MISS,,14852
8285,0.887985,HIT,true,14170
8286,0.922545,HIT,true,14043
8287,0.965437,HIT,true,13170
8288,0.968393,HIT,true,13835
8289,0.413523,MISS,,13067
8290,0.655576,MISS,,15357
8291,0.826152,MISS,,14131
8292,0.940359,HIT,true,13019
8293,0.968797,HIT,true,13267
8294,0.835610,MISS,,15278
8295,0.557111,MISS,,13869
8296,0.698902,MISS,,13905
8297,0.988084,HIT,true,13107
8298,0.816298,MISS,,13331
8299,0.946940,HIT,true,13750
8300,0.670048,MISS,,13776
8301,0.755697,MISS,,13102
8302,0.907850,HIT,true,15011
8303,0.798027,MISS,,13592
8304,0.801504,MISS,,15031
8305,0.723783,MISS,,13363
8306,0.780449,MISS,,14118
8307,0.509703,MISS,,13249
8308,0.907492,HIT,true,14476
8309,0.960689,HIT,true,13588
8310,0.973913,HIT,true,12935
8311,0.918348,HIT,true,13236
8312,0.890348,HIT,true,13148
8313,0.470284,MISS,,15013
8314,0.524080,MISS,,14082
8315,0.589606,MISS,,13928
8316,0.959503,HIT,true,13168
8317,0.970691,HIT,true,13655
8318,0.476240,MISS,,13348
8319,0.618091,MISS,,12915
8320,0.705270,MISS,,13788
8321,0.483447,MISS,,14459
8322,0.739409,MISS,,14395
8323,0.663324,MISS,,15496
8324,0.554265,MISS,,13342
8325,0.798828,MISS,,13776
8326,0.984301,HIT,true,14060
8327,0.867079,HIT,true,13312
8328,0.837608,MISS,,13649
8329,0.520192,MISS,,13488
8330,0.636190,MISS,,12932
8331,0.487233,MISS,,13239
8332,0.991282,HIT,true,14852
8333,0.846384,MISS,,14916
8334,0.938512,HIT,true,13122
8335,0.863051,HIT,true,13140
8336,0.739310,MISS,,13875
8337,0.406356,MISS,,13626
8338,0.840820,MISS,,13914
8339,0.752299,MISS,,13463
8340,0.992826,HIT,true,13558
8341,0.862278,HIT,false,12951
8342,0.626659,MISS,,15881
8343,0.529713,MISS,,16520
8344,0.938357,HIT,true,14494
8345,0.777354,MISS,,14021
8346,0.664903,MISS,,13287
8347,0.792464,MISS,,13754
8348,0.976465,HIT,true,15245
8349,0.911577,HIT,true,14285
8350,0.600703,MISS,,14188
8351,0.928740,HIT,true,15225
8352,0.923794,HIT,true,13899
8353,0.483202,MISS,,13244
8354,0.934655,HIT,true,13817
8355,0.569047,MISS,,14765
8356,0.540267,MISS,,13778
8357,0.695385,MISS,,13838
8358,0.973691,HIT,true,13991
8359,0.975768,HIT,true,13049
8360,0.456865,MISS,,13213
8361,0.607605,MISS,,15820
8362,0.904017,HIT,true,13856
8363,0.915728,HIT,false,14125
8364,0.983621,HIT,true,14802
8365,0.560103,MISS,,13313
8366,0.491123,MISS,,13332
8367,0.593716,MISS,,14067
8368,0.937055,HIT,true,14379
8369,0.809779,MISS,,13356
8370,0.893830,HIT,false,13295
8371,0.935034,HIT,true,14804
8372,0.877417,HIT,true,13873
8373,0.506318,MISS,,14305
8374,0.895237,HIT,true,13338
8375,0.517422,MISS,,13863
8376,0.391951,MISS,,13472
8377,0.673127,MISS,,13839
8378,0.991285,HIT,true,13784
8379,0.913004,HIT,true,14125
8380,0.912955,HIT,true,13559
8381,0.952749,HIT,true,14914
8382,0.797680,MISS,,13252
8383,0.960625,HIT,true,13856
8384,0.948819,HIT,true,13099
8385,0.691410,MISS,,14409
8386,0.864245,HIT,true,14014
8387,0.650066,MISS,,13159
8388,0.353722,MISS,,13760
8389,0.539408,MISS,,13963
8390,0.711318,MISS,,14351
8391,0.639876,MISS,,15266
8392,0.903480,HIT,true,13492
8393,0.825286,MISS,,12930
8394,0.522100,MISS,,14033
8395,0.931781,HIT,true,13477
8396,0.480393,MISS,,13138
8397,0.945645,HIT,true,14313
8398,0.586629,MISS,,12962
8399,0.567773,MISS,,14022
8400,0.594336,MISS,,14718
8401,0.479995,MISS,,13504
8402,0.944141,HIT,true,13961
8403,0.879131,HIT,true,13918
8404,0.997582,HIT,true,13871
8405,0.917135,HIT,true,13413
8406,0.596292,MISS,,14231
8407,0.883836,HIT,true,13163
8408,0.648038,MISS,,13603
8409,0.858537,HIT,true,13923
8410,0.493194,MISS,,15061
8411,0.855858,HIT,true,16485
8412,0.552452,MISS,,13350
8413,0.892759,HIT,true,14264
8414,0.908250,HIT,true,13656
8415,0.541732,MISS,,13849
8416,0.569749,MISS,,13710
8417,0.982926,HIT,true,14655
8418,0.652460,MISS,,14318
8419,0.710244,MISS,,14215
8420,0.706047,MISS,,14999
8421,0.861843,HIT,true,13326
8422,0.819419,MISS,,13268
8423,0.991910,HIT,true,13501
8424,0.947956,HIT,true,13846
8425,0.993093,HIT,true,12940
8426,0.710781,MISS,,14345
8427,0.604221,MISS,,13357
8428,0.963946,HIT,true,14146
8429,0.848123,MISS,,14660
8430,0.716340,MISS,,14397
8431,0.461320,MISS,,13598
8432,0.860242,HIT,true,14084
8433,0.814792,MISS,,13728
8434,0.947624,HIT,true,13479
8435,0.387559,MISS,,13050
8436,0.978588,HIT,true,13782
8437,0.591863,MISS,,12912
8438,0.920157,HIT,true,15090
8439,0.780545,MISS,,14663
8440,0.921249,HIT,true,14234
8441,0.577073,MISS,,13609
8442,0.845359,MISS,,13867
8443,0.853988,HIT,true,13851
8444,0.969045,HIT,true,13905
8445,0.832466,MISS,,14748
8446,0.839159,MISS,,13665
8447,0.791783,MISS,,13143
8448,0.846507,MISS,,15125
8449,0.512417,MISS,,13630
8450,0.788879,MISS,,14863
8451,0.983549,HIT,true,13907
8452,0.857419,HIT,true,13499
8453,0.881853,HIT,true,13162
8454,0.878476,HIT,true,13479
8455,0.895622,HIT,false,13541
8456,0.699916,MISS,,14121
8457,0.956959,HIT,true,13691
8458,0.697967,MISS,,15336
8459,0.852032,HIT,false,13153
8460,0.468566,MISS,,13656
8461,0.423521,MISS,,13099
8462,0.820916,MISS,,14681
8463,0.880312,HIT,true,13511
8464,0.739015,MISS,,14304
8465,0.884606,HIT,false,13284
8466,0.920589,HIT,true,15088
8467,0.855420,HIT,true,15690
8468,0.952687,HIT,true,14840
8469,0.516044,MISS,,14608
8470,0.615561,MISS,,16898
8471,0.376039,MISS,,16434
8472,0.573412,MISS,,16287
8473,0.822541,MISS,,14667
8474,0.395391,MISS,,13902
8475,0.760431,MISS,,12797
8476,0.582791,MISS,,16346
8477,0.735332,MISS,,14157
8478,0.742400,MISS,,14201
8479,0.975368,HIT,true,14821
8480,0.787959,MISS,,13876
8481,0.573096,MISS,,14244
8482,0.634924,MISS,,13898
8483,0.864879,HIT,false,15138
8484,0.925079,HIT,true,14500
8485,0.651107,MISS,,14374
8486,0.950718,HIT,true,15546
8487,0.422247,MISS,,14293
8488,0.859792,HIT,true,13869
8489,0.551807,MISS,,13107
8490,0.434950,MISS,,14580
8491,0.387771,MISS,,14031
8492,0.839198,MISS,,13144
8493,0.583001,MISS,,13470
8494,0.613586,MISS,,13667
8495,0.725776,MISS,,15118
8496,0.623000,MISS,,14540
8497,0.792560,MISS,,13220
8498,0.619934,MISS,,14011
8499,0.494051,MISS,,13191
8500,0.838288,MISS,,13319
8501,0.856997,HIT,true,13502
8502,0.943500,HIT,false,15481
8503,0.519966,MISS,,15386
8504,0.799467,MISS,,15473
8505,0.855584,HIT,true,14915
8506,0.733320,MISS,,13178
8507,0.981842,HIT,true,13911
8508,0.991980,HIT,true,14374
8509,0.581680,MISS,,13638
8510,0.520037,MISS,,13687
8511,0.576272,MISS,,13200
8512,0.766819,MISS,,13722
8513,0.763912,MISS,,14820
8514,0.980714,HIT,true,15143
8515,0.642875,MISS,,13907
8516,0.965867,HIT,true,14423
8517,0.877803,HIT,true,16616
8518,0.574303,MISS,,16389
8519,0.906930,HIT,true,21693
8520,0.902855,HIT,true,19548
8521,0.971371,HIT,true,18874
8522,0.436881,MISS,,23669
8523,0.858299,HIT,true,20247
8524,0.600026,MISS,,19606
8525,0.651169,MISS,,18264
8526,0.727730,MISS,,18588
8527,0.840979,MISS,,18617
8528,0.638624,MISS,,18892
8529,0.641513,MISS,,18198
8530,0.692489,MISS,,13331
8531,0.894006,HIT,true,14131
8532,0.867892,HIT,true,14065
8533,0.961647,HIT,true,13628
8534,0.810991,MISS,,14072
8535,0.972455,HIT,true,13819
8536,0.629923,MISS,,13873
8537,0.896203,HIT,true,14690
8538,0.446441,MISS,,15674
8539,0.906318,HIT,true,13950
8540,0.967733,HIT,true,13706
8541,0.565034,MISS,,14481
8542,0.940315,HIT,true,14298
8543,0.797115,MISS,,13307
8544,0.927373,HIT,false,14098
8545,0.479675,MISS,,15105
8546,0.975678,HIT,true,17111
8547,0.745126,MISS,,16644
8548,0.795637,MISS,,16879
8549,0.916792,HIT,false,16543
8550,0.888205,HIT,false,16582
8551,0.734081,MISS,,16814
8552,0.585010,MISS,,16761
8553,0.972230,HIT,true,16550
8554,0.591036,MISS,,17317
8555,0.862162,HIT,false,16582
8556,0.955755,HIT,true,16512
8557,0.571655,MISS,,16803
8558,0.753382,MISS,,16547
8559,0.872501,HIT,true,16645
8560,0.558914,MISS,,16457
8561,0.478889,MISS,,25507
8562,0.955008,HIT,true,17642
8563,0.893992,HIT,false,16672
8564,0.949573,HIT,true,16589
8565,0.665277,MISS,,17016
8566,0.921607,HIT,false,16529
8567,0.961644,HIT,true,16555
8568,0.871719,HIT,true,17123
8569,0.500867,MISS,,16590
8570,0.750905,MISS,,15999
8571,0.882237,HIT,true,16544
8572,0.484846,MISS,,16323
8573,0.702796,MISS,,16207
8574,0.985042,HIT,true,16417
8575,0.992737,HIT,true,15787
8576,0.972322,HIT,true,16280
8577,0.315524,MISS,,16027
8578,0.892806,HIT,true,17004
8579,0.982328,HIT,true,16781
8580,0.668060,MISS,,16272
8581,0.962891,HIT,true,15802
8582,0.858262,HIT,true,16508
8583,0.722886,MISS,,16081
8584,0.946351,HIT,true,16188
8585,0.966553,HIT,true,16466
8586,0.916516,HIT,true,15998
8587,0.921781,HIT,true,17626
8588,0.620996,MISS,,16866
8589,0.560335,MISS,,15278
8590,0.686315,MISS,,12791
8591,0.978455,HIT,true,13296
8592,0.374772,MISS,,14857
8593,0.907325,HIT,true,14080
8594,0.871063,HIT,false,14556
8595,0.855627,HIT,false,13700
8596,0.489182,MISS,,14354
8597,0.891032,HIT,true,13448
8598,0.938890,HIT,true,13755
8599,0.633786,MISS,,12935
8600,0.902357,HIT,true,13596
8601,0.897927,HIT,true,12992
8602,0.514064,MISS,,13284
8603,0.741706,MISS,,12942
8604,0.808523,MISS,,12896
8605,0.441019,MISS,,13985
8606,0.960178,HIT,true,14818
8607,0.943350,HIT,true,13221
8608,0.493794,MISS,,13524
8609,0.748266,MISS,,13701
8610,0.805788,MISS,,14024
8611,0.703959,MISS,,13802
8612,0.454411,MISS,,14240
8613,0.910293,HIT,true,14209
8614,0.638630,MISS,,13774
8615,0.377366,MISS,,15436
8616,0.765671,MISS,,13673
8617,0.797892,MISS,,14868
8618,0.892072,HIT,true,14443
8619,0.611946,MISS,,14027
8620,0.921244,HIT,true,14306
8621,0.554868,MISS,,13664
8622,0.893282,HIT,false,13115
8623,0.925816,HIT,true,14502
8624,0.737563,MISS,,14716
8625,0.321520,MISS,,15163
8626,0.614490,MISS,,14355
8627,0.626236,MISS,,14054
8628,0.587714,MISS,,14124
8629,0.563777,MISS,,14702
8630,0.666571,MISS,,14184
8631,0.965354,HIT,true,13924
8632,0.940213,HIT,true,13059
8633,0.834225,MISS,,14805
8634,0.860360,HIT,true,14668
8635,0.759739,MISS,,14513
8636,0.891985,HIT,true,13897
8637,0.967836,HIT,true,14399
8638,0.807495,MISS,,13302
8639,0.965691,HIT,true,13608
8640,0.941772,HIT,true,14049
8641,0.918704,HIT,true,14633
8642,0.964250,HIT,true,13030
8643,0.458777,MISS,,15317
8644,0.762079,MISS,,14427
8645,0.598536,MISS,,13905
8646,0.944381,HIT,true,14751
8647,0.883650,HIT,false,14590
8648,0.458191,MISS,,14351
8649,0.536854,MISS,,13860
8650,0.499844,MISS,,13895
8651,0.393296,MISS,,13743
8652,0.920087,HIT,true,15560
8653,0.884427,HIT,true,14856
8654,0.774088,MISS,,13963
8655,0.659693,MISS,,14027
8656,0.985771,HIT,true,14087
8657,0.554828,MISS,,13917
8658,0.538747,MISS,,14004
8659,0.455091,MISS,,13613
8660,0.773787,MISS,,14056
8661,0.940403,HIT,true,14267
8662,0.977420,HIT,true,15109
8663,0.853817,HIT,true,14258
8664,0.800128,MISS,,14485
8665,0.599971,MISS,,13183
8666,0.427540,MISS,,13458
8667,0.374682,MISS,,14229
8668,0.980713,HIT,true,13993
8669,0.882312,HIT,true,14256
8670,0.952126,HIT,true,16243
8671,0.447537,MISS,,15488
8672,0.560976,MISS,,13983
8673,0.644786,MISS,,13743
8674,0.864401,HIT,true,14235
8675,0.374683,MISS,,14288
8676,0.934736,HIT,true,13552
8677,0.973775,HIT,true,14403
8678,0.904246,HIT,true,13727
8679,0.436620,MISS,,13854
8680,0.837870,MISS,,13212
8681,0.549390,MISS,,16347
8682,0.497435,MISS,,14390
8683,0.404601,MISS,,13926
8684,0.829101,MISS,,13999
8685,0.528791,MISS,,14094
8686,0.806109,MISS,,13816
8687,0.784863,MISS,,14564
8688,0.974906,HIT,true,15182
8689,0.901021,HIT,true,14969
8690,0.986869,HIT,true,16474
8691,0.887002,HIT,true,15077
8692,0.690787,MISS,,14412
8693,0.526514,MISS,,14876
8694,0.749084,MISS,,14352
8695,0.996260,HIT,true,13924
8696,0.830824,MISS,,13817
8697,0.558594,MISS,,14364
8698,0.845847,MISS,,14558
8699,0.969356,HIT,true,13759
8700,0.616204,MISS,,15219
8701,0.994581,HIT,true,14400
8702,0.735423,MISS,,13893
8703,0.996182,HIT,true,14004
8704,0.972455,HIT,true,14907
8705,0.547658,MISS,,13738
8706,0.967080,HIT,true,13393
8707,0.496313,MISS,,13339
8708,0.632589,MISS,,14229
8709,0.931769,HIT,true,15154
8710,0.705670,MISS,,14499
8711,0.813877,MISS,,13748
8712,0.989038,HIT,true,14217
8713,0.576375,MISS,,13871
8714,0.851948,HIT,false,14216
8715,0.908392,HIT,true,14440
8716,0.879858,HIT,true,14412
8717,0.887510,HIT,true,13692
8718,0.845724,MISS,,15052
8719,0.789402,MISS,,14240
8720,0.920697,HIT,true,14089
8721,0.562141,MISS,,14538
8722,0.481398,MISS,,13816
8723,0.905959,HIT,true,14094
8724,0.598249,MISS,,15635
8725,0.902880,HIT,true,15161
8726,0.913608,HIT,false,14051
8727,0.929880,HIT,true,16172
8728,0.800511,MISS,,14328
8729,0.960175,HIT,true,13834
8730,0.406443,MISS,,14336
8731,0.775252,MISS,,13790
8732,0.918431,HIT,true,13906
8733,0.932327,HIT,true,14303
8734,0.387098,MISS,,14254
8735,0.878925,HIT,true,13965
8736,0.849161,MISS,,13945
8737,0.765797,MISS,,15668
8738,0.684847,MISS,,14410
8739,0.431210,MISS,,14018
8740,0.414962,MISS,,13921
8741,0.996391,HIT,true,14661
8742,0.885206,HIT,true,15122
8743,0.970044,HIT,true,13897
8744,0.857825,HIT,true,14559
8745,0.913251,HIT,true,14165
8746,0.940187,HIT,true,14549
8747,0.966438,HIT,true,14022
8748,0.923647,HIT,true,14271
8749,0.990573,HIT,true,13880
8750,0.687562,MISS,,14633
8751,0.824484,MISS,,13759
8752,0.718881,MISS,,14416
8753,0.742005,MISS,,13851
8754,0.558968,MISS,,14031
8755,0.914662,HIT,false,14627
8756,0.935378,HIT,true,16324
8757,0.722796,MISS,,13861
8758,0.745343,MISS,,13683
8759,0.440573,MISS,,14358
8760,0.879108,HIT,true,15408
8761,0.352956,MISS,,16793
8762,0.965802,HIT,true,15936
8763,0.848848,MISS,,14061
8764,0.966442,HIT,true,15547
8765,0.628141,MISS,,15072
8766,0.623724,MISS,,14327
8767,0.837805,MISS,,14521
8768,0.925885,HIT,true,20008
8769,0.987008,HIT,true,19643
8770,0.499083,MISS,,14311
8771,0.638865,MISS,,14724
8772,0.784694,MISS,,14800
8773,0.982479,HIT,true,15863
8774,0.959714,HIT,true,15269
8775,0.531843,MISS,,15744
8776,0.997420,HIT,true,14551
8777,0.988781,HIT,true,18891
8778,0.902474,HIT,false,17646
8779,0.785506,MISS,,16823
8780,0.780175,MISS,,17538
8781,0.872202,HIT,true,16823
8782,0.962817,HIT,true,15030
8783,0.640774,MISS,,14884
8784,0.842186,MISS,,14469
8785,0.641217,MISS,,13882
8786,0.908648,HIT,true,13964
8787,0.926485,HIT,true,16196
8788,0.802360,MISS,,14983
8789,0.752037,MISS,,16448
8790,0.822604,MISS,,16269
8791,0.813972,MISS,,14224
8792,0.834745,MISS,,15073
8793,0.935277,HIT,true,14625
8794,0.686282,MISS,,14003
8795,0.467490,MISS,,13966
8796,0.660366,MISS,,17472
8797,0.963866,HIT,true,17020
8798,0.773271,MISS,,16421
8799,0.508074,MISS,,15282
8800,0.896854,HIT,true,14662
8801,0.995159,HIT,true,15457
8802,0.404812,MISS,,16512
8803,0.828891,MISS,,19376
8804,0.592347,MISS,,16319
8805,0.967478,HIT,true,16528
8806,0.789433,MISS,,16408
8807,0.805969,MISS,,17453
8808,0.889010,HIT,true,16170
8809,0.797160,MISS,,13987
8810,0.995114,HIT,true,14792
8811,0.467039,MISS,,14267
8812,0.916751,HIT,true,14180
8813,0.587905,MISS,,14482
8814,0.716684,MISS,,14624
8815,0.837487,MISS,,15013
8816,0.989616,HIT,true,16785
8817,0.752037,MISS,,19997
8818,0.541097,MISS,,16510
8819,0.807313,MISS,,16033
8820,0.544383,MISS,,15618
8821,0.825606,MISS,,14507
8822,0.730189,MISS,,14726
8823,0.947461,HIT,true,13848
8824,0.681471,MISS,,17241
8825,0.605831,MISS,,14951
8826,0.943003,HIT,true,17068
8827,0.748939,MISS,,20415
8828,0.786310,MISS,,15951
8829,0.743610,MISS,,15200
8830,0.727557,MISS,,14943
8831,0.959541,HIT,true,14522
8832,0.993649,HIT,true,15477
8833,0.710755,MISS,,16341
8834,0.608996,MISS,,15842
8835,0.754315,MISS,,14769
8836,0.959096,HIT,true,14524
8837,0.926987,HIT,true,13830
8838,0.969568,HIT,true,14184
8839,0.919032,HIT,true,14419
8840,0.770225,MISS,,15726
8841,0.898898,HIT,true,28143
8842,0.910284,HIT,true,14438
8843,0.958604,HIT,true,13953
8844,0.596923,MISS,,15463
8845,0.842107,MISS,,14746
8846,0.906678,HIT,true,13994
8847,0.873624,HIT,true,15091
8848,0.997205,HIT,true,14060
8849,0.894428,HIT,true,14492
8850,0.877139,HIT,false,17003
8851,0.508025,MISS,,14111
8852,0.640803,MISS,,16142
8853,0.703113,MISS,,14768
8854,0.534565,MISS,,14745
8855,0.538851,MISS,,15303
8856,0.471216,MISS,,14359
8857,0.932722,HIT,true,16527
8858,0.871900,HIT,true,14200
8859,0.989096,HIT,true,16163
8860,0.682476,MISS,,13906
8861,0.503305,MISS,,15500
8862,0.384667,MISS,,14270
8863,0.882868,HIT,true,13838
8864,0.820505,MISS,,14179
8865,0.549636,MISS,,13990
8866,0.779059,MISS,,15049
8867,0.570061,MISS,,14074
8868,0.892261,HIT,false,15532
8869,0.872268,HIT,true,14844
8870,0.966918,HIT,true,13984
8871,0.792353,MISS,,14284
8872,0.504351,MISS,,14571
8873,0.928603,HIT,true,15753
8874,0.981290,HIT,true,15205
8875,0.925901,HIT,true,15391
8876,0.995391,HIT,true,13833
8877,0.837523,MISS,,14944
8878,0.884865,HIT,true,16278
8879,0.702368,MISS,,14190
8880,0.899134,HIT,true,13947
8881,0.996523,HIT,true,14239
8882,0.916931,HIT,true,14613
8883,0.964885,HIT,true,14479
8884,0.806949,MISS,,13975
8885,0.803877,MISS,,16943
8886,0.767082,MISS,,19514
8887,0.994242,HIT,true,17900
8888,0.875945,HIT,true,18160
8889,0.918259,HIT,true,15511
8890,0.771722,MISS,,14661
8891,0.993335,HIT,true,14576
8892,0.440357,MISS,,15566
8893,0.867160,HIT,true,16340
8894,0.951606,HIT,true,14643
8895,0.805227,MISS,,17099
8896,0.966322,HIT,true,15183
8897,0.883589,HIT,true,14592
8898,0.543694,MISS,,13935
8899,0.831116,MISS,,15522
8900,0.817991,MISS,,14494
8901,0.911060,HIT,true,14300
8902,0.537887,MISS,,15557
8903,0.616286,MISS,,16245
8904,0.865220,HIT,false,14713
8905,0.817387,MISS,,15077
8906,0.999726,HIT,true,13863
8907,0.717136,MISS,,13712
8908,0.974229,HIT,true,14678
8909,0.768703,MISS,,14438
8910,0.714987,MISS,,14561
8911,0.906703,HIT,true,13988
8912,0.906322,HIT,true,21484
8913,0.458885,MISS,,25519
8914,0.891891,HIT,true,15212
8915,0.703591,MISS,,14569
8916,0.631686,MISS,,14288
8917,0.583510,MISS,,14647
8918,0.861814,HIT,false,14475
8919,0.857399,HIT,true,14478
8920,0.932913,HIT,true,16538
8921,0.930781,HIT,true,14836
8922,0.808861,MISS,,14669
8923,0.915755,HIT,true,15186
8924,0.794352,MISS,,14197
8925,0.613235,MISS,,14831
8926,0.669605,MISS,,14853
8927,0.778840,MISS,,14804
8928,0.907443,HIT,true,13956
8929,0.807928,MISS,,16721
8930,0.931175,HIT,true,14819
8931,0.789115,MISS,,14955
8932,0.963714,HIT,true,14188
8933,0.910017,HIT,true,15824
8934,0.648726,MISS,,15050
8935,0.514676,MISS,,15308
8936,0.432906,MISS,,15531
8937,0.504215,MISS,,15777
8938,0.931690,HIT,true,15843
8939,0.876963,HIT,true,15746
8940,0.979004,HIT,true,14961
8941,0.944299,HIT,true,13948
8942,0.752974,MISS,,14980
8943,0.510717,MISS,,14900
8944,0.622898,MISS,,14579
8945,0.980204,HIT,true,14102
8946,0.945915,HIT,true,14352
8947,0.510509,MISS,,18451
8948,0.982672,HIT,true,14545
8949,0.909800,HIT,true,14254
8950,0.765056,MISS,,15743
8951,0.440603,MISS,,13881
8952,0.484300,MISS,,13884
8953,0.917642,HIT,true,16520
8954,0.775958,MISS,,15755
8955,0.668717,MISS,,17538
8956,0.941060,HIT,true,15411
8957,0.597918,MISS,,14589
8958,0.884218,HIT,true,14910
8959,0.784955,MISS,,15101
8960,0.969413,HIT,true,14572
8961,0.831436,MISS,,14546
8962,0.975982,HIT,true,14875
8963,0.552907,MISS,,15030
8964,0.808267,MISS,,15681
8965,0.355504,MISS,,15848
8966,0.733371,MISS,,15791
8967,0.644139,MISS,,15412
8968,0.839331,MISS,,14020
8969,0.908566,HIT,true,15490
8970,0.581226,MISS,,14728
8971,0.878231,HIT,true,13932
8972,0.612192,MISS,,15428
8973,0.791460,MISS,,14711
8974,0.916776,HIT,true,16581
8975,0.778427,MISS,,15443
8976,0.945263,HIT,true,14791
8977,0.864897,HIT,true,13938
8978,0.800862,MISS,,14387
8979,0.963847,HIT,true,14606
8980,0.454391,MISS,,14521
8981,0.545253,MISS,,14785
8982,0.902711,HIT,true,15552
8983,0.708450,MISS,,15048
8984,0.956973,HIT,true,14413
8985,0.602662,MISS,,14357
8986,0.676723,MISS,,15214
8987,0.980767,HIT,true,14277
8988,0.630598,MISS,,15038
8989,0.815243,MISS,,13899
8990,0.918445,HIT,true,14189
8991,0.888631,HIT,true,15444
8992,0.865947,HIT,true,17782
8993,0.982668,HIT,true,16671
8994,0.403632,MISS,,14860
8995,0.720015,MISS,,14463
8996,0.591559,MISS,,14293
8997,0.986143,HIT,true,14950
8998,0.816438,MISS,,14839
8999,0.900135,HIT,true,14389
9000,0.977474,HIT,true,14435
9001,0.684256,MISS,,15932
9002,0.462235,MISS,,16259
9003,0.875893,HIT,true,14633
9004,0.861194,HIT,true,14138
9005,0.943815,HIT,true,15260
9006,0.612624,MISS,,13867
9007,0.938723,HIT,true,14907
9008,0.816983,MISS,,15018
9009,0.968283,HIT,true,14458
9010,0.415630,MISS,,15751
9011,0.622224,MISS,,14925
9012,0.934938,HIT,true,14594
9013,0.998962,HIT,true,15056
9014,0.813597,MISS,,13850
9015,0.691337,MISS,,15206
9016,0.901511,HIT,true,13790
9017,0.611886,MISS,,13994
9018,0.973804,HIT,true,15156
9019,0.797544,MISS,,16298
9020,0.828988,MISS,,14239
9021,0.794204,MISS,,15453
9022,0.529286,MISS,,14236
9023,0.916504,HIT,true,14779
9024,0.991743,HIT,true,14448
9025,0.868236,HIT,true,15211
9026,0.995580,HIT,true,13959
9027,0.941274,HIT,true,13896
9028,0.539507,MISS,,17129
9029,0.643047,MISS,,14433
9030,0.424075,MISS,,15484
9031,0.894464,HIT,false,15256
9032,0.732744,MISS,,14250
9033,0.619410,MISS,,14263
9034,0.536977,MISS,,13961
9035,0.959907,HIT,false,15995
9036,0.897379,HIT,true,13928
9037,0.984612,HIT,true,16699
9038,0.757438,MISS,,14521
9039,0.836165,MISS,,14582
9040,0.892230,HIT,true,13922
9041,0.940493,HIT,true,16111
9042,0.464419,MISS,,13808
9043,0.872779,HIT,true,14138
9044,0.904421,HIT,true,14816
9045,0.692918,MISS,,13696
9046,0.852321,HIT,true,16979
9047,0.353710,MISS,,15355
9048,0.361459,MISS,,14419
9049,0.713006,MISS,,14250
9050,0.913585,HIT,true,14642
9051,0.912242,HIT,true,17867
9052,0.578292,MISS,,16364
9053,0.548435,MISS,,15249
9054,0.981972,HIT,true,15264
9055,0.967746,HIT,true,16011
9056,0.869276,HIT,true,15273
9057,0.590202,MISS,,15372
9058,0.868080,HIT,true,14770
9059,0.908156,HIT,true,15194
9060,0.913775,HIT,true,14359
9061,0.665668,MISS,,14869
9062,0.564122,MISS,,14797
9063,0.866667,HIT,false,15800
9064,0.989874,HIT,true,15453
9065,0.867452,HIT,true,15450
9066,0.854892,HIT,false,15200
9067,0.971416,HIT,true,14231
9068,0.887725,HIT,false,15886
9069,0.684113,MISS,,13753
9070,0.545935,MISS,,14510
9071,0.956657,HIT,true,14154
9072,0.914634,HIT,true,16609
9073,0.886872,HIT,true,15603
9074,0.947442,HIT,true,14550
9075,0.972736,HIT,true,16120
9076,0.883000,HIT,true,15324
9077,0.578258,MISS,,14907
9078,0.721396,MISS,,14371
9079,0.773884,MISS,,15614
9080,0.471090,MISS,,14418
9081,0.988318,HIT,true,15718
9082,0.989962,HIT,true,15564
9083,0.949695,HIT,true,14261
9084,0.776277,MISS,,15299
9085,0.913776,HIT,true,15365
9086,0.966630,HIT,true,13904
9087,0.412494,MISS,,14467
9088,0.781185,MISS,,14433
9089,0.619910,MISS,,14654
9090,0.908615,HIT,true,17147
9091,0.933546,HIT,true,14794
9092,0.740260,MISS,,14859
9093,0.495830,MISS,,14327
9094,0.638498,MISS,,14727
9095,0.487825,MISS,,14555
9096,0.977520,HIT,true,15256
9097,0.549931,MISS,,14560
9098,0.604505,MISS,,14217
9099,0.655694,MISS,,17163
9100,0.774527,MISS,,16528
9101,0.852618,HIT,true,14834
9102,0.924330,HIT,true,15125
9103,0.484912,MISS,,14134
9104,0.332714,MISS,,15051
9105,0.870592,HIT,true,15149
9106,0.953601,HIT,true,15292
9107,0.563844,MISS,,14636
9108,0.378427,MISS,,19863
9109,0.988304,HIT,true,16022
9110,0.436550,MISS,,16249
9111,0.826475,MISS,,15678
9112,0.459559,MISS,,24936
9113,0.995628,HIT,true,14515
9114,0.899656,HIT,true,14521
9115,0.657254,MISS,,15937
9116,0.966400,HIT,true,16502
9117,0.799287,MISS,,14798
9118,0.956042,HIT,true,14676
9119,0.916115,HIT,true,14598
9120,0.520890,MISS,,14945
9121,0.621791,MISS,,15466
9122,0.927545,HIT,true,14491
9123,0.838727,MISS,,14543
9124,0.587749,MISS,,15651
9125,0.866402,HIT,true,15560
9126,0.625072,MISS,,15759
9127,0.856505,HIT,true,14909
9128,0.325728,MISS,,14929
9129,0.979590,HIT,true,15397
9130,0.824015,MISS,,13974
9131,0.956799,HIT,true,14526
9132,0.613267,MISS,,14816
9133,0.452758,MISS,,15408
9134,0.913436,HIT,true,15660
9135,0.888835,HIT,true,14963
9136,0.633982,MISS,,14797
9137,0.524048,MISS,,14450
9138,0.602686,MISS,,15662
9139,0.713103,MISS,,14411
9140,0.668137,MISS,,14610
9141,0.914110,HIT,true,14418
9142,0.737073,MISS,,15773
9143,0.367790,MISS,,16472
9144,0.678261,MISS,,15074
9145,0.936280,HIT,true,15103
9146,0.632571,MISS,,14768
9147,0.869652,HIT,true,16131
9148,0.562906,MISS,,15834
9149,0.962871,HIT,true,15057
9150,0.939311,HIT,true,14874
9151,0.488443,MISS,,15080
9152,0.479861,MISS,,15614
9153,0.626395,MISS,,15455
9154,0.972199,HIT,true,15332
9155,0.684366,MISS,,15126
9156,0.605177,MISS,,14358
9157,0.519702,MISS,,15343
9158,0.786696,MISS,,14418
9159,0.423239,MISS,,15881
9160,0.635533,MISS,,14983
9161,0.854458,HIT,true,16062
9162,0.727862,MISS,,15247
9163,0.719581,MISS,,17868
9164,0.684942,MISS,,24437
9165,0.666446,MISS,,25345
9166,0.895992,HIT,true,22602
9167,0.502474,MISS,,20849
9168,0.879990,HIT,false,20957
9169,0.836602,MISS,,15244
9170,0.950170,HIT,true,14789
9171,0.847923,MISS,,15344
9172,0.682989,MISS,,16797
9173,0.966347,HIT,true,15763
9174,0.733963,MISS,,17790
9175,0.411369,MISS,,16865
9176,0.865233,HIT,true,15353
9177,0.613552,MISS,,14797
9178,0.711582,MISS,,17365
9179,0.992861,HIT,true,14904
9180,0.971103,HIT,true,14899
9181,0.936886,HIT,true,14525
9182,0.974293,HIT,true,15810
9183,0.737183,MISS,,17806
9184,0.517725,MISS,,15947
9185,0.596343,MISS,,14944
9186,0.931864,HIT,true,17145
9187,0.927409,HIT,true,16598
9188,0.870493,HIT,true,16172
9189,0.761889,MISS,,15605
9190,0.743509,MISS,,15797
9191,0.583772,MISS,,16407
9192,0.653053,MISS,,15058
9193,0.909559,HIT,true,16744
9194,0.921510,HIT,true,15214
9195,0.538844,MISS,,14979
9196,0.875149,HIT,true,13900
9197,0.326213,MISS,,15427
9198,0.722342,MISS,,14911
9199,0.868841,HIT,true,16158
9200,0.782319,MISS,,17071
9201,0.634890,MISS,,15743
9202,0.884022,HIT,false,15632
9203,0.416325,MISS,,14234
9204,0.922294,HIT,true,16901
9205,0.734742,MISS,,15171
9206,0.837612,MISS,,14176
9207,0.615282,MISS,,14884
9208,0.596268,MISS,,16866
9209,0.866782,HIT,true,15975
9210,0.453748,MISS,,14384
9211,0.400129,MISS,,15310
9212,0.559751,MISS,,15230
9213,0.397822,MISS,,14787
9214,0.670520,MISS,,15240
9215,0.502596,MISS,,15749
9216,0.848656,MISS,,14054
9217,0.930080,HIT,true,16604
9218,0.656259,MISS,,15221
9219,0.830195,MISS,,15286
9220,0.893950,HIT,true,15702
9221,0.748291,MISS,,15133
9222,0.531187,MISS,,14319
9223,0.428306,MISS,,14997
9224,0.979692,HIT,true,14410
9225,0.817376,MISS,,16464
9226,0.440404,MISS,,15983
9227,0.635202,MISS,,17907
9228,0.830810,MISS,,18318
9229,0.632114,MISS,,16052
9230,0.539093,MISS,,16317
9231,0.520095,MISS,,13905
9232,0.476688,MISS,,15073
9233,0.542589,MISS,,15572
9234,0.829516,MISS,,16654
9235,0.574480,MISS,,15086
9236,0.604989,MISS,,14701
9237,0.703773,MISS,,15820
9238,0.508126,MISS,,15129
9239,0.983360,HIT,true,15237
9240,0.350464,MISS,,16469
9241,0.969464,HIT,true,15916
9242,0.943875,HIT,true,17056
9243,0.969505,HIT,true,16563
9244,0.788391,MISS,,15139
9245,0.893153,HIT,true,15113
9246,0.571773,MISS,,15704
9247,0.992119,HIT,true,16442
9248,0.618180,MISS,,16425
9249,0.719095,MISS,,14762
9250,0.955083,HIT,true,17855
9251,0.965008,HIT,true,16208
9252,0.926348,HIT,true,15546
9253,0.851107,HIT,true,14193
9254,0.697791,MISS,,15683
9255,0.956463,HIT,true,15422
9256,0.634893,MISS,,15662
9257,0.724196,MISS,,15156
9258,0.484915,MISS,,14379
9259,0.830790,MISS,,16853
9260,0.557348,MISS,,16240
9261,0.682893,MISS,,17617
9262,0.970029,HIT,true,16630
9263,0.591188,MISS,,15578
9264,0.533629,MISS,,15317
9265,0.947523,HIT,true,15675
9266,0.752894,MISS,,15380
9267,0.530155,MISS,,17177
9268,0.559657,MISS,,16356
9269,0.858659,HIT,true,16401
9270,0.952459,HIT,true,15926
9271,0.527244,MISS,,17795
9272,0.537564,MISS,,16402
9273,0.948356,HIT,true,15433
9274,0.733013,MISS,,14374
9275,0.958902,HIT,true,15146
9276,0.928426,HIT,true,16429
9277,0.929103,HIT,true,16233
9278,0.874555,HIT,true,14779
9279,0.931243,HIT,false,14867
9280,0.634231,MISS,,15431
9281,0.336546,MISS,,15160
9282,0.680564,MISS,,15540
9283,0.905233,HIT,true,15392
9284,0.933494,HIT,true,15756
9285,0.722547,MISS,,15062
9286,0.440112,MISS,,15519
9287,0.641550,MISS,,15409
9288,0.788594,MISS,,15861
9289,0.825460,MISS,,15572
9290,0.907688,HIT,true,16076
9291,0.805106,MISS,,15431
9292,0.878488,HIT,true,14850
9293,0.541752,MISS,,17095
9294,0.832967,MISS,,15048
9295,0.825139,MISS,,15345
9296,0.867725,HIT,false,15342
9297,0.954555,HIT,true,15159
9298,0.924743,HIT,true,15867
9299,0.976495,HIT,true,15018
9300,0.584621,MISS,,15068
9301,0.706430,MISS,,15451
9302,0.801261,MISS,,16339
9303,0.452227,MISS,,15263
9304,0.626293,MISS,,15702
9305,0.986084,HIT,true,15093
9306,0.845916,MISS,,15021
9307,0.473608,MISS,,17913
9308,0.909525,HIT,true,18424
9309,0.808958,MISS,,28117
9310,0.719132,MISS,,22111
9311,0.916319,HIT,true,15683
9312,0.876181,HIT,true,16090
9313,0.591155,MISS,,16053
9314,0.923443,HIT,true,15430
9315,0.906898,HIT,true,15998
9316,0.914366,HIT,true,15723
9317,0.994157,HIT,true,26157
9318,0.739906,MISS,,33700
9319,0.855453,HIT,true,35890
9320,0.698284,MISS,,28836
9321,0.873983,HIT,false,18482
9322,0.961239,HIT,true,18321
9323,0.984937,HIT,true,16936
9324,0.997358,HIT,true,17262
9325,0.651911,MISS,,19162
9326,0.815025,MISS,,17037
9327,0.533502,MISS,,15434
9328,0.534875,MISS,,15541
9329,0.940137,HIT,true,18108
9330,0.960830,HIT,true,15269
9331,0.972337,HIT,true,15430
9332,0.926554,HIT,true,15433
9333,0.965098,HIT,true,15194
9334,0.509232,MISS,,16049
9335,0.701029,MISS,,17354
9336,0.505112,MISS,,15451
9337,0.867143,HIT,true,15485
9338,0.945077,HIT,true,16865
9339,0.528752,MISS,,15748
9340,0.920887,HIT,true,15237
9341,0.552370,MISS,,15304
9342,0.820159,MISS,,14863
9343,0.953687,HIT,true,15317
9344,0.438541,MISS,,16242
9345,0.887506,HIT,true,15001
9346,0.917163,HIT,true,15755
9347,0.913008,HIT,true,16781
9348,0.965245,HIT,true,17525
9349,0.977726,HIT,true,18739
9350,0.995542,HIT,true,15989
9351,0.982969,HIT,true,15530
9352,0.957350,HIT,true,15606
9353,0.476453,MISS,,15781
9354,0.482038,MISS,,17960
9355,0.878459,HIT,true,16530
9356,0.823599,MISS,,16129
9357,0.698635,MISS,,14990
9358,0.896232,HIT,true,15023
9359,0.576347,MISS,,15849
9360,0.732766,MISS,,15313
9361,0.876591,HIT,true,15458
9362,0.769608,MISS,,15399
9363,0.577131,MISS,,17012
9364,0.736623,MISS,,14968
9365,0.933781,HIT,true,15638
9366,0.918980,HIT,true,15595
9367,0.977140,HIT,true,14974
9368,0.882958,HIT,false,14911
9369,0.596049,MISS,,28480
9370,0.790544,MISS,,15429
9371,0.988158,HIT,true,17124
9372,0.896223,HIT,true,15116
9373,0.472655,MISS,,15002
9374,0.869426,HIT,true,15255
9375,0.950131,HIT,true,16751
9376,0.752855,MISS,,15880
9377,0.802827,MISS,,15117
9378,0.669519,MISS,,15054
9379,0.844904,MISS,,16844
9380,0.980967,HIT,true,15665
9381,0.570170,MISS,,15132
9382,0.578604,MISS,,15179
9383,0.388193,MISS,,15110
9384,0.953361,HIT,true,15393
9385,0.847068,MISS,,15716
9386,0.964181,HIT,true,15559
9387,0.936315,HIT,true,17733
9388,0.998269,HIT,true,18326
9389,0.549415,MISS,,17009
9390,0.553413,MISS,,15997
9391,0.934158,HIT,true,15869
9392,0.850876,HIT,true,15685
9393,0.966468,HIT,true,15180
9394,0.588180,MISS,,15094
9395,0.662598,MISS,,16523
9396,0.895644,HIT,true,16672
9397,0.823503,MISS,,15734
9398,0.534883,MISS,,15568
9399,0.630101,MISS,,19141
9400,0.963066,HIT,true,18693
9401,0.610513,MISS,,18007
9402,0.932003,HIT,true,15778
9403,0.963294,HIT,true,16021
9404,0.929351,HIT,true,20396
9405,0.973811,HIT,true,16287
9406,0.657261,MISS,,17319
9407,0.690715,MISS,,16194
9408,0.751639,MISS,,15629
9409,0.381316,MISS,,18804
9410,0.790061,MISS,,18902
9411,0.423694,MISS,,18718
9412,0.816233,MISS,,19562
9413,0.711077,MISS,,16762
9414,0.846295,MISS,,18097
9415,0.514847,MISS,,16933
9416,0.892268,HIT,true,15805
9417,0.912819,HIT,true,21809
9418,0.911148,HIT,true,29651
9419,0.811339,MISS,,24500
9420,0.527109,MISS,,18134
9421,0.588741,MISS,,18045
9422,0.781206,MISS,,18914
9423,0.921322,HIT,true,18122
9424,0.695845,MISS,,20130
9425,0.447044,MISS,,19463
9426,0.594939,MISS,,17359
9427,0.663374,MISS,,21016
9428,0.932809,HIT,true,17855
9429,0.577847,MISS,,16363
9430,0.474158,MISS,,17382
9431,0.954463,HIT,true,17118
9432,0.925909,HIT,true,18192
9433,0.730914,MISS,,18907
9434,0.811225,MISS,,18391
9435,0.664397,MISS,,16071
9436,0.686846,MISS,,17996
9437,0.737887,MISS,,19306
9438,0.832598,MISS,,18647
9439,0.533171,MISS,,16384
9440,0.961556,HIT,true,24631
9441,0.816133,MISS,,21541
9442,0.836529,MISS,,24651
9443,0.850083,HIT,true,17976
9444,0.696938,MISS,,23614
9445,0.931521,HIT,true,21741
9446,0.948820,HIT,true,18708
9447,0.960535,HIT,false,16525
9448,0.907004,HIT,true,18636
9449,0.915723,HIT,true,19919
9450,0.860998,HIT,true,18463
9451,0.921706,HIT,true,15807
9452,0.566966,MISS,,16108
9453,0.686866,MISS,,16464
9454,0.899359,HIT,true,17731
9455,0.747990,MISS,,16384
9456,0.866204,HIT,true,15482
9457,0.663207,MISS,,16780
9458,0.966690,HIT,true,17236
9459,0.991690,HIT,true,15463
9460,0.707508,MISS,,15333
9461,0.919623,HIT,true,18172
9462,0.828848,MISS,,16544
9463,0.909414,HIT,true,16842
9464,0.670687,MISS,,15762
9465,0.729816,MISS,,16434
9466,0.944681,HIT,true,14912
9467,0.574986,MISS,,16337
9468,0.932399,HIT,true,16223
9469,0.903941,HIT,true,15595
9470,0.788732,MISS,,17014
9471,0.814099,MISS,,15625
9472,0.757103,MISS,,14874
9473,0.737511,MISS,,17362
9474,0.636746,MISS,,15786
9475,0.721645,MISS,,14986
9476,0.979937,HIT,true,14982
9477,0.518528,MISS,,16488
9478,0.845015,MISS,,17645
9479,0.461650,MISS,,16216
9480,0.765969,MISS,,15133
9481,0.554751,MISS,,17499
9482,0.835652,MISS,,18032
9483,0.959133,HIT,true,16928
9484,0.586337,MISS,,17356
9485,0.563860,MISS,,16463
9486,0.982189,HIT,true,17562
9487,0.603029,MISS,,15121
9488,0.993916,HIT,true,17381
9489,0.898095,HIT,true,14980
9490,0.746612,MISS,,14993
9491,0.752473,MISS,,15542
9492,0.737864,MISS,,16295
9493,0.549982,MISS,,16069
9494,0.796583,MISS,,17967
9495,0.584893,MISS,,16792
9496,0.915452,HIT,true,14991
9497,0.751649,MISS,,16565
9498,0.933337,HIT,true,17257
9499,0.753190,MISS,,15008
9500,0.523465,MISS,,15778
9501,0.960073,HIT,true,15649
9502,0.914881,HIT,true,16611
9503,0.991264,HIT,true,17364
9504,0.493964,MISS,,15023
9505,0.566441,MISS,,15216
9506,0.955256,HIT,true,16377
9507,0.751632,MISS,,14938
9508,0.928617,HIT,true,16023
9509,0.558948,MISS,,16549
9510,0.913069,HIT,true,15821
9511,0.968892,HIT,true,16743
9512,0.832977,MISS,,15466
9513,0.703781,MISS,,15439
9514,0.982638,HIT,true,16535
9515,0.989587,HIT,true,16794
9516,0.411935,MISS,,15608
9517,0.907474,HIT,true,15076
9518,0.570233,MISS,,15548
9519,0.964151,HIT,true,19598
9520,0.585875,MISS,,18363
9521,0.550914,MISS,,18929
9522,0.683690,MISS,,19944
9523,0.923350,HIT,true,17832
9524,0.837270,MISS,,16133
9525,0.556048,MISS,,14965
9526,0.928770,HIT,true,18315
9527,0.828230,MISS,,16401
9528,0.681028,MISS,,19043
9529,0.952812,HIT,true,17891
9530,0.949410,HIT,true,15909
9531,0.518673,MISS,,16317
9532,0.789273,MISS,,15112
9533,0.967031,HIT,true,17294
9534,0.482135,MISS,,16238
9535,0.718808,MISS,,16104
9536,0.983272,HIT,true,17408
9537,0.741234,MISS,,15841
9538,0.988450,HIT,true,16759
9539,0.899779,HIT,true,17264
9540,0.386984,MISS,,16444
9541,0.974528,HIT,true,17825
9542,0.824161,MISS,,17412
9543,0.484381,MISS,,17455
9544,0.831183,MISS,,16832
9545,0.932750,HIT,true,21967
9546,0.910048,HIT,true,19671
9547,0.882354,HIT,false,17367
9548,0.827800,MISS,,15728
9549,0.732445,MISS,,18878
9550,0.934168,HIT,true,16856
9551,0.946981,HIT,true,15715
9552,0.998644,HIT,true,18229
9553,0.607657,MISS,,16226
9554,0.532146,MISS,,17714
9555,0.664760,MISS,,17101
9556,0.485110,MISS,,16256
9557,0.521996,MISS,,20558
9558,0.682992,MISS,,16784
9559,0.703113,MISS,,16198
9560,0.649921,MISS,,15366
9561,0.666386,MISS,,17791
9562,0.877876,HIT,true,16101
9563,0.720153,MISS,,16503
9564,0.979661,HIT,true,15538
9565,0.736395,MISS,,16546
9566,0.492872,MISS,,16998
9567,0.407867,MISS,,16435
9568,0.741558,MISS,,15829
9569,0.798583,MISS,,16055
9570,0.868937,HIT,true,15048
9571,0.394977,MISS,,16960
9572,0.840245,MISS,,15453
9573,0.906990,HIT,true,17701
9574,0.743236,MISS,,15387
9575,0.989818,HIT,true,16494
9576,0.951049,HIT,true,15216
9577,0.852860,HIT,true,16506
9578,0.823083,MISS,,14946
9579,0.976727,HIT,true,15467
9580,0.955904,HIT,true,16083
9581,0.682844,MISS,,17278
9582,0.916631,HIT,true,16969
9583,0.885421,HIT,true,14967
9584,0.565430,MISS,,16197
9585,0.715227,MISS,,16555
9586,0.518893,MISS,,15691
9587,0.613689,MISS,,15757
9588,0.679857,MISS,,16609
9589,0.835714,MISS,,16354
9590,0.877246,HIT,true,16604
9591,0.839560,MISS,,15911
9592,0.840724,MISS,,16410
9593,0.935680,HIT,true,16242
9594,0.961767,HIT,true,15999
9595,0.999419,HIT,true,17706
9596,0.695555,MISS,,16171
9597,0.602407,MISS,,20737
9598,0.986635,HIT,true,16634
9599,0.973839,HIT,true,15290
9600,0.751177,MISS,,16257
9601,0.971542,HIT,true,15884
9602,0.909488,HIT,true,15717
9603,0.998300,HIT,true,15853
9604,0.705332,MISS,,15035
9605,0.856990,HIT,true,18320
9606,0.546933,MISS,,16046
9607,0.620289,MISS,,17168
9608,0.910560,HIT,true,15622
9609,0.767602,MISS,,15865
9610,0.522536,MISS,,15070
9611,0.732723,MISS,,16565
9612,0.766607,MISS,,16297
9613,0.959527,HIT,true,16039
9614,0.851577,HIT,true,28721
9615,0.677118,MISS,,17104
9616,0.929087,HIT,true,17150
9617,0.414548,MISS,,15122
9618,0.998883,HIT,true,16227
9619,0.605329,MISS,,15340
9620,0.912045,HIT,true,16203
9621,0.681160,MISS,,17833
9622,0.936972,HIT,true,16596
9623,0.715064,MISS,,16253
9624,0.859197,HIT,false,15453
9625,0.944946,HIT,true,17129
9626,0.970020,HIT,true,17374
9627,0.623335,MISS,,16772
9628,0.924123,HIT,true,16169
9629,0.592872,MISS,,19154
9630,0.849200,MISS,,16641
9631,0.985506,HIT,true,16793
9632,0.989070,HIT,true,17599
9633,0.929122,HIT,true,15918
9634,0.488340,MISS,,15165
9635,0.448064,MISS,,15648
9636,0.639815,MISS,,16614
9637,0.509236,MISS,,17054
9638,0.463546,MISS,,17073
9639,0.811280,MISS,,15805
9640,0.945126,HIT,true,16417
9641,0.505251,MISS,,16400
9642,0.823783,MISS,,15636
9643,0.947744,HIT,true,15596
9644,0.406417,MISS,,15504
9645,0.973830,HIT,true,16169
9646,0.600984,MISS,,19088
9647,0.972841,HIT,true,16704
9648,0.649750,MISS,,16053
9649,0.849659,MISS,,18596
9650,0.531183,MISS,,17133
9651,0.470014,MISS,,18381
9652,0.683049,MISS,,15700
9653,0.963529,HIT,true,16346
9654,0.790820,MISS,,18252
9655,0.911410,HIT,true,15788
9656,0.568851,MISS,,17593
9657,0.914856,HIT,true,15581
9658,0.994922,HIT,true,16122
9659,0.842303,MISS,,16306
9660,0.543352,MISS,,17730
9661,0.789877,MISS,,15691
9662,0.849741,MISS,,17332
9663,0.984625,HIT,true,16923
9664,0.964391,HIT,true,16270
9665,0.588544,MISS,,16900
9666,0.772041,MISS,,17142
9667,0.666628,MISS,,15757
9668,0.970930,HIT,true,14918
9669,0.955737,HIT,true,17510
9670,0.905265,HIT,true,17660
9671,0.879104,HIT,true,16307
9672,0.896985,HIT,true,15780
9673,0.860474,HIT,true,16075
9674,0.705114,MISS,,15902
9675,0.925868,HIT,true,15997
9676,0.707949,MISS,,16210
9677,0.961352,HIT,true,17137
9678,0.971154,HIT,true,16928
9679,0.681874,MISS,,18163
9680,0.817374,MISS,,20897
9681,0.770913,MISS,,21893
9682,0.929155,HIT,true,19632
9683,0.930433,HIT,true,18250
9684,0.583976,MISS,,18613
9685,0.476319,MISS,,18043
9686,0.879318,HIT,true,15999
9687,0.785000,MISS,,16062
9688,0.653610,MISS,,15279
9689,0.942608,HIT,true,18788
9690,0.867481,HIT,true,16827
9691,0.809449,MISS,,15159
9692,0.515626,MISS,,18661
9693,0.564851,MISS,,17228
9694,0.841591,MISS,,16840
9695,0.870694,HIT,true,16086
9696,0.442991,MISS,,16208
9697,0.523368,MISS,,14923
9698,0.862932,HIT,true,16613
9699,0.790575,MISS,,16764
9700,0.689110,MISS,,17550
9701,0.529188,MISS,,17405
9702,0.643264,MISS,,16899
9703,0.841756,MISS,,15535
9704,0.949708,HIT,true,16741
9705,0.770743,MISS,,16323
9706,0.470827,MISS,,15755
9707,0.437573,MISS,,16132
9708,0.946196,HIT,true,17882
9709,0.966822,HIT,true,17578
9710,0.828614,MISS,,15604
9711,0.881980,HIT,true,16611
9712,0.593216,MISS,,16117
9713,0.751780,MISS,,15685
9714,0.857501,HIT,true,17058
9715,0.446483,MISS,,15643
9716,0.839378,MISS,,17890
9717,0.878352,HIT,true,17151
9718,0.939529,HIT,true,16521
9719,0.775551,MISS,,20731
9720,0.892844,HIT,true,16847
9721,0.571139,MISS,,16998
9722,0.932838,HIT,true,15483
9723,0.925164,HIT,false,18353
9724,0.962651,HIT,true,19007
9725,0.399322,MISS,,16137
9726,0.648062,MISS,,17185
9727,0.444758,MISS,,16715
9728,0.897763,HIT,true,16766
9729,0.822115,MISS,,15877
9730,0.836093,MISS,,16367
9731,0.793270,MISS,,16062
9732,0.887885,HIT,true,17225
9733,0.914636,HIT,true,18021
9734,0.939857,HIT,true,15907
9735,0.839989,MISS,,17412
9736,0.487571,MISS,,15988
9737,0.684515,MISS,,15965
9738,0.618529,MISS,,17415
9739,0.649619,MISS,,19243
9740,0.952002,HIT,true,19391
9741,0.857802,HIT,true,17852
9742,0.837957,MISS,,15524
9743,0.385880,MISS,,17503
9744,0.553185,MISS,,16169
9745,0.554562,MISS,,16213
9746,0.843162,MISS,,15359
9747,0.970449,HIT,true,16595
9748,0.996200,HIT,true,20554
9749,0.947988,HIT,true,18487
9750,0.935099,HIT,true,15639
9751,0.993567,HIT,true,16587
9752,0.544213,MISS,,17760
9753,0.548680,MISS,,15412
9754,0.996586,HIT,true,16051
9755,0.456965,MISS,,17532
9756,0.545499,MISS,,17074
9757,0.930453,HIT,true,18168
9758,0.885660,HIT,true,21722
9759,0.739021,MISS,,23191
9760,0.628585,MISS,,21592
9761,0.631302,MISS,,27716
9762,0.934507,HIT,true,25223
9763,0.459802,MISS,,20331
9764,0.878041,HIT,true,21783
9765,0.762936,MISS,,20800
9766,0.980568,HIT,true,16255
9767,0.550107,MISS,,18123
9768,0.791522,MISS,,26958
9769,0.532146,MISS,,30429
9770,0.971214,HIT,true,20695
9771,0.638638,MISS,,18267
9772,0.404193,MISS,,17400
9773,0.891232,HIT,false,16745
9774,0.924038,HIT,true,18183
9775,0.557110,MISS,,18385
9776,0.939923,HIT,false,17840
9777,0.871035,HIT,true,16929
9778,0.986109,HIT,true,16623
9779,0.893372,HIT,true,16756
9780,0.756754,MISS,,16290
9781,0.842708,MISS,,17222
9782,0.892989,HIT,true,16959
9783,0.659658,MISS,,18940
9784,0.865985,HIT,true,16631
9785,0.394958,MISS,,17378
9786,0.626328,MISS,,16690
9787,0.733032,MISS,,16522
9788,0.743953,MISS,,16694
9789,0.874689,HIT,true,16456
9790,0.701345,MISS,,17387
9791,0.495812,MISS,,18792
9792,0.604992,MISS,,17787
9793,0.900753,HIT,true,16984
9794,0.932505,HIT,true,14953
9795,0.809141,MISS,,16143
9796,0.828360,MISS,,17214
9797,0.862996,HIT,true,16388
9798,0.571556,MISS,,17631
9799,0.743163,MISS,,17197
9800,0.874195,HIT,true,15313
9801,0.519239,MISS,,17383
9802,0.486879,MISS,,15786
9803,0.483062,MISS,,16929
9804,0.828417,MISS,,15993
9805,0.895742,HIT,true,17106
9806,0.879408,HIT,true,17593
9807,0.579660,MISS,,17306
9808,0.985907,HIT,true,18525
9809,0.656543,MISS,,17387
9810,0.889828,HIT,true,15661
9811,0.869992,HIT,true,17694
9812,0.844185,MISS,,15839
9813,0.945164,HIT,true,16408
9814,0.506131,MISS,,17771
9815,0.954342,HIT,true,17552
9816,0.883711,HIT,false,16577
9817,0.392735,MISS,,15820
9818,0.784749,MISS,,16878
9819,0.852065,HIT,true,15340
9820,0.666525,MISS,,16520
9821,0.975134,HIT,true,16712
9822,0.851100,HIT,true,17202
9823,0.655824,MISS,,16865
9824,0.968667,HIT,true,17192
9825,0.557737,MISS,,20596
9826,0.997705,HIT,true,17196
9827,0.848956,MISS,,20752
9828,0.964078,HIT,true,18835
9829,0.662661,MISS,,18740
9830,0.888203,HIT,true,17578
9831,0.953868,HIT,true,16283
9832,0.596463,MISS,,17062
9833,0.964323,HIT,true,17347
9834,0.703789,MISS,,17208
9835,0.915438,HIT,true,17914
9836,0.816199,MISS,,17612
9837,0.977188,HIT,true,18573
9838,0.520909,MISS,,17055
9839,0.470356,MISS,,18399
9840,0.954557,HIT,true,17018
9841,0.511689,MISS,,17007
9842,0.853641,HIT,true,15763
9843,0.824405,MISS,,19413
9844,0.437752,MISS,,20872
9845,0.648118,MISS,,16715
9846,0.907080,HIT,true,16843
9847,0.885722,HIT,true,17778
9848,0.903012,HIT,true,19862
9849,0.571248,MISS,,30544
9850,0.782003,MISS,,18148
9851,0.948955,HIT,true,20655
9852,0.487751,MISS,,19194
9853,0.419513,MISS,,17405
9854,0.935083,HIT,true,18946
9855,0.885509,HIT,true,18131
9856,0.324106,MISS,,17965
9857,0.507139,MISS,,17357
9858,0.888637,HIT,true,19554
9859,0.971616,HIT,true,18220
9860,0.949976,HIT,true,17828
9861,0.551779,MISS,,18448
9862,0.858300,HIT,true,16577
9863,0.934223,HIT,true,17037
9864,0.865338,HIT,true,17385
9865,0.872280,HIT,true,18734
9866,0.929642,HIT,true,18421
9867,0.466068,MISS,,17873
9868,0.592317,MISS,,17414
9869,0.788399,MISS,,17841
9870,0.964052,HIT,true,18633
9871,0.471380,MISS,,18262
9872,0.704232,MISS,,19013
9873,0.518938,MISS,,20328
9874,0.929223,HIT,true,19158
9875,0.651221,MISS,,17145
9876,0.513274,MISS,,17078
9877,0.894513,HIT,true,17767
9878,0.965593,HIT,true,17208
9879,0.927535,HIT,true,18106
9880,0.928310,HIT,true,19161
9881,0.539227,MISS,,17654
9882,0.933410,HIT,true,17219
9883,0.992926,HIT,true,17612
9884,0.881613,HIT,true,19095
9885,0.852875,HIT,true,16940
9886,0.588120,MISS,,17246
9887,0.970106,HIT,true,16947
9888,0.525396,MISS,,19299
9889,0.994031,HIT,true,17927
9890,0.953611,HIT,true,21144
9891,0.990792,HIT,true,33033
9892,0.946049,HIT,true,32147
9893,0.547462,MISS,,20176
9894,0.908583,HIT,true,19993
9895,0.933473,HIT,true,17999
9896,0.960119,HIT,true,18952
9897,0.947148,HIT,true,25641
9898,0.876184,HIT,true,22342
9899,0.905386,HIT,true,27329
9900,0.531203,MISS,,29789
9901,0.873213,HIT,true,26831
9902,0.786615,MISS,,28057
9903,0.962127,HIT,true,22879
9904,0.963715,HIT,true,25441
9905,0.939453,HIT,true,26348
9906,0.926352,HIT,false,26750
9907,0.625142,MISS,,19398
9908,0.379790,MISS,,17494
9909,0.645051,MISS,,18104
9910,0.863277,HIT,true,18644
9911,0.516929,MISS,,19917
9912,0.962154,HIT,true,22811
9913,0.852762,HIT,true,21549
9914,0.539221,MISS,,23021
9915,0.890857,HIT,true,24056
9916,0.822541,MISS,,24801
9917,0.561916,MISS,,26078
9918,0.912850,HIT,true,20577
9919,0.851208,HIT,true,21089
9920,0.699692,MISS,,21492
9921,0.942440,HIT,true,21872
9922,0.893955,HIT,true,20679
9923,0.963136,HIT,true,21460
9924,0.427201,MISS,,22311
9925,0.854948,HIT,true,21126
9926,0.817678,MISS,,20911
9927,0.983201,HIT,true,20047
9928,0.802963,MISS,,21837
9929,0.866141,HIT,true,23119
9930,0.980190,HIT,true,21386
9931,0.879375,HIT,true,22249
9932,0.810459,MISS,,20417
9933,0.988685,HIT,true,20564
9934,0.990551,HIT,true,19876
9935,0.597075,MISS,,21905
9936,0.659377,MISS,,21865
9937,0.833966,MISS,,20912
9938,0.829412,MISS,,19280
9939,0.916740,HIT,true,19261
9940,0.861760,HIT,true,17846
9941,0.916695,HIT,true,17454
9942,0.687033,MISS,,21253
9943,0.692681,MISS,,20565
9944,0.533430,MISS,,21387
9945,0.856479,HIT,true,23045
9946,0.998823,HIT,true,25861
9947,0.930677,HIT,true,27943
9948,0.890723,HIT,true,28534
9949,0.853730,HIT,false,29616
9950,0.997583,HIT,true,29764
9951,0.777878,MISS,,23557
9952,0.988281,HIT,true,26182
9953,0.632043,MISS,,25445
9954,0.879137,HIT,true,23328
9955,0.686717,MISS,,23429
9956,0.590712,MISS,,27740
9957,0.976123,HIT,true,28137
9958,0.493063,MISS,,22402
9959,0.966335,HIT,true,23934
9960,0.526782,MISS,,25682
9961,0.944862,HIT,true,29392
9962,0.570299,MISS,,26812
9963,0.920902,HIT,true,24637
9964,0.977193,HIT,true,21317
9965,0.991706,HIT,true,23354
9966,0.919057,HIT,true,23096
9967,0.918543,HIT,true,27109
9968,0.826280,MISS,,25115
9969,0.908677,HIT,true,35358
9970,0.757440,MISS,,32442
9971,0.997371,HIT,true,20929
9972,0.939087,HIT,true,22399
9973,0.981343,HIT,true,33543
9974,0.896579,HIT,true,44586
9975,0.528691,MISS,,34564
9976,0.338125,MISS,,27091
9977,0.981539,HIT,true,32783
9978,0.659352,MISS,,23374
9979,0.902453,HIT,true,20744
9980,0.752230,MISS,,18470
9981,0.660073,MISS,,28583
9982,0.911843,HIT,true,37662
9983,0.872617,HIT,true,32034
9984,0.483891,MISS,,27772
9985,0.655250,MISS,,25110
9986,0.818034,MISS,,25602
9987,0.744876,MISS,,28043
9988,0.947279,HIT,true,26479
9989,0.416755,MISS,,25992
9990,0.749308,MISS,,23280
9991,0.534302,MISS,,30294
9992,0.979262,HIT,true,24119
9993,0.529699,MISS,,26014
9994,0.818691,MISS,,23011
9995,0.600564,MISS,,23132
9996,0.434310,MISS,,24332
9997,0.863214,HIT,true,25715
9998,0.781820,MISS,,23765
9999,0.795038,MISS,,24558
10000,0.534184,MISS,,23250
10001,0.842360,MISS,,23082
10002,0.950261,HIT,true,25207
10003,0.988391,HIT,true,24472
10004,0.909254,HIT,true,23017
10005,0.914590,HIT,true,23281
10006,0.477466,MISS,,23548
10007,0.644774,MISS,,24423
10008,0.601418,MISS,,24873
10009,0.743910,MISS,,23534
10010,0.803470,MISS,,24297
10011,0.450490,MISS,,22703
10012,0.769072,MISS,,24119
10013,1.000000,HIT,true,23954
10014,0.665958,MISS,,25195
10015,0.776206,MISS,,23074
10016,0.506389,MISS,,23631
10017,0.491013,MISS,,25885
10018,0.893475,HIT,true,22763
10019,0.781439,MISS,,27501
10020,0.719701,MISS,,24870
10021,0.932297,HIT,true,25567
10022,0.875468,HIT,true,22429
10023,0.850148,HIT,true,29298
10024,0.717232,MISS,,31184
10025,0.912788,HIT,false,25405
10026,0.517438,MISS,,23965
10027,0.870103,HIT,true,21970
10028,0.889644,HIT,true,20791
10029,0.742116,MISS,,45125
10030,0.893390,HIT,false,23641
10031,0.868852,HIT,false,27979
10032,0.757801,MISS,,23101
10033,0.910420,HIT,true,17777
10034,0.784022,MISS,,17964
10035,0.936379,HIT,true,21993
10036,0.894680,HIT,true,19611
10037,0.822311,MISS,,18554
10038,0.583866,MISS,,18416
10039,0.499842,MISS,,21885
10040,0.873401,HIT,true,26862
10041,0.955340,HIT,true,24456
10042,0.975662,HIT,true,27398
10043,0.801392,MISS,,22863
10044,0.912538,HIT,true,24071
10045,0.477466,MISS,,20965
10046,0.908852,HIT,true,21753
10047,0.875653,HIT,true,28109
10048,0.644347,MISS,,23184
10049,0.873814,HIT,true,24662
10050,0.889524,HIT,true,24004
10051,0.832087,MISS,,22616
10052,0.688058,MISS,,24538
10053,0.929749,HIT,true,25072
10054,0.975280,HIT,true,22099
10055,0.615542,MISS,,30792
10056,0.881092,HIT,true,26478
10057,0.965984,HIT,false,27914
10058,0.501440,MISS,,22461
10059,0.934047,HIT,true,24814
10060,0.846142,MISS,,27432
10061,0.430272,MISS,,30864
10062,0.854907,HIT,true,32173
10063,0.838284,MISS,,32202
10064,0.702647,MISS,,28936
10065,0.890304,HIT,true,24843
10066,0.910856,HIT,true,28582
10067,0.937657,HIT,true,34992
10068,0.675036,MISS,,31108
10069,0.432350,MISS,,27169
10070,0.956290,HIT,true,28762
10071,0.917337,HIT,true,30844
10072,0.407202,MISS,,27960
10073,0.813856,MISS,,23541
10074,0.872248,HIT,true,28674
10075,0.961874,HIT,true,24662
10076,0.687717,MISS,,29498
10077,0.882739,HIT,true,30876
10078,0.611965,MISS,,24098
10079,0.464673,MISS,,24025
10080,0.994873,HIT,true,24679
10081,0.583830,MISS,,25409
10082,0.962841,HIT,true,26074
10083,0.835797,MISS,,26405
10084,0.614233,MISS,,23900
10085,0.748479,MISS,,22739
10086,0.455096,MISS,,28707
10087,0.976317,HIT,true,28676
10088,0.694703,MISS,,25426
10089,0.574215,MISS,,24645
10090,0.874088,HIT,true,23060
10091,0.552385,MISS,,22247
10092,0.912195,HIT,true,24045
10093,0.992593,HIT,true,23907
10094,0.619254,MISS,,22532
10095,0.555933,MISS,,27341
10096,0.518857,MISS,,24833
10097,0.723607,MISS,,24670
10098,0.508226,MISS,,24310
10099,0.700268,MISS,,21043
10100,0.537754,MISS,,19859
10101,0.533476,MISS,,18063
10102,0.815957,MISS,,18102
10103,0.438911,MISS,,19924
10104,0.742681,MISS,,22287
10105,0.366671,MISS,,21073
10106,0.928530,HIT,true,26150
10107,0.557283,MISS,,19411
10108,0.872514,HIT,true,21219
10109,0.560994,MISS,,21355
10110,0.410775,MISS,,20948
10111,0.479883,MISS,,19862
10112,0.545981,MISS,,19349
10113,0.969042,HIT,true,17806
10114,0.971537,HIT,true,19461
10115,0.510404,MISS,,19023
10116,0.823337,MISS,,19725
10117,0.926502,HIT,true,22520
10118,0.754030,MISS,,17458
10119,0.799341,MISS,,19430
10120,0.710096,MISS,,21011
10121,0.767362,MISS,,18273
10122,0.790055,MISS,,17213
10123,0.858851,HIT,true,25518
10124,0.718859,MISS,,23545
10125,0.943784,HIT,true,19835
10126,0.600658,MISS,,18466
10127,0.845664,MISS,,19198
10128,0.758197,MISS,,20439
10129,0.667232,MISS,,20053
10130,0.624878,MISS,,19832
10131,0.868163,HIT,true,20081
10132,0.535638,MISS,,19107
10133,0.993227,HIT,true,20077
10134,0.903750,HIT,true,17106
10135,0.510173,MISS,,19506
10136,0.982332,HIT,true,19998
10137,0.882282,HIT,true,20447
10138,0.826659,MISS,,17948
10139,0.959693,HIT,true,19772
10140,0.710762,MISS,,20000
10141,0.574268,MISS,,19784
10142,0.889147,HIT,true,18952
10143,0.659028,MISS,,19584
10144,0.706694,MISS,,19488
10145,0.612764,MISS,,18638
10146,0.955875,HIT,true,19108
10147,0.739425,MISS,,18453
10148,0.968087,HIT,true,19435
10149,0.909393,HIT,true,20294
10150,0.853984,HIT,true,21030
10151,0.437925,MISS,,19946
10152,0.868467,HIT,true,17609
10153,0.769721,MISS,,20458
10154,0.724615,MISS,,19395
10155,0.991196,HIT,true,16783
10156,0.994376,HIT,true,18904
10157,0.919232,HIT,true,20901
10158,0.794020,MISS,,19899
10159,0.920128,HIT,true,19611
10160,0.779231,MISS,,17576
10161,0.919615,HIT,true,18349
10162,0.741661,MISS,,20175
10163,0.896267,HIT,true,17406
10164,0.759794,MISS,,19694
10165,0.642335,MISS,,19694
10166,0.663746,MISS,,20023
10167,0.940124,HIT,true,18080
10168,0.484114,MISS,,20243
10169,0.585255,MISS,,20051
10170,0.650929,MISS,,19002
10171,0.841211,MISS,,19405
10172,0.435601,MISS,,19893
10173,0.838717,MISS,,17867
10174,0.557530,MISS,,19666
10175,0.920019,HIT,true,17866
10176,0.951915,HIT,true,16819
10177,0.878370,HIT,true,18483
10178,0.890539,HIT,true,19986
10179,0.992220,HIT,true,19337
10180,0.817193,MISS,,23535
10181,0.586119,MISS,,20687
10182,0.864867,HIT,true,21908
10183,0.871445,HIT,true,20040
10184,0.549763,MISS,,18063
10185,0.914284,HIT,true,20802
10186,0.893528,HIT,true,18132
10187,0.864611,HIT,true,19792
10188,0.776533,MISS,,18345
10189,0.956129,HIT,true,16739
10190,0.466717,MISS,,19929
10191,0.506025,MISS,,18941
10192,0.593529,MISS,,19511
10193,0.855935,HIT,true,19796
10194,0.945159,HIT,true,19441
10195,0.950769,HIT,true,17634
10196,0.856173,HIT,true,19674
10197,0.924956,HIT,true,17496
10198,0.873919,HIT,true,18557
10199,0.600462,MISS,,20524
10200,0.565748,MISS,,20309
10201,0.854032,HIT,true,19941
10202,0.542830,MISS,,17524
10203,0.889179,HIT,true,18639
10204,0.539332,MISS,,20218
10205,0.782327,MISS,,18801
10206,0.853281,HIT,true,21771
10207,0.604104,MISS,,17808
10208,0.501772,MISS,,19036
10209,0.911873,HIT,true,21417
10210,0.943334,HIT,true,17801
10211,0.748676,MISS,,18467
10212,0.877844,HIT,true,19376
10213,0.898879,HIT,false,20962
10214,0.934173,HIT,true,20579
10215,0.801205,MISS,,20947
10216,0.847342,MISS,,23626
10217,0.872794,HIT,true,19197
10218,0.915207,HIT,true,19070
10219,0.990170,HIT,true,40027
10220,0.889880,HIT,true,22250
10221,0.650527,MISS,,19334
10222,0.752941,MISS,,19561
10223,0.969186,HIT,true,21168
10224,0.928199,HIT,true,18693
10225,0.859214,HIT,true,23543
10226,0.833155,MISS,,20067
10227,0.904933,HIT,true,18218
10228,0.684476,MISS,,20127
10229,0.798225,MISS,,18070
10230,0.917601,HIT,true,18241
10231,0.801440,MISS,,17994
10232,0.679287,MISS,,21997
10233,0.947593,HIT,false,17819
10234,0.807325,MISS,,18437
10235,0.554301,MISS,,18135
10236,0.917018,HIT,true,18130
10237,0.791108,MISS,,19202
10238,0.740117,MISS,,17944
10239,0.941170,HIT,true,21831
10240,0.814600,MISS,,21310
10241,0.936821,HIT,true,19751
10242,0.985758,HIT,true,18122
10243,0.956924,HIT,true,19457
10244,0.876075,HIT,true,18598
10245,0.979062,HIT,true,19611
10246,0.950105,HIT,true,20284
10247,0.901278,HIT,true,19736
10248,0.695452,MISS,,18156
10249,0.592004,MISS,,19970
10250,0.792272,MISS,,18469
10251,0.935573,HIT,true,26681
10252,0.479525,MISS,,25658
10253,0.615931,MISS,,23096
10254,0.336775,MISS,,19944
10255,0.936774,HIT,true,23256
10256,0.804028,MISS,,22584
10257,0.912491,HIT,true,20808
10258,0.914457,HIT,true,21394
10259,0.628845,MISS,,21437
10260,0.817944,MISS,,20912
10261,0.802193,MISS,,19003
10262,0.860075,HIT,true,17506
10263,0.741600,MISS,,18487
10264,0.977597,HIT,true,20132
10265,0.888851,HIT,true,19106
10266,0.475270,MISS,,19774
10267,0.964679,HIT,true,17559
10268,0.890338,HIT,false,19271
10269,0.467907,MISS,,19688
10270,0.613060,MISS,,18553
10271,0.782631,MISS,,21276
10272,0.595450,MISS,,19815
10273,0.637401,MISS,,18289
10274,0.523465,MISS,,19611
10275,0.915409,HIT,true,18625
10276,0.871873,HIT,true,18452
10277,0.826240,MISS,,18150
10278,0.966476,HIT,true,20758
10279,0.933929,HIT,true,21907
10280,0.533914,MISS,,17572
10281,0.933722,HIT,true,17933
10282,0.962141,HIT,true,19878
10283,0.643714,MISS,,17971
10284,0.983704,HIT,true,18247
10285,0.986801,HIT,true,20773
10286,0.687926,MISS,,19957
10287,0.945593,HIT,true,18985
10288,0.956986,HIT,true,18084
10289,0.874958,HIT,true,17139
10290,0.876297,HIT,true,19781
10291,0.522173,MISS,,19230
10292,0.747201,MISS,,19190
10293,0.885244,HIT,false,19608
10294,0.748297,MISS,,19569
10295,0.444634,MISS,,18660
10296,0.960024,HIT,true,19039
10297,0.825136,MISS,,17812
10298,0.992425,HIT,true,17487
10299,0.896893,HIT,true,21693
10300,0.642815,MISS,,19348
10301,0.857854,HIT,false,18505
10302,0.844867,MISS,,17492
10303,0.751000,MISS,,21129
10304,0.953264,HIT,true,19636
10305,0.851067,HIT,true,17710
10306,0.854514,HIT,true,23536
10307,0.890285,HIT,true,26084
10308,0.833701,MISS,,22652
10309,0.776236,MISS,,23170
10310,0.909710,HIT,true,22446
10311,0.823264,MISS,,22172
10312,0.986811,HIT,true,22659
10313,0.399278,MISS,,24405
10314,0.852682,HIT,true,23655
10315,0.869068,HIT,true,23560
10316,0.967135,HIT,true,22882
10317,0.726662,MISS,,24447
10318,0.811608,MISS,,25288
10319,0.904851,HIT,true,32142
10320,0.811000,MISS,,26100
10321,0.427585,MISS,,24072
10322,0.958385,HIT,true,24987
10323,0.504086,MISS,,29678
10324,0.903373,HIT,true,28926
10325,0.915110,HIT,true,26964
10326,0.479845,MISS,,25540
10327,0.907380,HIT,false,25014
10328,0.398323,MISS,,21430
10329,0.915122,HIT,true,22276
10330,0.586650,MISS,,25983
10331,0.478197,MISS,,26488
10332,0.745637,MISS,,27072
10333,0.466094,MISS,,22911
10334,0.355404,MISS,,23932
10335,0.854663,HIT,false,28326
10336,0.931906,HIT,true,30755
10337,0.412637,MISS,,31903
10338,0.727151,MISS,,29590
10339,0.875713,HIT,false,31973
10340,0.983901,HIT,true,27176
10341,0.844773,MISS,,27755
10342,0.530211,MISS,,30799
10343,0.892988,HIT,true,28810
10344,0.932658,HIT,false,26143
10345,0.863960,HIT,true,28444
10346,0.571415,MISS,,31115
10347,0.616744,MISS,,26370
10348,0.948451,HIT,true,28205
10349,0.909002,HIT,true,27238
10350,0.542801,MISS,,32433
10351,0.770079,MISS,,32324
10352,0.920194,HIT,true,41941
10353,0.965901,HIT,true,28576
10354,0.475953,MISS,,30870
10355,0.924425,HIT,true,29773
10356,0.949115,HIT,true,29321
10357,0.977055,HIT,true,29691
10358,0.808008,MISS,,31346
10359,0.598547,MISS,,31050
10360,0.817040,MISS,,28995
10361,0.735147,MISS,,29615
10362,0.792545,MISS,,27455
10363,0.911071,HIT,true,27705
10364,0.514437,MISS,,28318
10365,0.564162,MISS,,28755
10366,0.499056,MISS,,26275
10367,0.987644,HIT,true,31090
10368,0.938050,HIT,true,28185
10369,0.976077,HIT,true,30843
10370,0.709348,MISS,,27639
10371,0.932196,HIT,true,25615
10372,0.562483,MISS,,24840
10373,0.742614,MISS,,28653
10374,0.755626,MISS,,27484
10375,0.316366,MISS,,24902
10376,0.865457,HIT,false,24240
10377,0.845991,MISS,,28073
10378,0.592218,MISS,,23579
10379,0.939690,HIT,true,27107
10380,0.949265,HIT,true,24903
10381,0.866178,HIT,false,20401
10382,0.983983,HIT,true,22060
10383,0.867610,HIT,true,19910
10384,0.989015,HIT,true,21731
10385,0.805937,MISS,,21661
10386,0.951889,HIT,true,21099
10387,0.826897,MISS,,19573
10388,0.899052,HIT,true,22990
10389,0.431471,MISS,,23203
10390,0.992453,HIT,true,22828
10391,0.960239,HIT,true,25835
10392,0.938012,HIT,true,23055
10393,0.831537,MISS,,24645
10394,0.833072,MISS,,23653
10395,0.913660,HIT,true,25523
10396,0.698939,MISS,,25074
10397,0.825079,MISS,,30350
10398,0.989667,HIT,true,40946
10399,0.758886,MISS,,30457
10400,0.328547,MISS,,31256
10401,0.941402,HIT,true,29615
10402,0.838193,MISS,,33257
10403,0.549298,MISS,,29231
10404,0.860665,HIT,true,35281
10405,0.592882,MISS,,34282
10406,0.756657,MISS,,33381
10407,0.710245,MISS,,29311
10408,0.935310,HIT,true,28774
10409,0.471175,MISS,,31324
10410,0.771398,MISS,,28415
10411,0.921744,HIT,true,27225
10412,0.470540,MISS,,27768
10413,0.952496,HIT,true,30949
10414,0.739964,MISS,,27143
10415,0.889236,HIT,false,28518
10416,0.932861,HIT,true,31304
10417,0.676066,MISS,,32667
10418,0.636091,MISS,,35435
10419,0.939392,HIT,true,30228
10420,0.908909,HIT,true,30195
10421,0.866353,HIT,true,30449
10422,0.564932,MISS,,30669
10423,0.591511,MISS,,34488
10424,0.852007,HIT,true,31641
10425,0.960421,HIT,true,35461
10426,0.934884,HIT,true,33361
10427,0.585503,MISS,,33661
10428,0.701465,MISS,,36641
10429,0.892560,HIT,true,29998
10430,0.446752,MISS,,40040
10431,0.743734,MISS,,34725
10432,0.586426,MISS,,45200
10433,0.888138,HIT,true,35864
10434,0.481168,MISS,,37489
10435,0.418278,MISS,,34597
10436,0.813276,MISS,,51934
10437,0.889370,HIT,true,53332
10438,0.963098,HIT,true,36901
10439,0.953500,HIT,true,35167
10440,0.608659,MISS,,42591
10441,0.997753,HIT,true,31692
10442,0.932465,HIT,true,35622
10443,0.669993,MISS,,33999
10444,0.904181,HIT,true,38331
10445,0.788758,MISS,,37658
10446,0.961205,HIT,true,39042
10447,0.869364,HIT,true,42344
10448,0.801890,MISS,,34824
10449,0.670462,MISS,,39824
10450,0.958712,HIT,true,31620
10451,0.904571,HIT,true,37090
10452,0.477144,MISS,,33793
10453,0.621452,MISS,,34312
10454,0.858930,HIT,true,43793
10455,0.952138,HIT,true,42015
10456,0.663167,MISS,,39503
10457,0.905985,HIT,true,46257
10458,0.704338,MISS,,37280
10459,0.722580,MISS,,39404
10460,0.511572,MISS,,34383
10461,0.910745,HIT,true,31202
10462,0.725899,MISS,,38978
10463,0.640455,MISS,,34696
10464,0.736928,MISS,,40567
10465,0.972033,HIT,true,40820
10466,0.788839,MISS,,45546
10467,0.438408,MISS,,45022
10468,0.987192,HIT,true,61320
10469,0.991499,HIT,true,62145
10470,0.932273,HIT,true,39881
10471,0.602842,MISS,,35374
10472,0.543728,MISS,,31596
10473,0.980742,HIT,true,41020
10474,0.446929,MISS,,41809
10475,0.670487,MISS,,38700
10476,0.532925,MISS,,41141
10477,0.947988,HIT,true,36753
10478,0.756674,MISS,,40705
10479,0.815231,MISS,,37159
10480,0.948155,HIT,true,36517
10481,0.603588,MISS,,37543
10482,0.561984,MISS,,38662
10483,0.677468,MISS,,35395
10484,0.575846,MISS,,37586
10485,0.335419,MISS,,35556
10486,0.949861,HIT,true,35489
10487,0.559753,MISS,,38391
10488,0.559653,MISS,,35611
10489,0.945411,HIT,true,38187
10490,0.538392,MISS,,35540
10491,0.628123,MISS,,35436
10492,0.838426,MISS,,34434
10493,0.589630,MISS,,32575
10494,0.888952,HIT,true,34398
10495,0.976110,HIT,true,35152
10496,0.873765,HIT,true,34122
10497,0.981646,HIT,true,33748
10498,0.927986,HIT,true,34707
10499,0.734449,MISS,,35121
10500,0.908239,HIT,true,34676
10501,0.738548,MISS,,32333
10502,0.744724,MISS,,33925
10503,0.926177,HIT,true,37402
10504,0.883376,HIT,true,29073
10505,0.840889,MISS,,34601
10506,0.858161,HIT,true,35253
10507,0.514238,MISS,,38539
10508,0.692568,MISS,,28348
10509,0.811337,MISS,,29881
10510,0.423181,MISS,,37093
10511,0.665109,MISS,,59514
10512,0.811577,MISS,,34045
10513,0.477723,MISS,,44057
10514,0.988469,HIT,true,43212
10515,0.890653,HIT,true,31314
10516,0.872342,HIT,true,30371
10517,0.875545,HIT,true,32963
10518,0.631065,MISS,,33134
10519,0.917864,HIT,true,34066
10520,0.412883,MISS,,28767
10521,0.974777,HIT,true,39072
10522,0.901835,HIT,true,34133
10523,0.981626,HIT,true,35110
10524,0.452923,MISS,,47749
10525,0.908756,HIT,true,32797
10526,0.490672,MISS,,24231
10527,0.856907,HIT,true,27609
10528,0.923196,HIT,true,30340
10529,0.889680,HIT,true,27991
10530,0.456282,MISS,,25123
10531,0.919258,HIT,true,26148
10532,0.927502,HIT,true,26040
10533,0.938047,HIT,true,23061
10534,0.903883,HIT,true,26882
10535,0.730196,MISS,,24095
10536,0.972480,HIT,true,24013
10537,0.620429,MISS,,23960
10538,0.942103,HIT,true,23956
10539,0.975191,HIT,true,24150
10540,0.496926,MISS,,26363
10541,0.979777,HIT,true,24482
10542,0.912178,HIT,true,24002
10543,0.862400,HIT,true,23868
10544,0.703396,MISS,,23550
10545,0.857779,HIT,false,26166
10546,0.749460,MISS,,22721
10547,0.918220,HIT,true,23688
10548,0.636481,MISS,,22729
10549,0.893683,HIT,true,22553
10550,0.947938,HIT,true,23302
10551,0.823656,MISS,,24318
10552,0.928208,HIT,true,22948
10553,0.451355,MISS,,22830
10554,0.927651,HIT,true,23526
10555,0.750959,MISS,,22498
10556,0.893485,HIT,true,23520
10557,0.980709,HIT,true,23853
10558,0.676568,MISS,,24552
10559,0.914842,HIT,true,22887
10560,0.592128,MISS,,23014
10561,0.923703,HIT,true,23673
10562,0.835240,MISS,,25294
10563,0.848321,MISS,,23237
10564,0.779483,MISS,,25380
10565,0.928322,HIT,true,23668
10566,0.913927,HIT,true,23032
10567,0.997986,HIT,true,22689
10568,0.839014,MISS,,26645
10569,0.602688,MISS,,22938
10570,0.842269,MISS,,23712
10571,0.943904,HIT,true,23693
10572,0.399060,MISS,,25548
10573,0.914435,HIT,true,24104
10574,0.873216,HIT,true,29927
10575,0.849776,MISS,,26527
10576,0.808930,MISS,,24083
10577,0.916727,HIT,true,25363
10578,0.461591,MISS,,29346
10579,0.504827,MISS,,24056
10580,0.842893,MISS,,25458
10581,0.875854,HIT,true,28234
10582,0.660313,MISS,,23400
10583,0.894611,HIT,true,25240
10584,0.616381,MISS,,23192
10585,0.489684,MISS,,23486
10586,0.563330,MISS,,21282
10587,0.417765,MISS,,22317
10588,0.746197,MISS,,26049
10589,0.805552,MISS,,24811
10590,0.461030,MISS,,23501
10591,0.691733,MISS,,22653
10592,0.945450,HIT,true,20760
10593,0.771652,MISS,,22521
10594,0.951160,HIT,true,25447
10595,0.893083,HIT,true,24328
10596,0.990743,HIT,true,24625
10597,0.359299,MISS,,27293
10598,0.431658,MISS,,25797
10599,0.890472,HIT,true,23919
10600,0.921862,HIT,true,24843
10601,0.468088,MISS,,24601
10602,0.893308,HIT,true,23877
10603,0.952579,HIT,true,21669
10604,0.822385,MISS,,21115
10605,0.955678,HIT,false,21383
10606,0.843918,MISS,,24444
10607,0.614173,MISS,,25948
10608,0.925853,HIT,true,25782
10609,0.812904,MISS,,27399
10610,0.725925,MISS,,22971
10611,0.855623,HIT,false,24809
10612,0.402076,MISS,,23554
10613,0.755322,MISS,,24247
10614,0.949358,HIT,true,23914
10615,0.870364,HIT,true,23673
10616,0.874076,HIT,true,25723
10617,0.591023,MISS,,23633
10618,0.670622,MISS,,23956
10619,0.936818,HIT,true,22100
10620,0.801647,MISS,,22337
10621,0.613969,MISS,,21112
10622,0.914522,HIT,true,23767
10623,0.975902,HIT,true,27111
10624,0.681339,MISS,,23292
10625,0.411459,MISS,,21499
10626,0.681823,MISS,,21467
10627,0.920842,HIT,true,20522
10628,0.588132,MISS,,24701
10629,0.912664,HIT,true,23292
10630,0.996820,HIT,true,20733
10631,0.902050,HIT,true,20315
10632,0.601515,MISS,,20475
10633,0.794154,MISS,,21549
10634,0.603835,MISS,,23307
10635,0.726818,MISS,,22455
10636,0.601194,MISS,,22160
10637,0.920056,HIT,true,21895
10638,0.992852,HIT,true,21079
10639,0.897933,HIT,true,20922
10640,0.915131,HIT,true,22344
10641,0.777564,MISS,,22611
10642,0.837142,MISS,,23219
10643,1.000000,HIT,true,20642
10644,0.983770,HIT,true,21720
10645,0.829581,MISS,,20549
10646,0.840854,MISS,,23906
10647,0.832904,MISS,,23088
10648,0.810624,MISS,,21417
10649,0.802255,MISS,,23213
10650,0.485392,MISS,,23678
10651,0.761383,MISS,,25723
10652,0.906792,HIT,true,29255
10653,0.874279,HIT,true,26232
10654,0.910738,HIT,true,26990
10655,0.461744,MISS,,26372
10656,0.677703,MISS,,27242
10657,0.628421,MISS,,28452
10658,0.821112,MISS,,25004
10659,0.938242,HIT,true,25669
10660,0.461922,MISS,,27333
10661,0.883872,HIT,true,30862
10662,0.923501,HIT,true,26943
10663,0.915244,HIT,true,29182
10664,0.863336,HIT,true,28494
10665,0.994683,HIT,true,26620
10666,0.993320,HIT,true,32495
10667,0.957180,HIT,true,26905
10668,0.672515,MISS,,23469
10669,0.986912,HIT,true,28408
10670,0.817941,MISS,,22970
10671,0.990613,HIT,true,26027
10672,0.931846,HIT,true,24413
10673,0.921961,HIT,true,24063
10674,0.963173,HIT,true,23941
10675,0.820865,MISS,,23525
10676,0.481957,MISS,,23791
10677,0.576177,MISS,,26326
10678,0.941946,HIT,true,25282
10679,0.925754,HIT,true,24246
10680,0.847091,MISS,,24471
10681,0.982718,HIT,true,23322
10682,0.585183,MISS,,27218
10683,0.823060,MISS,,23273
10684,0.982228,HIT,true,23747
10685,0.927981,HIT,true,23178
10686,0.756430,MISS,,23638
10687,0.801897,MISS,,36275
10688,0.511113,MISS,,23584
10689,0.778938,MISS,,25373
10690,0.800011,MISS,,23121
10691,0.750933,MISS,,23344
10692,0.660060,MISS,,24296
10693,0.514469,MISS,,24077
10694,0.817918,MISS,,23516
10695,0.983180,HIT,true,25962
10696,0.695417,MISS,,26982
10697,0.832424,MISS,,23064
10698,0.883298,HIT,true,25068
10699,0.817049,MISS,,23550
10700,0.643692,MISS,,24888
10701,0.568376,MISS,,23844
10702,0.797843,MISS,,24235
10703,0.557779,MISS,,25458
10704,0.845954,MISS,,24069
10705,0.759452,MISS,,24038
10706,0.811091,MISS,,29433
10707,0.626155,MISS,,25915
10708,1.000000,HIT,true,23885
10709,0.908063,HIT,true,30385
10710,0.817965,MISS,,24506
10711,0.665415,MISS,,27229
10712,0.988381,HIT,true,24428
10713,0.909508,HIT,true,23650
10714,0.852537,HIT,true,25546
10715,0.963642,HIT,true,27312
10716,0.587836,MISS,,25176
10717,0.726012,MISS,,23203
10718,0.651825,MISS,,23981
10719,0.838114,MISS,,27207
10720,0.599466,MISS,,25525
10721,0.950080,HIT,true,23695
10722,0.996498,HIT,true,26054
10723,0.973949,HIT,true,23562
10724,0.739171,MISS,,23502
10725,0.569192,MISS,,27581
10726,0.928591,HIT,true,22933
10727,0.970844,HIT,true,23150
10728,0.906121,HIT,true,24069
10729,0.482189,MISS,,24544
10730,0.792172,MISS,,26689
10731,0.691523,MISS,,24475
10732,0.849743,MISS,,25631
10733,0.983170,HIT,true,23139
10734,0.363187,MISS,,22560
10735,0.995478,HIT,true,23513
10736,0.531982,MISS,,27068
10737,0.495030,MISS,,26772
10738,0.904538,HIT,true,25629
10739,0.954204,HIT,true,24316
10740,0.944940,HIT,true,25626
10741,0.862966,HIT,true,32342
10742,0.849991,MISS,,29358
10743,0.808064,MISS,,26904
10744,0.794630,MISS,,32005
10745,0.588496,MISS,,30338
10746,0.877734,HIT,true,37772
10747,0.843034,MISS,,33243
10748,0.930430,HIT,true,26202
10749,0.403760,MISS,,27176
10750,0.842672,MISS,,30853
10751,0.803553,MISS,,25141
10752,0.930148,HIT,true,26598
10753,0.920289,HIT,true,37780
10754,0.564358,MISS,,36806
10755,0.941745,HIT,true,30801
10756,0.439364,MISS,,27402
10757,0.909086,HIT,true,27468
10758,0.699659,MISS,,26366
10759,0.932882,HIT,true,27666
10760,0.924986,HIT,true,30714
10761,0.886233,HIT,true,31668
10762,0.439878,MISS,,24614
10763,0.962999,HIT,true,30291
10764,0.932366,HIT,true,26384
10765,0.414852,MISS,,30373
10766,0.962497,HIT,true,24837
10767,0.902948,HIT,true,27159
10768,0.877117,HIT,true,26798
10769,0.614326,MISS,,30550
10770,0.579844,MISS,,33116
10771,0.950027,HIT,true,33036
10772,0.531409,MISS,,35854
10773,0.970806,HIT,true,32532
10774,0.927890,HIT,false,25631
10775,0.735961,MISS,,24439
10776,0.971882,HIT,true,24383
10777,0.446202,MISS,,24952
10778,0.905095,HIT,true,23210
10779,0.993016,HIT,true,24265
10780,0.911189,HIT,true,24135
10781,0.848286,MISS,,25114
10782,0.463798,MISS,,23928
10783,0.952806,HIT,true,23582
10784,0.598609,MISS,,24059
10785,0.996360,HIT,true,24287
10786,0.487715,MISS,,23519
10787,0.650097,MISS,,27819
10788,0.489712,MISS,,23297
10789,0.979035,HIT,true,22895
10790,0.863238,HIT,false,22819
10791,0.842774,MISS,,23413
10792,0.910240,HIT,false,23524
10793,0.890626,HIT,true,24238
10794,0.888980,HIT,true,23161
10795,0.806109,MISS,,22694
10796,0.576346,MISS,,22397
10797,0.948929,HIT,true,23047
10798,0.641816,MISS,,24695
10799,0.855558,HIT,true,23079
10800,0.498347,MISS,,23676
10801,0.611151,MISS,,23622
10802,0.943508,HIT,true,22452
10803,0.934154,HIT,true,23027
10804,0.433408,MISS,,25794
10805,0.864810,HIT,true,22791
10806,0.922525,HIT,true,23243
10807,0.894802,HIT,true,22649
10808,0.446970,MISS,,24604
10809,0.794633,MISS,,25469
10810,0.782973,MISS,,23014
10811,0.852567,HIT,false,24471
10812,0.552950,MISS,,23090
10813,0.887379,HIT,false,22701
10814,0.993095,HIT,true,19302
10815,0.868601,HIT,true,24669
10816,0.803513,MISS,,22503
10817,0.988431,HIT,true,21183
10818,0.869659,HIT,true,22872
10819,0.618220,MISS,,22461
10820,0.973639,HIT,true,25067
10821,0.617353,MISS,,23925
10822,0.898709,HIT,true,24474
10823,0.685622,MISS,,21664
10824,0.867994,HIT,true,20770
10825,0.654667,MISS,,24382
10826,0.572202,MISS,,25277
10827,0.699609,MISS,,23797
10828,0.962430,HIT,true,21677
10829,0.948203,HIT,false,22111
10830,0.921140,HIT,true,21518
10831,0.817259,MISS,,21821
10832,0.808463,MISS,,24659
10833,0.651229,MISS,,24887
10834,0.996639,HIT,true,22234
10835,0.759618,MISS,,21248
10836,0.886609,HIT,true,20530
10837,0.552087,MISS,,23304
10838,0.604085,MISS,,24044
10839,0.736184,MISS,,23042
10840,0.940637,HIT,true,23692
10841,0.705080,MISS,,20437
10842,0.592375,MISS,,20825
10843,0.797979,MISS,,20614
10844,0.868519,HIT,true,24999
10845,0.969664,HIT,true,23286
10846,0.673492,MISS,,20970
10847,0.553829,MISS,,22758
10848,0.607702,MISS,,22225
10849,0.934208,HIT,true,22635
10850,0.694134,MISS,,46909
10851,0.454460,MISS,,23482
10852,0.744408,MISS,,21274
10853,0.624524,MISS,,25437
10854,0.768665,MISS,,22195
10855,0.909389,HIT,true,25241
10856,0.439318,MISS,,22826
10857,0.992860,HIT,true,23862
10858,0.802473,MISS,,21055
10859,0.923180,HIT,true,20506
10860,0.880061,HIT,true,22298
10861,0.836733,MISS,,23881
10862,0.986073,HIT,true,21369
10863,0.978293,HIT,true,21625
10864,0.929357,HIT,true,21336
10865,0.993363,HIT,true,22218
10866,0.906178,HIT,true,23989
10867,0.927955,HIT,true,23388
10868,0.668687,MISS,,23935
10869,0.760017,MISS,,21067
10870,0.782764,MISS,,20792
10871,0.677972,MISS,,20949
10872,0.553315,MISS,,23671
10873,0.958087,HIT,true,23384
10874,0.996713,HIT,true,19961
10875,0.702294,MISS,,21272
10876,0.966104,HIT,true,21405
10877,0.594800,MISS,,21672
10878,0.705362,MISS,,20288
10879,0.885838,HIT,true,23878
10880,0.939305,HIT,true,22814
10881,0.894436,HIT,true,21520
10882,0.881071,HIT,true,19394
10883,0.870282,HIT,true,21671
10884,0.988346,HIT,true,21931
10885,0.796424,MISS,,23237
10886,0.902265,HIT,true,22397
10887,0.624225,MISS,,21584
10888,0.993416,HIT,true,20950
10889,0.938191,HIT,true,21029
10890,0.613887,MISS,,21289
10891,0.834937,MISS,,29132
10892,0.998065,HIT,true,29782
10893,0.881175,HIT,true,24024
10894,0.648679,MISS,,27228
10895,0.556216,MISS,,31676
10896,0.897476,HIT,true,28917
10897,0.927184,HIT,true,28569
10898,0.639135,MISS,,23789
10899,0.982510,HIT,true,24213
10900,0.947867,HIT,true,23446
10901,0.905877,HIT,true,25545
10902,0.812897,MISS,,24460
10903,0.529417,MISS,,24350
10904,0.773097,MISS,,23307
10905,0.401615,MISS,,23915
10906,1.000000,HIT,true,25344
10907,0.467750,MISS,,28886
10908,0.839012,MISS,,26181
10909,0.668503,MISS,,24069
10910,0.994808,HIT,true,25220
10911,0.584258,MISS,,26541
10912,0.780606,MISS,,28080
10913,0.571133,MISS,,26028
10914,0.888122,HIT,true,24844
10915,0.419800,MISS,,22428
10916,0.831727,MISS,,23472
10917,0.762679,MISS,,25511
10918,0.768777,MISS,,25041
10919,0.577995,MISS,,26232
10920,0.888564,HIT,true,23434
10921,0.380138,MISS,,26668
10922,0.747730,MISS,,28435
10923,0.985619,HIT,true,25052
10924,0.831690,MISS,,23443
10925,0.868937,HIT,true,24441
10926,0.807465,MISS,,24312
10927,0.900238,HIT,false,25762
10928,0.978707,HIT,true,23936
10929,0.860314,HIT,true,23457
10930,0.892361,HIT,true,23166
10931,0.771823,MISS,,22435
10932,0.859834,HIT,true,25092
10933,0.882084,HIT,true,25309
10934,0.860572,HIT,true,22870
10935,0.951133,HIT,false,22269
10936,0.985974,HIT,true,23000
10937,0.839130,MISS,,22728
10938,0.443209,MISS,,24129
10939,0.965276,HIT,true,24283
10940,0.891213,HIT,true,22893
10941,0.401839,MISS,,22846
10942,1.000000,HIT,true,22899
10943,0.919805,HIT,true,23198
10944,0.763194,MISS,,24706
10945,0.926505,HIT,true,22380
10946,0.937690,HIT,true,23028
10947,0.808334,MISS,,22961
10948,0.885825,HIT,true,22530
10949,0.815247,MISS,,24933
10950,0.947454,HIT,true,24419
10951,0.975288,HIT,true,22999
10952,0.542247,MISS,,22739
10953,0.645880,MISS,,23724
10954,0.691916,MISS,,23212
10955,0.909446,HIT,true,24288
10956,0.975668,HIT,true,22350
10957,0.931113,HIT,true,23503
10958,0.866691,HIT,false,22228
10959,0.523417,MISS,,22599
10960,0.637340,MISS,,25261
10961,0.765155,MISS,,23331
10962,0.929110,HIT,true,22434
10963,0.901864,HIT,true,22793
10964,0.982848,HIT,true,23013
10965,0.910742,HIT,true,22984
10966,0.536376,MISS,,21704
10967,0.932804,HIT,true,22255
10968,0.735173,MISS,,22022
10969,0.824364,MISS,,20277
10970,0.980466,HIT,true,21360
10971,0.967919,HIT,true,20731
10972,0.502176,MISS,,21586
10973,0.498278,MISS,,23859
10974,0.885010,HIT,true,22831
10975,0.866858,HIT,true,21796
10976,0.563807,MISS,,21226
10977,0.950668,HIT,true,21341
10978,0.804694,MISS,,21224
10979,0.889692,HIT,true,24386
10980,0.908019,HIT,true,21117
10981,0.639770,MISS,,20839
10982,0.928339,HIT,true,21865
10983,0.796250,MISS,,21838
10984,0.868591,HIT,true,20922
10985,0.760159,MISS,,26970
10986,0.701560,MISS,,27841
10987,0.547867,MISS,,28554
10988,0.613533,MISS,,26370
10989,0.941211,HIT,true,24217
10990,0.931981,HIT,true,25251
10991,0.941472,HIT,true,24462
10992,0.885211,HIT,true,24723
10993,0.978354,HIT,true,22278
10994,0.585637,MISS,,22980
10995,0.856501,HIT,false,22770
10996,0.896888,HIT,true,24016
10997,0.391639,MISS,,23483
10998,0.837244,MISS,,21989
10999,0.843475,MISS,,21778
11000,0.982345,HIT,true,21420
11001,0.854868,HIT,true,21951
11002,0.893579,HIT,true,23370
11003,0.743037,MISS,,21181
11004,0.960160,HIT,true,23819
11005,0.840239,MISS,,19639
11006,0.428142,MISS,,21660
11007,0.669335,MISS,,21211
11008,0.929997,HIT,true,22864
11009,0.778404,MISS,,22515
11010,0.993010,HIT,true,20777
11011,0.942068,HIT,true,23382
11012,0.956660,HIT,true,19204
11013,0.848775,MISS,,21400
11014,0.967877,HIT,true,23676
11015,0.997392,HIT,true,22876
11016,0.916559,HIT,true,20762
11017,0.910937,HIT,true,22576
11018,0.483199,MISS,,22661
11019,0.531392,MISS,,23074
11020,0.888352,HIT,true,23757
11021,0.912365,HIT,true,23615
11022,0.634416,MISS,,24282
11023,0.926779,HIT,true,24987
11024,0.634784,MISS,,21188
11025,0.659545,MISS,,23278
11026,0.894406,HIT,true,36550
11027,0.840184,MISS,,22748
11028,0.965463,HIT,true,20874
11029,0.630759,MISS,,22409
11030,0.819492,MISS,,21588
11031,0.995738,HIT,true,24176
11032,0.472511,MISS,,21684
11033,0.938108,HIT,true,22168
11034,0.773484,MISS,,19206
11035,0.993080,HIT,true,24253
11036,0.558040,MISS,,22782
11037,0.979160,HIT,true,23992
11038,0.570904,MISS,,23078
11039,0.819647,MISS,,24290
11040,0.427665,MISS,,21024
11041,0.930632,HIT,true,20633
11042,0.963386,HIT,true,21730
11043,0.863719,HIT,true,24126
11044,0.933541,HIT,true,21512
11045,0.587910,MISS,,24654
11046,0.508721,MISS,,26424
11047,0.843602,MISS,,26091
11048,0.911374,HIT,false,25774
11049,0.905726,HIT,true,24749
11050,0.604109,MISS,,21925
11051,0.996774,HIT,true,22068
11052,0.955808,HIT,true,20335
11053,0.887685,HIT,true,23053
11054,0.433524,MISS,,24580
11055,0.699462,MISS,,21610
11056,0.993814,HIT,true,20807
11057,0.655144,MISS,,21548
11058,0.770850,MISS,,21096
11059,0.881167,HIT,true,21918
11060,0.974509,HIT,true,22808
11061,0.567859,MISS,,23187
11062,0.949503,HIT,true,21336
11063,0.925104,HIT,true,25443
11064,0.837000,MISS,,26197
11065,0.775544,MISS,,27168
11066,0.866049,HIT,true,26528
11067,0.942272,HIT,true,26437
11068,0.955350,HIT,true,26907
11069,0.685614,MISS,,24855
11070,0.970562,HIT,true,27024
11071,0.710921,MISS,,26650
11072,0.799108,MISS,,25139
11073,0.986770,HIT,true,24666
11074,0.457688,MISS,,23473
11075,0.687767,MISS,,25492
11076,0.952773,HIT,true,23452
11077,0.608401,MISS,,23586
11078,0.925910,HIT,true,21394
11079,0.959827,HIT,true,21463
11080,0.755217,MISS,,21278
11081,0.461618,MISS,,24790
11082,0.936623,HIT,true,24985
11083,0.813763,MISS,,24804
11084,0.765598,MISS,,22858
11085,0.854002,HIT,true,22462
11086,0.892778,HIT,true,20821
11087,0.992686,HIT,true,26340
11088,0.802462,MISS,,23089
11089,0.962809,HIT,true,19670
11090,0.970335,HIT,true,22416
11091,0.411378,MISS,,21011
11092,0.958998,HIT,true,23102
11093,0.633830,MISS,,22379
11094,0.594126,MISS,,24268
11095,0.498757,MISS,,23109
11096,0.580112,MISS,,21551
11097,0.564041,MISS,,21013
11098,0.847154,MISS,,20293
11099,0.546393,MISS,,24086
11100,0.869350,HIT,true,22585
11101,0.856859,HIT,true,26144
11102,0.949076,HIT,true,23255
11103,0.582677,MISS,,21452
11104,0.638040,MISS,,20576
11105,0.674074,MISS,,25496
11106,0.996146,HIT,true,23716
11107,0.616383,MISS,,24385
11108,0.969580,HIT,true,21385
11109,0.821868,MISS,,24033
11110,0.910915,HIT,true,26658
11111,0.814455,MISS,,27666
11112,0.595666,MISS,,26292
11113,0.837368,MISS,,28634
11114,0.823223,MISS,,28046
11115,0.438900,MISS,,29110
11116,0.882117,HIT,true,27400
11117,0.906953,HIT,false,27966
11118,0.998350,HIT,true,27909
11119,0.630915,MISS,,26600
11120,0.962596,HIT,true,28889
11121,0.760454,MISS,,27189
11122,0.670344,MISS,,22888
11123,0.799227,MISS,,23542
11124,0.917305,HIT,true,24657
11125,0.917101,HIT,true,24855
11126,0.882740,HIT,true,23222
11127,0.546691,MISS,,23676
11128,0.622254,MISS,,26455
11129,0.687659,MISS,,24022
11130,0.890200,HIT,false,23458
11131,0.893538,HIT,true,27503
11132,0.502163,MISS,,22954
11133,0.892787,HIT,true,21660
11134,0.911074,HIT,true,21584
11135,0.953100,HIT,true,20232
11136,0.893226,HIT,true,21866
11137,0.892881,HIT,true,22887
11138,0.920566,HIT,true,21938
11139,0.414853,MISS,,21037
11140,0.610610,MISS,,21599
11141,0.965574,HIT,true,19106
11142,0.899439,HIT,true,23034
11143,0.943275,HIT,true,22950
11144,0.711920,MISS,,22259
11145,0.964316,HIT,true,20902
11146,0.662064,MISS,,23297
11147,0.646554,MISS,,19624
11148,0.889933,HIT,true,21461
11149,0.864218,HIT,true,23058
11150,0.613503,MISS,,23557
11151,0.985594,HIT,true,22306
11152,0.562098,MISS,,21502
11153,0.639711,MISS,,22042
11154,0.864756,HIT,true,21668
11155,0.818858,MISS,,22363
11156,0.851911,HIT,false,23136
11157,0.921135,HIT,true,21534
11158,0.780982,MISS,,21891
11159,0.660447,MISS,,19611
11160,0.535915,MISS,,21325
11161,0.966435,HIT,true,24485
11162,0.733702,MISS,,22599
11163,0.724612,MISS,,21047
11164,0.978112,HIT,true,21299
11165,0.988420,HIT,true,20846
11166,0.940078,HIT,true,23183
11167,0.761089,MISS,,22613
11168,0.975235,HIT,true,24996
11169,0.564397,MISS,,27254
11170,0.853037,HIT,true,25066
11171,0.872997,HIT,true,26753
11172,0.968821,HIT,true,25938
11173,0.691093,MISS,,24525
11174,0.613704,MISS,,23621
11175,0.644878,MISS,,23983
11176,0.618461,MISS,,25978
11177,0.632662,MISS,,27787
11178,0.922366,HIT,true,26689
11179,0.936856,HIT,true,27233
11180,0.566960,MISS,,26340
11181,0.952320,HIT,true,25529
11182,0.945777,HIT,true,27546
11183,0.512486,MISS,,23925
11184,0.743997,MISS,,24955
11185,0.789137,MISS,,23588
11186,0.989613,HIT,true,23822
11187,0.658208,MISS,,24000
11188,0.626453,MISS,,26269
11189,0.521862,MISS,,23377
11190,0.984688,HIT,true,23638
11191,0.941195,HIT,true,23788
11192,0.924253,HIT,true,22902
11193,0.673032,MISS,,24459
11194,0.449612,MISS,,24272
11195,0.992110,HIT,true,22528
11196,0.974203,HIT,true,23104
11197,0.640332,MISS,,23122
11198,0.486874,MISS,,23522
11199,0.496276,MISS,,40673
11200,0.737694,MISS,,25736
11201,0.955967,HIT,true,22810
11202,0.854259,HIT,false,26470
11203,0.975983,HIT,true,27948
11204,0.618978,MISS,,28078
11205,0.595252,MISS,,25008
11206,0.605690,MISS,,25175
11207,0.993090,HIT,true,23211
11208,0.991562,HIT,true,24460
11209,0.988041,HIT,true,26409
11210,0.785696,MISS,,29085
11211,0.932856,HIT,true,24158
11212,0.915411,HIT,true,26208
11213,0.617378,MISS,,27281
11214,0.844165,MISS,,24740
11215,0.632671,MISS,,23343
11216,0.620508,MISS,,24987
11217,0.855852,HIT,false,25397
11218,0.517063,MISS,,23287
11219,0.935447,HIT,true,25346
11220,0.789482,MISS,,23841
11221,0.835836,MISS,,24020
11222,0.466428,MISS,,23756
11223,0.752808,MISS,,24203
11224,0.865594,HIT,true,22841
11225,0.964147,HIT,true,25431
11226,0.808117,MISS,,23307
11227,0.654851,MISS,,23313
11228,0.655143,MISS,,22056
11229,0.959629,HIT,true,19241
11230,0.797753,MISS,,22191
11231,0.935215,HIT,true,24460
11232,0.743429,MISS,,23522
11233,0.542493,MISS,,21346
11234,0.608000,MISS,,23034
11235,0.881977,HIT,true,21395
11236,0.726586,MISS,,24109
11237,0.988854,HIT,true,23712
11238,0.946007,HIT,true,20942
11239,0.993688,HIT,true,20998
11240,0.713582,MISS,,23816
11241,0.869906,HIT,true,21751
11242,0.415768,MISS,,21511
11243,0.941314,HIT,true,23169
11244,0.802961,MISS,,25102
11245,0.565268,MISS,,26279
11246,0.726747,MISS,,24353
11247,0.820699,MISS,,23653
11248,0.861058,HIT,true,26158
11249,0.802777,MISS,,23836
11250,0.872726,HIT,true,21678
11251,0.523752,MISS,,20918
11252,0.875783,HIT,true,21506
11253,0.904710,HIT,true,25607
11254,0.953692,HIT,true,24491
11255,0.870291,HIT,true,24348
11256,0.868261,HIT,true,25399
11257,0.629903,MISS,,22321
11258,0.905411,HIT,true,21806
11259,0.433756,MISS,,23896
11260,0.929294,HIT,true,24211
11261,0.652617,MISS,,22037
11262,0.947922,HIT,true,23146
11263,0.961793,HIT,true,22609
11264,0.901509,HIT,true,20717
11265,0.871816,HIT,true,23627
11266,0.996086,HIT,true,23140
11267,0.973719,HIT,true,20267
11268,0.771892,MISS,,20770
11269,0.876988,HIT,true,20867
11270,0.885090,HIT,true,23701
11271,0.898647,HIT,true,23053
11272,0.743774,MISS,,21055
11273,0.731207,MISS,,22211
11274,0.947867,HIT,true,21144
11275,0.734500,MISS,,19509
11276,0.937040,HIT,true,21194
11277,0.994631,HIT,true,23927
11278,0.992177,HIT,true,22720
11279,0.505895,MISS,,22350
11280,0.892877,HIT,true,21573
11281,0.889236,HIT,true,21143
11282,0.724297,MISS,,20400
11283,0.653227,MISS,,23145
11284,0.854143,HIT,true,23327
11285,0.998483,HIT,true,23454
11286,0.930210,HIT,true,20755
11287,0.563759,MISS,,20543
11288,0.886103,HIT,true,21781
11289,0.935445,HIT,true,22103
11290,0.920579,HIT,true,23650
11291,0.519961,MISS,,20150
11292,0.865778,HIT,true,21574
11293,0.785779,MISS,,20759
11294,0.996765,HIT,true,20815
11295,0.701790,MISS,,21752
11296,0.979214,HIT,true,23831
11297,0.518615,MISS,,20953
11298,0.904978,HIT,true,20898
11299,0.555982,MISS,,22109
11300,0.786917,MISS,,21009
11301,0.837489,MISS,,21859
11302,0.942527,HIT,true,22162
11303,0.929524,HIT,true,22298
11304,0.913862,HIT,true,21271
11305,0.965409,HIT,true,20731
11306,0.591623,MISS,,19831
11307,0.442854,MISS,,22506
11308,0.527144,MISS,,23626
11309,0.559102,MISS,,22452
11310,0.852095,HIT,true,20349
11311,0.442372,MISS,,21949
11312,0.907771,HIT,true,20966
11313,0.986112,HIT,true,19666
11314,0.974691,HIT,true,22855
11315,0.903564,HIT,true,23113
11316,0.899066,HIT,true,21553
11317,0.823189,MISS,,20250
11318,0.745308,MISS,,26366
11319,0.467070,MISS,,29642
11320,0.924943,HIT,true,27423
11321,0.974335,HIT,true,25026
11322,0.845061,MISS,,22839
11323,0.942445,HIT,true,21368
11324,0.979766,HIT,true,22540
11325,0.586225,MISS,,24658
11326,0.843452,MISS,,22837
11327,0.712525,MISS,,20219
11328,0.470847,MISS,,22373
11329,0.716609,MISS,,21457
11330,0.750692,MISS,,20563
11331,0.954385,HIT,true,24676
11332,0.956829,HIT,true,26989
11333,0.992170,HIT,true,20788
11334,0.739425,MISS,,21754
11335,0.687676,MISS,,20634
11336,0.972796,HIT,true,22583
11337,0.888418,HIT,true,27198
11338,0.907384,HIT,false,23940
11339,0.712706,MISS,,23242
11340,0.887426,HIT,true,22272
11341,0.996908,HIT,true,19917
11342,0.811481,MISS,,21346
11343,0.649928,MISS,,24422
11344,0.765323,MISS,,22986
11345,0.793084,MISS,,21628
11346,0.847587,MISS,,22300
11347,0.948582,HIT,true,21635
11348,0.618774,MISS,,22949
11349,0.892343,HIT,true,22927
11350,0.967080,HIT,true,21709
11351,0.717960,MISS,,20491
11352,0.575376,MISS,,20775
11353,0.660342,MISS,,19888
11354,0.740962,MISS,,21263
11355,0.882643,HIT,true,22830
11356,0.586071,MISS,,22142
11357,0.412280,MISS,,20499
11358,0.782588,MISS,,23463
11359,0.938108,HIT,true,19208
11360,0.517674,MISS,,20169
11361,0.814459,MISS,,22868
11362,0.634804,MISS,,23319
11363,0.956392,HIT,true,20672
11364,0.946077,HIT,true,20820
11365,0.479399,MISS,,20978
11366,0.912287,HIT,true,20889
11367,0.725032,MISS,,25050
11368,0.972439,HIT,true,21084
11369,0.992048,HIT,true,22694
11370,0.710189,MISS,,20480
11371,0.883982,HIT,true,20838
11372,0.675846,MISS,,20707
11373,0.628570,MISS,,23281
11374,0.624410,MISS,,23002
11375,0.909069,HIT,true,20611
11376,0.844979,MISS,,22595
11377,0.820610,MISS,,21863
11378,0.538990,MISS,,19281
11379,0.853862,HIT,true,22871
11380,0.830952,MISS,,37034
11381,0.822512,MISS,,22869
11382,0.803855,MISS,,19569
11383,0.552262,MISS,,22083
11384,0.991583,HIT,true,22362
11385,0.972168,HIT,true,24133
11386,0.993105,HIT,true,22165
11387,0.717851,MISS,,21176
11388,0.536525,MISS,,20803
11389,0.873412,HIT,true,20547
11390,0.968209,HIT,true,21237
11391,0.938241,HIT,true,23064
11392,0.967416,HIT,true,22286
11393,0.611076,MISS,,22666
11394,0.671436,MISS,,21817
11395,0.412028,MISS,,22232
11396,0.561246,MISS,,21583
11397,0.586283,MISS,,23806
11398,0.704601,MISS,,21602
11399,0.818174,MISS,,20735
11400,0.885159,HIT,false,20851
11401,0.941645,HIT,true,19867
11402,0.863658,HIT,false,20382
11403,0.885310,HIT,true,21838
11404,0.987278,HIT,true,23821
11405,0.920890,HIT,true,21460
11406,0.826737,MISS,,20093
11407,0.987117,HIT,true,21700
11408,0.468018,MISS,,20838
11409,0.654617,MISS,,21097
11410,0.872194,HIT,true,24389
11411,0.974933,HIT,true,21179
11412,0.896271,HIT,true,21416
11413,0.953829,HIT,true,21346
11414,0.577309,MISS,,22395
11415,0.480434,MISS,,22233
11416,0.438135,MISS,,23050
11417,0.640347,MISS,,20333
11418,0.592153,MISS,,21508
11419,0.848706,MISS,,20616
11420,0.840250,MISS,,19748
11421,0.918971,HIT,true,22264
11422,0.689793,MISS,,24472
11423,0.628042,MISS,,20643
11424,0.928607,HIT,true,20942
11425,0.975711,HIT,true,21204
11426,0.429446,MISS,,20833
11427,0.959557,HIT,true,20830
11428,0.880332,HIT,true,21939
11429,0.783996,MISS,,22703
11430,0.877577,HIT,true,20999
11431,0.949401,HIT,true,19581
11432,0.865633,HIT,false,19555
11433,0.913519,HIT,true,21818
11434,0.664811,MISS,,25698
11435,0.974667,HIT,true,25083
11436,0.646927,MISS,,25789
11437,0.916762,HIT,true,26253
11438,0.715403,MISS,,25343
11439,0.478538,MISS,,31311
11440,0.981083,HIT,true,30992
11441,0.849137,MISS,,26621
11442,0.965415,HIT,true,27457
11443,0.492333,MISS,,25101
11444,0.838313,MISS,,25232
11445,0.907518,HIT,true,25825
11446,0.418529,MISS,,21485
11447,0.881736,HIT,false,20482
11448,0.675491,MISS,,21977
11449,0.866525,HIT,true,22327
11450,0.596567,MISS,,23180
11451,0.790129,MISS,,21556
11452,0.985652,HIT,true,21719
11453,0.932012,HIT,true,21667
11454,0.941328,HIT,true,19285
11455,0.919010,HIT,true,21376
11456,0.838328,MISS,,23802
11457,0.912626,HIT,true,22468
11458,0.846925,MISS,,21109
11459,0.950516,HIT,true,20638
11460,0.553420,MISS,,21205
11461,0.320753,MISS,,20547
11462,0.894997,HIT,true,23064
11463,0.837649,MISS,,22141
11464,0.709332,MISS,,23444
11465,0.895358,HIT,false,19768
11466,0.905690,HIT,true,21015
11467,0.821006,MISS,,20106
11468,0.675497,MISS,,24009
11469,0.940062,HIT,true,21032
11470,0.888738,HIT,false,23761
11471,0.648570,MISS,,20754
11472,0.927313,HIT,true,21222
11473,0.793035,MISS,,21767
11474,0.834559,MISS,,23335
11475,0.753588,MISS,,22047
11476,0.994049,HIT,true,22100
11477,0.767465,MISS,,23809
11478,0.664393,MISS,,21436
11479,0.954153,HIT,true,21917
11480,0.945672,HIT,true,24287
11481,0.817824,MISS,,21145
11482,0.841480,MISS,,22781
11483,0.473126,MISS,,22409
11484,0.790173,MISS,,21779
11485,0.662342,MISS,,21251
11486,0.563845,MISS,,25208
11487,0.916984,HIT,true,22774
11488,0.921154,HIT,true,21258
11489,0.848393,MISS,,20536
11490,0.952979,HIT,true,22344
11491,0.918809,HIT,true,19273
11492,0.455640,MISS,,22794
11493,0.882044,HIT,true,23516
11494,0.879379,HIT,true,20749
11495,0.665513,MISS,,20777
11496,0.786193,MISS,,21270
11497,0.992545,HIT,true,20100
11498,0.463087,MISS,,21619
11499,0.953617,HIT,true,22472
11500,0.807693,MISS,,21400
11501,0.894557,HIT,true,22116
11502,0.875011,HIT,true,21384
11503,0.581978,MISS,,20763
11504,0.585639,MISS,,21571
11505,0.689965,MISS,,22537
11506,0.791497,MISS,,22593
11507,0.489867,MISS,,20627
11508,0.983930,HIT,true,23306
11509,0.925085,HIT,true,23238
11510,0.991697,HIT,true,22589
11511,0.941916,HIT,true,21472
11512,0.821691,MISS,,20769
11513,0.645177,MISS,,22981
11514,0.851764,HIT,true,21536
11515,0.961410,HIT,true,21242
11516,0.880582,HIT,true,23433
11517,0.639922,MISS,,22933
11518,0.956836,HIT,true,20853
11519,0.703167,MISS,,21036
11520,0.987139,HIT,true,21327
11521,0.635820,MISS,,21320
11522,0.608900,MISS,,19956
11523,0.997624,HIT,true,23256
11524,0.993699,HIT,true,23696
11525,0.606581,MISS,,20526
11526,0.733915,MISS,,19474
11527,0.759849,MISS,,21091
11528,0.677918,MISS,,23371
11529,0.484821,MISS,,22617
11530,0.892227,HIT,true,21236
11531,0.527774,MISS,,21766
11532,0.884075,HIT,true,22592
11533,0.666089,MISS,,23882
11534,0.574282,MISS,,21131
11535,0.765115,MISS,,24307
11536,0.927518,HIT,true,21781
11537,0.801815,MISS,,21317
11538,0.795049,MISS,,19693
11539,0.879271,HIT,true,23641
11540,0.777316,MISS,,20130
11541,0.881847,HIT,true,21772
11542,0.987611,HIT,true,22961
11543,0.619212,MISS,,21176
11544,0.952700,HIT,true,19930
11545,0.542422,MISS,,21056
11546,0.915961,HIT,true,23522
11547,0.890207,HIT,true,23961
11548,0.808363,MISS,,22804
11549,0.802959,MISS,,20303
11550,0.550999,MISS,,23349
11551,0.553462,MISS,,20463
11552,0.458020,MISS,,20967
11553,0.788402,MISS,,23098
11554,0.849635,MISS,,23734
11555,0.866832,HIT,true,20728
11556,0.942557,HIT,true,19839
11557,0.881955,HIT,true,21902
11558,0.748871,MISS,,19549
11559,0.898397,HIT,true,23692
11560,0.881643,HIT,false,25012
11561,0.664149,MISS,,23494
11562,0.869174,HIT,true,20560
11563,0.849431,MISS,,19121
11564,0.574569,MISS,,35732
11565,0.875383,HIT,false,22158
11566,0.887477,HIT,true,22984
11567,0.512895,MISS,,20861
11568,0.724672,MISS,,21655
11569,0.984602,HIT,true,20343
11570,0.713068,MISS,,21395
11571,0.960321,HIT,true,22391
11572,0.455332,MISS,,24045
11573,0.961421,HIT,true,21496
11574,0.676710,MISS,,19511
11575,0.599654,MISS,,21592
11576,0.856236,HIT,true,20491
11577,0.389281,MISS,,22734
11578,0.848815,MISS,,24727
11579,0.856021,HIT,true,25035
11580,0.936659,HIT,true,23203
11581,0.964497,HIT,true,20090
11582,0.793204,MISS,,22257
11583,0.774530,MISS,,26109
11584,0.900429,HIT,true,21498
11585,0.710540,MISS,,20582
11586,0.904096,HIT,false,21256
11587,0.982164,HIT,true,21133
11588,0.561009,MISS,,19724
11589,0.858960,HIT,true,23068
11590,0.941174,HIT,true,24310
11591,0.489483,MISS,,20960
11592,0.811805,MISS,,20117
11593,0.541436,MISS,,20058
11594,0.763590,MISS,,20749
11595,0.550265,MISS,,22186
11596,0.883542,HIT,true,22604
11597,0.634626,MISS,,20876
11598,0.828314,MISS,,23484
11599,0.865898,HIT,true,20819
11600,0.799876,MISS,,19210
11601,0.629759,MISS,,23280
11602,0.702109,MISS,,22756
11603,0.958815,HIT,true,19626
11604,0.952973,HIT,true,21105
11605,0.996189,HIT,true,20469
11606,0.795428,MISS,,21285
11607,0.949389,HIT,true,22352
11608,0.958614,HIT,true,22065
11609,0.681231,MISS,,21510
11610,0.979422,HIT,true,21043
11611,0.893577,HIT,true,22385
11612,0.854337,HIT,true,21354
11613,0.799342,MISS,,23205
11614,0.734686,MISS,,22925
11615,0.726204,MISS,,21045
11616,0.729863,MISS,,20778
11617,0.681188,MISS,,21746
11618,0.948561,HIT,true,20241
11619,0.926993,HIT,true,19213
11620,0.870156,HIT,true,27797
11621,0.972203,HIT,true,27002
11622,0.968280,HIT,true,24852
11623,0.900656,HIT,true,26981
11624,0.789486,MISS,,25984
11625,0.846726,MISS,,27649
11626,0.730957,MISS,,24922
11627,0.655484,MISS,,25710
11628,0.889082,HIT,true,23030
11629,0.726446,MISS,,23698
11630,0.892732,HIT,true,24830
11631,0.941958,HIT,true,24417
11632,0.853958,HIT,true,33907
11633,0.920004,HIT,true,26819
11634,0.981025,HIT,true,25512
11635,0.851357,HIT,true,24358
11636,0.843895,MISS,,25178
11637,0.582054,MISS,,23296
11638,0.450930,MISS,,23609
11639,0.812862,MISS,,26649
11640,0.509812,MISS,,27434
11641,0.916444,HIT,true,29132
11642,0.996717,HIT,true,25755
11643,0.873430,HIT,true,22981
11644,0.558768,MISS,,24141
11645,0.674490,MISS,,24079
11646,0.967556,HIT,true,27367
11647,0.979834,HIT,true,24151
11648,0.921715,HIT,true,28163
11649,0.928290,HIT,true,26422
11650,0.760344,MISS,,24089
11651,0.912628,HIT,true,24767
11652,0.995228,HIT,true,23735
11653,0.524932,MISS,,23624
11654,0.678202,MISS,,23875
11655,0.917737,HIT,false,23714
11656,0.929419,HIT,true,23651
11657,0.534461,MISS,,22954
11658,0.907892,HIT,true,21448
11659,0.725382,MISS,,20311
11660,0.940685,HIT,true,22608
11661,0.724080,MISS,,19141
11662,0.723746,MISS,,22172
11663,0.895444,HIT,true,23096
11664,0.928127,HIT,true,21025
11665,0.791430,MISS,,22351
11666,0.896594,HIT,true,23225
11667,0.615405,MISS,,26674
11668,0.684686,MISS,,27325
11669,0.892456,HIT,true,23054
11670,0.892869,HIT,true,23322
11671,0.518299,MISS,,23941
11672,0.791362,MISS,,19971
11673,0.653684,MISS,,20063
11674,0.580706,MISS,,24368
11675,0.679068,MISS,,24986
11676,0.417784,MISS,,21289
11677,0.905768,HIT,true,26304
11678,0.877692,HIT,true,22035
11679,0.537283,MISS,,20278
11680,0.957036,HIT,false,25542
11681,0.575584,MISS,,23705
11682,0.468035,MISS,,21594
11683,0.925605,HIT,true,20750
11684,0.675411,MISS,,24045
11685,0.862999,HIT,true,21578
11686,0.842133,MISS,,25037
11687,0.489321,MISS,,23479
11688,0.983238,HIT,true,24190
11689,0.940080,HIT,true,21677
11690,0.375228,MISS,,20683
11691,0.811440,MISS,,23470
11692,0.500098,MISS,,23388
11693,0.995869,HIT,true,20512
11694,0.675691,MISS,,20774
11695,0.906831,HIT,true,19989
11696,0.877621,HIT,true,21158
11697,0.942052,HIT,true,22495
11698,0.926361,HIT,true,21426
11699,0.906748,HIT,true,23083
11700,0.840472,MISS,,19354
11701,0.532191,MISS,,27166
11702,0.739677,MISS,,19252
11703,0.394239,MISS,,23140
11704,0.908244,HIT,true,22857
11705,0.734924,MISS,,20550
11706,0.733545,MISS,,21061
11707,0.933393,HIT,true,21497
11708,0.917104,HIT,true,20405
11709,0.576515,MISS,,21332
11710,0.769375,MISS,,22943
11711,0.660132,MISS,,21632
11712,0.901761,HIT,true,23543
11713,0.854639,HIT,true,21075
11714,0.941255,HIT,true,20371
11715,0.706253,MISS,,22673
11716,0.720706,MISS,,24881
11717,0.938335,HIT,true,21068
11718,0.877201,HIT,true,20869
11719,0.925308,HIT,true,21143
11720,0.557967,MISS,,19607
11721,0.922505,HIT,true,19303
11722,0.521886,MISS,,24411
11723,0.959283,HIT,true,21108
11724,0.951779,HIT,false,19846
11725,0.523241,MISS,,20896
11726,0.685821,MISS,,31060
11727,0.893034,HIT,true,23041
11728,0.951766,HIT,true,23067
11729,0.917356,HIT,true,26037
11730,0.931831,HIT,true,23755
11731,0.836652,MISS,,20925
11732,0.926654,HIT,true,21661
11733,0.961444,HIT,false,19399
11734,0.755105,MISS,,23865
11735,0.480326,MISS,,21051
11736,0.857419,HIT,true,21354
11737,0.947390,HIT,true,21401
11738,0.888058,HIT,true,20718
11739,0.901993,HIT,true,19383
11740,0.683257,MISS,,22971
11741,0.491661,MISS,,22159
11742,0.888561,HIT,true,21858
11743,0.842592,MISS,,32553
11744,0.957245,HIT,true,19845
11745,0.866369,HIT,true,21761
11746,0.538502,MISS,,22151
11747,0.587161,MISS,,22311
11748,0.423184,MISS,,20539
11749,0.942615,HIT,true,20149
11750,0.873573,HIT,true,20207
11751,0.800749,MISS,,22233
11752,0.535094,MISS,,20753
11753,0.521523,MISS,,21542
11754,0.465998,MISS,,21782
11755,0.954359,HIT,true,20464
11756,0.707618,MISS,,20651
11757,0.484025,MISS,,19584
11758,0.662725,MISS,,22696
11759,0.982566,HIT,true,23356
11760,0.888779,HIT,true,21843
11761,0.843550,MISS,,19602
11762,0.784558,MISS,,19707
11763,0.944198,HIT,true,23529
11764,0.925979,HIT,true,24790
11765,0.606705,MISS,,29259
11766,0.691405,MISS,,30038
11767,0.974300,HIT,true,23683
11768,0.933593,HIT,true,21589
11769,0.983160,HIT,true,24047
11770,0.882919,HIT,true,23692
11771,0.865917,HIT,true,23867
11772,0.823638,MISS,,19761
11773,0.658898,MISS,,20332
11774,0.616513,MISS,,22848
11775,0.797962,MISS,,23575
11776,0.946994,HIT,true,23645
11777,0.994307,HIT,true,22564
11778,0.993670,HIT,false,19191
11779,0.755162,MISS,,20415
11780,0.816543,MISS,,21745
11781,0.902955,HIT,true,22439
11782,0.884508,HIT,true,23993
11783,0.930917,HIT,true,20701
11784,0.855726,HIT,false,22026
11785,0.880491,HIT,true,21906
11786,0.838855,MISS,,19545
11787,0.797376,MISS,,20497
11788,0.625684,MISS,,23616
11789,0.570409,MISS,,21438
11790,0.799679,MISS,,20945
11791,0.955717,HIT,true,19604
11792,0.777472,MISS,,20675
11793,0.384105,MISS,,21195
11794,0.945733,HIT,true,22290
11795,0.943597,HIT,true,20986
11796,0.945724,HIT,true,21612
11797,0.833172,MISS,,21236
11798,0.951889,HIT,true,23163
11799,0.904279,HIT,true,21919
11800,0.946136,HIT,true,21258
11801,0.719492,MISS,,23952
11802,0.995279,HIT,true,20821
11803,0.964751,HIT,true,22420
11804,0.897334,HIT,true,19172
11805,0.591299,MISS,,20101
11806,0.771420,MISS,,22299
11807,0.893805,HIT,true,24284
11808,0.468529,MISS,,20760
11809,0.964933,HIT,true,20100
11810,0.910622,HIT,false,34803
11811,0.802565,MISS,,82803
11812,0.908927,HIT,true,68034
11813,0.517170,MISS,,187174
11814,0.897713,HIT,true,52198
11815,0.420701,MISS,,25693
11816,0.861705,HIT,true,23547
11817,0.909700,HIT,true,23632
11818,0.557892,MISS,,21990
11819,0.922983,HIT,true,21965
11820,0.830989,MISS,,20572
11821,0.566539,MISS,,20619
11822,0.997572,HIT,true,20753
11823,0.715809,MISS,,23530
11824,0.877105,HIT,true,23049
11825,0.845705,MISS,,21148
11826,0.629403,MISS,,24125
11827,0.943817,HIT,true,19329
11828,0.996763,HIT,true,21602
11829,0.907472,HIT,true,22065
11830,0.800915,MISS,,22913
11831,0.377586,MISS,,19151
11832,0.948615,HIT,true,21220
11833,0.910070,HIT,true,20919
11834,0.653734,MISS,,21481
11835,0.989623,HIT,true,22862
11836,0.521599,MISS,,21602
11837,0.869725,HIT,true,22950
11838,0.645652,MISS,,23564
11839,0.861166,HIT,true,21876
11840,0.537577,MISS,,22954
11841,0.898469,HIT,true,23511
11842,0.870870,HIT,true,23130
11843,0.936597,HIT,true,19680
11844,0.917759,HIT,true,19557
11845,0.777663,MISS,,21459
11846,0.952775,HIT,true,20980
11847,0.994584,HIT,true,20569
11848,0.857705,HIT,false,23814
11849,0.922400,HIT,true,20940
11850,0.981005,HIT,true,20358
11851,0.523426,MISS,,20801
11852,0.836622,MISS,,20537
11853,0.985384,HIT,true,22824
11854,0.782788,MISS,,22129
11855,0.952941,HIT,true,20392
11856,0.724107,MISS,,21165
11857,0.838195,MISS,,20570
11858,0.843279,MISS,,21840
11859,0.951158,HIT,true,19773
11860,0.737713,MISS,,22698
11861,0.581213,MISS,,24006
11862,0.911685,HIT,true,21641
11863,0.983106,HIT,true,20604
11864,0.885288,HIT,true,21470
11865,0.882482,HIT,true,20450
11866,0.908540,HIT,true,22499
11867,0.686978,MISS,,20804
11868,0.969865,HIT,true,23032
11869,0.843013,MISS,,19422
11870,0.785780,MISS,,21114
11871,0.523891,MISS,,20635
11872,0.752528,MISS,,24552
11873,0.937224,HIT,true,21665
11874,0.652572,MISS,,20562
11875,0.876318,HIT,true,21941
11876,0.525093,MISS,,22759
11877,0.939897,HIT,true,19275
11878,0.878154,HIT,true,24265
11879,0.869965,HIT,true,24070
11880,0.918809,HIT,true,22069
11881,0.889972,HIT,true,23588
11882,0.661857,MISS,,26441
11883,0.662337,MISS,,29648
11884,0.600832,MISS,,26972
11885,0.656089,MISS,,25033
11886,0.680012,MISS,,22730
11887,0.979020,HIT,true,23779
11888,0.889795,HIT,true,23353
11889,0.872853,HIT,true,25937
11890,0.629211,MISS,,21988
11891,0.793777,MISS,,21668
11892,0.477584,MISS,,21150
11893,0.603604,MISS,,20563
11894,0.851538,HIT,true,22188
11895,0.983797,HIT,true,22453
11896,0.513039,MISS,,22834
11897,0.649661,MISS,,24412
11898,0.639859,MISS,,22378
11899,0.872481,HIT,true,19563
11900,0.951553,HIT,true,24179
11901,0.987922,HIT,true,23823
11902,0.848883,MISS,,22240
11903,0.949705,HIT,true,22357
11904,0.975592,HIT,true,23908
11905,0.941566,HIT,true,26808
11906,0.829231,MISS,,26948
11907,0.913732,HIT,false,30331
11908,0.461838,MISS,,26831
11909,0.913020,HIT,true,24874
11910,0.885383,HIT,true,23486
11911,0.861440,HIT,true,23277
11912,0.693958,MISS,,21053
11913,0.961517,HIT,true,21201
11914,0.939897,HIT,true,20340
11915,0.592481,MISS,,21600
11916,0.815847,MISS,,20292
11917,0.989003,HIT,true,37117
11918,0.701308,MISS,,23029
11919,0.999093,HIT,true,20358
11920,0.905322,HIT,true,22469
11921,0.844311,MISS,,21325
11922,0.654325,MISS,,22352
11923,0.536937,MISS,,23066
11924,0.977996,HIT,true,23863
11925,0.898239,HIT,true,19480
11926,0.978865,HIT,true,21222
11927,0.967912,HIT,true,20302
11928,0.586339,MISS,,21137
11929,0.766583,MISS,,22625
11930,0.831412,MISS,,23575
11931,0.727610,MISS,,21329
11932,0.907968,HIT,false,20246
11933,0.565727,MISS,,19951
11934,0.634106,MISS,,21363
11935,0.951261,HIT,true,22073
11936,0.974469,HIT,true,21956
11937,0.944806,HIT,true,20526
11938,0.650870,MISS,,19576
11939,0.875147,HIT,true,20421
11940,0.709457,MISS,,20979
11941,0.727687,MISS,,19720
11942,0.716987,MISS,,21164
11943,0.916851,HIT,true,23608
11944,0.871231,HIT,true,21547
11945,0.938624,HIT,true,20378
11946,0.324647,MISS,,21332
11947,0.698925,MISS,,21485
11948,0.935052,HIT,true,22882
11949,0.848992,MISS,,20472
11950,0.866958,HIT,true,21111
11951,0.892400,HIT,true,20884
11952,0.988098,HIT,true,20313
11953,0.940273,HIT,true,19339
11954,0.636057,MISS,,19511
11955,0.957384,HIT,true,23914
11956,0.656451,MISS,,20425
11957,0.839093,MISS,,21507
11958,0.918545,HIT,true,19506
11959,0.813555,MISS,,19699
11960,0.630466,MISS,,21692
11961,0.951096,HIT,true,22071
11962,0.916555,HIT,true,22055
11963,0.492765,MISS,,21073
11964,0.860832,HIT,true,20862
11965,0.446086,MISS,,20417
11966,0.370524,MISS,,19827
11967,0.403309,MISS,,21387
11968,0.938607,HIT,true,22418
11969,0.890779,HIT,true,21059
11970,0.813823,MISS,,20161
11971,0.941831,HIT,true,21954
11972,0.722767,MISS,,20961
11973,0.599810,MISS,,21872
11974,0.768733,MISS,,23858
11975,0.895011,HIT,true,21026
11976,0.696422,MISS,,20165
11977,0.966004,HIT,true,20601
11978,0.456704,MISS,,23683
11979,0.992123,HIT,true,21904
11980,0.845773,MISS,,21891
11981,0.969416,HIT,true,20928
11982,0.419385,MISS,,21703
11983,0.919791,HIT,true,20000
11984,0.756166,MISS,,19649
11985,0.981040,HIT,true,21052
11986,0.714302,MISS,,22162
11987,0.898395,HIT,true,22745
11988,0.800474,MISS,,19432
11989,0.775787,MISS,,19665
11990,0.791790,MISS,,21902
11991,0.940704,HIT,true,21980
11992,0.697211,MISS,,21263
11993,0.549531,MISS,,21709
11994,0.933398,HIT,true,21737
11995,0.458123,MISS,,19269
11996,0.910302,HIT,true,22761
11997,0.468970,MISS,,23358
11998,0.867276,HIT,false,22144
11999,0.811009,MISS,,23938
12000,0.929164,HIT,true,21481
12001,0.912295,HIT,true,21076
12002,0.747111,MISS,,19229
12003,0.681048,MISS,,21077
12004,0.531841,MISS,,19823
12005,0.934714,HIT,true,21657
12006,0.770922,MISS,,23344
12007,0.902840,HIT,true,19412
12008,0.893829,HIT,true,20137
12009,0.951851,HIT,true,22180
12010,0.990987,HIT,true,19630
12011,0.708098,MISS,,24663
12012,0.967201,HIT,true,20489
12013,0.897601,HIT,true,21002
12014,0.990436,HIT,true,19188
12015,0.389700,MISS,,20336
12016,0.870689,HIT,true,19220
12017,0.984418,HIT,true,23055
12018,0.921112,HIT,true,21472
12019,0.925088,HIT,true,19517
12020,0.704492,MISS,,22183
12021,0.650818,MISS,,20974
12022,0.850351,HIT,false,20384
12023,0.745591,MISS,,21297
12024,0.976918,HIT,true,23102
12025,0.992168,HIT,true,21883
12026,0.978981,HIT,true,20906
12027,0.582610,MISS,,21790
12028,0.998291,HIT,true,20369
12029,0.842048,MISS,,20357
12030,0.475594,MISS,,21742
12031,0.619094,MISS,,21376
12032,0.836129,MISS,,19801
12033,0.677226,MISS,,19519
12034,0.821494,MISS,,20932
12035,0.793341,MISS,,19114
12036,0.870342,HIT,true,22151
12037,0.926737,HIT,true,22674
12038,0.469280,MISS,,19902
12039,0.464946,MISS,,20909
12040,0.758558,MISS,,20518
12041,0.910092,HIT,false,19180
12042,0.659817,MISS,,19343
12043,0.501453,MISS,,22596
12044,0.744418,MISS,,23855
12045,0.975212,HIT,true,19955
12046,0.468995,MISS,,19135
12047,0.914099,HIT,true,21467
12048,0.812812,MISS,,21762
12049,0.693313,MISS,,20485
12050,0.574177,MISS,,21854
12051,0.541400,MISS,,22895
12052,0.934445,HIT,true,21051
12053,0.743374,MISS,,22721
12054,0.707563,MISS,,19945
12055,0.975926,HIT,true,24651
12056,0.484138,MISS,,25973
12057,0.522066,MISS,,26197
12058,0.898430,HIT,true,22055
12059,0.782710,MISS,,24563
12060,0.621246,MISS,,24838
12061,0.409794,MISS,,30494
12062,0.822145,MISS,,24748
12063,0.471667,MISS,,23739
12064,0.957882,HIT,true,23102
12065,0.787041,MISS,,25458
12066,0.817539,MISS,,27746
12067,0.908285,HIT,true,26033
12068,0.716288,MISS,,24898
12069,0.951361,HIT,true,26141
12070,0.531735,MISS,,26772
12071,0.825129,MISS,,27841
12072,0.818253,MISS,,23529
12073,0.531244,MISS,,26267
12074,0.877519,HIT,true,24274
12075,0.835177,MISS,,21499
12076,0.764978,MISS,,28469
12077,0.569838,MISS,,26369
12078,0.969257,HIT,true,23715
12079,0.516574,MISS,,22339
12080,0.923799,HIT,true,24278
12081,0.618975,MISS,,27009
12082,0.808331,MISS,,26871
12083,0.938131,HIT,true,25724
12084,0.872741,HIT,true,26454
12085,0.947522,HIT,true,24036
12086,0.735608,MISS,,20738
12087,0.994113,HIT,true,22800
12088,0.867967,HIT,true,24748
12089,0.947886,HIT,true,22198
12090,0.825514,MISS,,21847
12091,0.982464,HIT,true,22356
12092,0.838227,MISS,,20467
12093,0.846517,MISS,,22185
12094,0.896415,HIT,false,23123
12095,0.980248,HIT,true,22378
12096,0.778814,MISS,,19500
12097,0.909165,HIT,true,19116
12098,0.942532,HIT,true,22561
12099,0.477005,MISS,,25005
12100,0.863847,HIT,true,23230
12101,0.873399,HIT,false,23919
12102,0.971689,HIT,true,21496
12103,0.734031,MISS,,35191
12104,0.748100,MISS,,25900
12105,0.872632,HIT,true,21442
12106,0.639001,MISS,,23330
12107,0.921934,HIT,true,19501
12108,0.845976,MISS,,21142
12109,0.960010,HIT,true,20360
12110,0.746669,MISS,,24100
12111,0.901076,HIT,true,23020
12112,0.795757,MISS,,23013
12113,0.833933,MISS,,22776
12114,0.951977,HIT,true,21364
12115,0.392083,MISS,,25144
12116,0.908773,HIT,true,24512
12117,0.724195,MISS,,24489
12118,0.748566,MISS,,21009
12119,0.414612,MISS,,20698
12120,0.942352,HIT,true,20337
12121,0.998176,HIT,true,20994
12122,0.945721,HIT,false,23097
12123,0.725601,MISS,,23870
12124,0.908424,HIT,true,21681
12125,0.966703,HIT,true,22435
12126,0.871082,HIT,true,21577
12127,0.769051,MISS,,22055
12128,0.954635,HIT,true,23463
12129,0.507620,MISS,,22350
12130,0.950037,HIT,true,20563
12131,0.797664,MISS,,21583
12132,0.872651,HIT,true,21235
12133,0.892960,HIT,true,23896
12134,0.710656,MISS,,22604
12135,0.712214,MISS,,21907
12136,0.931916,HIT,false,22004
12137,0.794856,MISS,,20149
12138,0.376121,MISS,,19146
12139,0.906419,HIT,true,22193
12140,0.772527,MISS,,23791
12141,0.992113,HIT,true,19464
12142,0.911429,HIT,true,21325
12143,0.959734,HIT,true,20349
12144,0.998798,HIT,true,19640
12145,0.833120,MISS,,19251
12146,0.954306,HIT,true,22992
12147,0.995085,HIT,true,21270
12148,0.953683,HIT,true,19875
12149,0.971944,HIT,true,19219
12150,0.960265,HIT,true,19236
12151,0.998507,HIT,true,21102
12152,0.836749,MISS,,22540
12153,0.843201,MISS,,22442
12154,0.597182,MISS,,19307
12155,0.804755,MISS,,22306
12156,0.779743,MISS,,24039
12157,0.575961,MISS,,21378
12158,0.704202,MISS,,22522
12159,0.953589,HIT,true,21636
12160,0.857024,HIT,true,20452
12161,0.919624,HIT,true,20752
12162,0.927213,HIT,true,20252
12163,0.996805,HIT,true,24074
12164,0.570948,MISS,,20962
12165,0.961332,HIT,true,23816
12166,0.825032,MISS,,22416
12167,0.923954,HIT,true,20182
12168,0.894453,HIT,true,19139
12169,0.854222,HIT,true,19404
12170,0.396185,MISS,,20738
12171,0.681278,MISS,,20808
12172,0.788708,MISS,,24425
12173,0.996550,HIT,true,26375
12174,0.581526,MISS,,27565
12175,0.534003,MISS,,23316
12176,0.795245,MISS,,22476
12177,0.776109,MISS,,22487
12178,0.980780,HIT,true,22267
12179,0.910697,HIT,true,19972
12180,0.755145,MISS,,20810
12181,0.972040,HIT,true,20780
12182,0.924219,HIT,true,22355
12183,0.798649,MISS,,22410
12184,0.831439,MISS,,21188
12185,0.811208,MISS,,23680
12186,0.876365,HIT,true,19568
12187,0.946200,HIT,true,19886
12188,0.971090,HIT,true,19620
12189,0.781063,MISS,,20178
12190,0.440771,MISS,,21311
12191,0.904681,HIT,true,21540
12192,0.878887,HIT,true,20242
12193,0.906354,HIT,true,19470
12194,0.964446,HIT,true,19511
12195,0.870471,HIT,true,19329
12196,0.659528,MISS,,21664
12197,0.621897,MISS,,21373
12198,0.735204,MISS,,20904
12199,0.992751,HIT,true,19575
12200,0.642892,MISS,,19267
12201,0.902067,HIT,true,20087
12202,0.959593,HIT,true,20393
12203,0.513508,MISS,,23441
12204,0.955344,HIT,true,21408
12205,0.896346,HIT,true,19897
12206,0.896096,HIT,true,19571
12207,0.726274,MISS,,21508
12208,0.991860,HIT,true,23758
12209,0.930348,HIT,true,24767
12210,0.777682,MISS,,24151
12211,0.832519,MISS,,21444
12212,0.851568,HIT,true,21171
12213,0.828908,MISS,,20674
12214,0.949081,HIT,true,21499
12215,0.650894,MISS,,23082
12216,0.745034,MISS,,22065
12217,0.835962,MISS,,20915
12218,0.881151,HIT,true,19813
12219,0.992545,HIT,true,20192
12220,0.878834,HIT,true,20610
12221,0.974320,HIT,true,23750
12222,0.938390,HIT,true,20364
12223,0.982541,HIT,true,19394
12224,0.986574,HIT,true,20154
12225,0.899859,HIT,true,19198
12226,0.962041,HIT,true,19797
12227,0.639145,MISS,,22215
12228,0.949406,HIT,true,23350
12229,0.980797,HIT,true,24315
12230,0.906755,HIT,true,20598
12231,0.821480,MISS,,20849
12232,0.808398,MISS,,19681
12233,0.994883,HIT,true,20537
12234,0.690108,MISS,,21880
12235,0.754091,MISS,,19903
12236,0.597409,MISS,,20019
12237,0.731890,MISS,,19114
12238,0.689236,MISS,,19154
12239,0.936880,HIT,true,20290
12240,0.884508,HIT,false,22756
12241,0.986870,HIT,true,20193
12242,0.956572,HIT,true,19127
12243,0.879026,HIT,true,19468
12244,0.994437,HIT,true,22429
12245,0.978151,HIT,true,19594
12246,0.705303,MISS,,20515
12247,0.573612,MISS,,22232
12248,0.711074,MISS,,19580
12249,0.492082,MISS,,19220
12250,0.719150,MISS,,19776
12251,0.885541,HIT,true,19700
12252,0.810431,MISS,,21179
12253,0.792392,MISS,,24761
12254,0.673702,MISS,,21546
12255,0.964371,HIT,true,21938
12256,0.962028,HIT,true,21725
12257,0.454106,MISS,,21599
12258,0.956202,HIT,true,19629
12259,0.960604,HIT,true,21654
12260,0.799706,MISS,,23011
12261,0.929450,HIT,true,19685
12262,0.882654,HIT,true,20312
12263,0.843778,MISS,,20441
12264,0.936371,HIT,true,19252
12265,0.677422,MISS,,20593
12266,0.721886,MISS,,21755
12267,0.900894,HIT,true,21778
12268,0.998977,HIT,true,20436
12269,0.742836,MISS,,19556
12270,0.523571,MISS,,19857
12271,0.946755,HIT,true,20173
12272,0.513623,MISS,,20153
12273,0.966215,HIT,true,22004
12274,0.895386,HIT,true,19303
12275,0.891498,HIT,true,20357
12276,0.943751,HIT,true,19297
12277,0.516503,MISS,,20107
12278,0.973406,HIT,true,20406
12279,0.613221,MISS,,23429
12280,0.950874,HIT,true,21091
12281,0.867745,HIT,true,19148
12282,0.987130,HIT,true,19201
12283,0.721750,MISS,,20378
12284,0.695065,MISS,,19403
12285,0.790369,MISS,,21063
12286,0.602233,MISS,,20901
12287,0.833519,MISS,,20728
12288,0.941724,HIT,true,20612
12289,0.910017,HIT,true,19564
12290,0.924476,HIT,true,19669
12291,0.976040,HIT,true,20250
12292,0.473624,MISS,,21733
12293,0.990935,HIT,true,20881
12294,0.864544,HIT,true,19145
12295,0.395664,MISS,,20271
12296,0.983174,HIT,true,19129
12297,0.883154,HIT,true,19117
12298,0.640717,MISS,,22382
12299,0.767735,MISS,,20501
12300,0.954409,HIT,true,19726
12301,0.980992,HIT,true,32811
12302,0.809386,MISS,,19854
12303,0.556617,MISS,,22413
12304,0.941224,HIT,true,21958
12305,0.793143,MISS,,19185
12306,0.954654,HIT,true,19642
12307,0.538138,MISS,,20061
12308,0.483409,MISS,,19177
12309,0.785702,MISS,,20060
12310,0.894199,HIT,true,22541
12311,0.989814,HIT,true,25069
12312,0.939209,HIT,true,20681
12313,0.967791,HIT,true,20686
12314,0.819104,MISS,,20441
12315,0.709498,MISS,,19455
12316,0.875352,HIT,true,20951
12317,0.468548,MISS,,20736
12318,0.994005,HIT,true,20135
12319,0.419692,MISS,,19653
12320,0.902986,HIT,true,19149
12321,0.940375,HIT,true,19643
12322,0.856798,HIT,true,19149
12323,0.435956,MISS,,22100
12324,0.927748,HIT,true,23997
12325,0.865269,HIT,true,21757
12326,0.561190,MISS,,23417
12327,0.934404,HIT,true,20085
12328,0.884980,HIT,true,20125
12329,0.941492,HIT,true,19893
12330,0.848036,MISS,,22875
12331,0.910806,HIT,true,20522
12332,0.761114,MISS,,20859
12333,0.975778,HIT,true,19106
12334,0.902527,HIT,true,20311
12335,0.924083,HIT,true,19297
12336,0.898551,HIT,true,21025
12337,0.912552,HIT,true,21255
12338,0.560377,MISS,,19796
12339,0.617860,MISS,,19436
12340,0.938725,HIT,true,19356
12341,0.932627,HIT,true,19577
12342,0.632395,MISS,,19329
12343,0.646687,MISS,,23416
12344,0.843770,MISS,,19576
12345,0.887610,HIT,false,19251
12346,0.733485,MISS,,19567
12347,0.965586,HIT,true,19793
12348,0.994194,HIT,true,19216
12349,0.548165,MISS,,20704
12350,0.941640,HIT,true,19804
12351,0.574884,MISS,,20727
12352,0.967476,HIT,true,19158
12353,0.732443,MISS,,19636
12354,0.925512,HIT,true,19696
12355,0.978481,HIT,true,19981
12356,0.971855,HIT,true,21714
12357,0.916792,HIT,true,20673
12358,0.704695,MISS,,19200
12359,0.632545,MISS,,20345
12360,0.969512,HIT,true,19120
12361,0.604730,MISS,,19566
12362,0.968368,HIT,true,19868
12363,0.506045,MISS,,21867
12364,0.962656,HIT,true,20504
12365,0.531845,MISS,,19365
12366,0.562684,MISS,,19180
12367,0.941260,HIT,true,20379
12368,0.771384,MISS,,19433
12369,0.878704,HIT,true,21693
12370,0.905852,HIT,true,30857
12371,0.785548,MISS,,30606
12372,0.801294,MISS,,28469
12373,0.968454,HIT,true,23231
12374,0.963550,HIT,false,25714
12375,0.421698,MISS,,23394
12376,0.880910,HIT,true,20810
12377,0.800110,MISS,,20475
12378,0.591080,MISS,,19849
12379,0.628604,MISS,,20479
12380,0.653464,MISS,,21368
12381,0.920082,HIT,true,21098
12382,0.882873,HIT,true,20209
12383,0.746736,MISS,,20492
12384,0.743156,MISS,,20142
12385,0.981019,HIT,true,20094
12386,0.512844,MISS,,21212
12387,0.962758,HIT,true,21346
12388,0.951416,HIT,true,20750
12389,0.912459,HIT,true,20703
12390,0.480879,MISS,,19646
12391,0.847835,MISS,,19297
12392,0.889343,HIT,true,19326
12393,0.732543,MISS,,21940
12394,0.842393,MISS,,19350
12395,0.575313,MISS,,19914
12396,0.987222,HIT,true,19290
12397,0.745320,MISS,,20040
12398,0.515213,MISS,,19689
12399,0.784490,MISS,,19633
12400,0.772645,MISS,,21653
12401,0.997193,HIT,true,20520
12402,0.995574,HIT,true,21333
12403,0.736085,MISS,,20024
12404,0.901541,HIT,true,19443
12405,0.928003,HIT,true,21302
12406,0.945040,HIT,true,19950
12407,0.815740,MISS,,21387
12408,0.970018,HIT,true,20311
12409,0.946679,HIT,true,19744
12410,0.955103,HIT,true,19589
12411,0.935480,HIT,true,19206
12412,0.913587,HIT,true,19380
12413,0.684663,MISS,,21808
12414,0.851608,HIT,true,19340
12415,0.763075,MISS,,19266
12416,0.875845,HIT,true,19525
12417,0.873174,HIT,true,19495
12418,0.924230,HIT,true,19726
12419,0.888366,HIT,true,19676
12420,0.498808,MISS,,21116
12421,0.995800,HIT,true,19675
12422,0.316367,MISS,,22240
12423,0.948128,HIT,true,19390
12424,0.998087,HIT,true,23190
12425,0.691229,MISS,,26205
12426,0.651580,MISS,,25951
12427,0.926438,HIT,true,23759
12428,0.751781,MISS,,21163
12429,0.539298,MISS,,20755
12430,0.810178,MISS,,20339
12431,0.915111,HIT,false,19803
12432,0.712974,MISS,,21214
12433,0.562793,MISS,,20961
12434,0.950722,HIT,true,19237
12435,0.905391,HIT,true,20085
12436,0.923532,HIT,true,19301
12437,0.684519,MISS,,19845
12438,0.900215,HIT,true,20223
12439,0.684249,MISS,,20502
12440,0.902315,HIT,true,19940
12441,0.978455,HIT,true,20594
12442,0.622668,MISS,,19230
12443,0.954161,HIT,true,19648
12444,0.905800,HIT,true,19190
12445,0.987095,HIT,true,21686
12446,0.983128,HIT,true,19486
12447,0.707539,MISS,,19177
12448,0.934430,HIT,true,19530
12449,0.941541,HIT,true,20251
12450,0.872788,HIT,true,19712
12451,0.685345,MISS,,19554
12452,0.990399,HIT,true,21209
12453,0.988406,HIT,true,19884
12454,0.947199,HIT,true,19693
12455,0.891721,HIT,true,20496
12456,0.966371,HIT,true,20398
12457,0.743903,MISS,,20034
12458,0.992212,HIT,true,20072
12459,0.744325,MISS,,22467
12460,0.556590,MISS,,20222
12461,0.965726,HIT,true,20431
12462,0.544050,MISS,,19179
12463,0.496431,MISS,,19064
12464,0.888811,HIT,true,19551
12465,0.997912,HIT,true,21136
12466,0.908679,HIT,true,20049
12467,0.921841,HIT,true,19229
12468,0.808004,MISS,,19252
12469,0.984474,HIT,true,19493
12470,0.984488,HIT,true,19856
12471,0.840262,MISS,,19654
12472,0.809458,MISS,,20987
12473,0.490706,MISS,,19107
12474,0.496935,MISS,,20680
12475,0.995694,HIT,true,21702
12476,0.857469,HIT,false,24207
12477,0.834025,MISS,,27315
12478,0.980776,HIT,true,26665
12479,0.814580,MISS,,20584
12480,0.865393,HIT,true,19788
12481,0.870302,HIT,true,21550
12482,0.938436,HIT,true,19985
12483,0.943627,HIT,true,21538
12484,0.756751,MISS,,22078
12485,0.987655,HIT,true,21528
12486,0.983770,HIT,true,19616
12487,0.800068,MISS,,19631
12488,0.631806,MISS,,20516
12489,0.797467,MISS,,21328
12490,0.577563,MISS,,22647
12491,0.722953,MISS,,22410
12492,0.936276,HIT,true,23165
12493,0.860373,HIT,true,20467
12494,0.768017,MISS,,21501
12495,0.988862,HIT,true,20944
12496,0.909500,HIT,true,22658
12497,0.986354,HIT,true,35833
12498,0.837579,MISS,,21245
12499,0.936230,HIT,true,19827
12500,0.828287,MISS,,21018
12501,0.724621,MISS,,19468
12502,0.958817,HIT,true,20700
12503,0.411745,MISS,,19863
12504,0.926329,HIT,false,20130
12505,0.657679,MISS,,19849
12506,0.981991,HIT,true,19252
12507,0.615320,MISS,,19325
12508,0.995617,HIT,true,21736
12509,0.608542,MISS,,19728
12510,0.912536,HIT,true,19205
12511,0.808437,MISS,,19316
12512,0.633419,MISS,,20144
12513,0.986158,HIT,true,19093
12514,0.945494,HIT,true,19620
12515,0.836623,MISS,,21190
12516,0.535902,MISS,,19872
12517,0.851084,HIT,true,19863
12518,0.868300,HIT,true,19091
12519,0.839432,MISS,,19882
12520,0.571391,MISS,,20047
12521,0.986789,HIT,true,19663
12522,0.726712,MISS,,21687
12523,0.459661,MISS,,22289
12524,0.907107,HIT,false,20838
12525,0.612462,MISS,,20849
12526,0.799805,MISS,,22607
12527,0.839225,MISS,,21360
12528,0.797825,MISS,,23991
12529,0.810765,MISS,,22711
12530,0.967054,HIT,true,25147
12531,0.920992,HIT,true,22633
12532,0.910279,HIT,true,23294
12533,0.683602,MISS,,27399
12534,0.861054,HIT,true,26274
12535,0.890730,HIT,false,26463
12536,0.912910,HIT,true,19865
12537,0.862343,HIT,false,21257
12538,0.991306,HIT,true,23776
12539,0.711350,MISS,,24688
12540,0.989993,HIT,true,25008
12541,0.869367,HIT,true,20902
12542,0.891966,HIT,false,20840
12543,0.971660,HIT,true,21553
12544,0.614460,MISS,,23175
12545,0.598420,MISS,,27824
12546,0.927419,HIT,true,26377
12547,0.924049,HIT,true,24152
12548,0.848787,MISS,,23681
12549,0.909244,HIT,true,24210
12550,0.906081,HIT,true,24688
12551,0.973374,HIT,true,22392
12552,0.965097,HIT,true,20451
12553,0.944117,HIT,true,22855
12554,0.927097,HIT,true,21375
12555,0.949032,HIT,true,20978
12556,0.767365,MISS,,20684
12557,0.683136,MISS,,23564
12558,0.886652,HIT,true,20743
12559,0.986521,HIT,true,23546
12560,0.938893,HIT,true,20805
12561,0.924933,HIT,true,20062
12562,0.402382,MISS,,21162
12563,0.498091,MISS,,20522
12564,0.762007,MISS,,19948
12565,0.458840,MISS,,23321
12566,0.940538,HIT,true,23085
12567,0.884285,HIT,true,23672
12568,0.823733,MISS,,22110
12569,0.960373,HIT,true,23120
12570,0.658352,MISS,,25887
12571,0.869670,HIT,true,26086
12572,0.505658,MISS,,22572
12573,0.925976,HIT,true,23392
12574,0.975599,HIT,true,24696
12575,0.520582,MISS,,22639
12576,0.721764,MISS,,20278
12577,0.990333,HIT,true,19987
12578,0.928338,HIT,true,20572
12579,0.639979,MISS,,19793
12580,0.968960,HIT,true,21012
12581,0.808311,MISS,,19842
12582,0.554882,MISS,,19577
12583,0.509280,MISS,,19791
12584,0.477139,MISS,,19323
12585,0.752709,MISS,,19810
12586,0.858443,HIT,true,19869
12587,0.905980,HIT,true,23425
12588,0.972601,HIT,true,19761
12589,0.893015,HIT,true,20178
12590,0.838189,MISS,,20047
12591,0.902717,HIT,true,19772
12592,0.962249,HIT,true,19847
12593,0.846697,MISS,,20799
12594,0.844040,MISS,,20830
12595,0.737388,MISS,,19291
12596,0.916637,HIT,true,19291
12597,0.624361,MISS,,19801
12598,0.634881,MISS,,20444
12599,0.869754,HIT,true,19211
12600,0.832715,MISS,,21449
12601,0.558449,MISS,,19441
12602,0.702035,MISS,,21866
12603,0.883903,HIT,true,19651
12604,0.838030,MISS,,19285
12605,0.935659,HIT,true,19578
12606,0.792752,MISS,,20551
12607,0.834494,MISS,,20527
12608,0.912005,HIT,true,19164
12609,0.979564,HIT,true,19106
12610,0.938932,HIT,true,20587
12611,0.989907,HIT,true,19411
12612,0.639359,MISS,,19156
12613,0.838534,MISS,,21349
12614,0.912250,HIT,true,20354
12615,0.898824,HIT,true,20440
12616,0.902196,HIT,true,19997
12617,0.935109,HIT,true,19150
12618,0.599120,MISS,,19737
12619,0.853651,HIT,false,20260
12620,0.747761,MISS,,20446
12621,0.979077,HIT,true,20778
12622,0.977171,HIT,true,21148
12623,0.685748,MISS,,21814
12624,0.789853,MISS,,22809
12625,0.553192,MISS,,19158
12626,0.622252,MISS,,22550
12627,0.998071,HIT,true,19246
12628,0.820759,MISS,,19131
12629,0.924758,HIT,true,19874
12630,0.857237,HIT,true,19803
12631,0.602728,MISS,,19655
12632,0.875237,HIT,true,19106
12633,0.941996,HIT,true,21159
12634,0.923812,HIT,true,19855
12635,0.883528,HIT,false,19928
12636,0.920686,HIT,true,19106
12637,0.911588,HIT,true,19114
12638,0.803889,MISS,,19719
12639,0.971397,HIT,true,19715
12640,0.824043,MISS,,21070
12641,0.517610,MISS,,19960
12642,0.503875,MISS,,22599
12643,0.862586,HIT,true,20951
12644,0.506716,MISS,,19512
12645,0.706496,MISS,,19277
12646,0.950928,HIT,true,21651
12647,0.979487,HIT,true,19791
12648,0.603226,MISS,,19757
12649,0.608702,MISS,,19204
12650,0.611652,MISS,,19797
12651,0.968594,HIT,true,21217
12652,0.884674,HIT,true,19145
12653,0.851626,HIT,false,23251
12654,0.659435,MISS,,19727
12655,0.800964,MISS,,21623
12656,0.945721,HIT,true,19636
12657,0.518639,MISS,,20046
12658,0.794448,MISS,,19271
12659,0.916513,HIT,true,22002
12660,0.944138,HIT,true,19684
12661,0.945737,HIT,true,19721
12662,0.615107,MISS,,21979
12663,0.926222,HIT,true,20021
12664,0.601049,MISS,,21510
12665,0.816702,MISS,,24554
12666,0.998608,HIT,true,28422
12667,0.888849,HIT,true,30510
12668,0.576234,MISS,,29337
12669,0.593744,MISS,,34034
12670,0.799167,MISS,,29814
12671,0.950252,HIT,true,26351
12672,0.947282,HIT,true,26032
12673,0.864464,HIT,true,28472
12674,0.909534,HIT,true,24779
12675,0.707640,MISS,,29350
12676,0.937648,HIT,true,23512
12677,0.892118,HIT,true,26709
12678,0.925112,HIT,true,22698
12679,0.833793,MISS,,21382
12680,0.877210,HIT,true,20310
12681,0.823812,MISS,,20744
12682,0.667064,MISS,,21463
12683,0.778583,MISS,,19765
12684,0.787703,MISS,,19541
12685,0.588188,MISS,,19493
12686,0.810922,MISS,,34219
12687,0.938856,HIT,true,20646
12688,0.641391,MISS,,20654
12689,0.902973,HIT,true,21628
12690,0.969872,HIT,true,21390
12691,0.916954,HIT,true,19559
12692,0.863229,HIT,true,19959
12693,0.970165,HIT,true,21412
12694,0.428196,MISS,,21872
12695,0.619847,MISS,,20218
12696,0.811166,MISS,,19448
12697,0.988113,HIT,true,20377
12698,0.762914,MISS,,19893
12699,0.981105,HIT,true,21787
12700,0.598666,MISS,,20358
12701,0.895966,HIT,true,19961
12702,0.958299,HIT,true,19590
12703,0.993541,HIT,true,19728
12704,0.749749,MISS,,19785
12705,0.902704,HIT,true,20034
12706,0.988089,HIT,true,21233
12707,0.531331,MISS,,19747
12708,0.755748,MISS,,19393
12709,0.782338,MISS,,20936
12710,0.970034,HIT,true,19617
12711,0.606593,MISS,,19480
12712,0.991378,HIT,true,20597
12713,0.756672,MISS,,20420
12714,0.634423,MISS,,20504
12715,0.933112,HIT,false,19087
12716,0.496427,MISS,,19603
12717,0.691352,MISS,,19163
12718,0.735414,MISS,,20428
12719,0.994303,HIT,true,21344
12720,1.000000,HIT,true,19557
12721,0.968833,HIT,true,19705
12722,0.971042,HIT,true,20658
12723,0.967726,HIT,true,19051
12724,0.760695,MISS,,19779
12725,0.972022,HIT,true,19546
12726,0.920057,HIT,true,21852
12727,0.783195,MISS,,19189
12728,0.469185,MISS,,19085
12729,0.954413,HIT,true,19646
12730,0.647661,MISS,,19886
12731,0.924552,HIT,true,19894
12732,0.928603,HIT,true,21251
12733,0.799707,MISS,,20147
12734,0.717761,MISS,,20980
12735,0.751265,MISS,,20163
12736,0.960539,HIT,true,21260
12737,0.752631,MISS,,22272
12738,0.718059,MISS,,20739
12739,0.865226,HIT,true,22851
12740,0.971127,HIT,true,20504
12741,0.914631,HIT,true,20204
12742,0.970496,HIT,true,20199
12743,0.982531,HIT,true,19099
12744,0.704533,MISS,,19790
12745,0.987862,HIT,true,21077
12746,0.965811,HIT,true,23356
12747,0.866761,HIT,true,19544
12748,0.864875,HIT,true,19341
12749,0.953349,HIT,true,19655
12750,0.911617,HIT,true,20228
12751,0.945656,HIT,true,19963
12752,0.910205,HIT,true,20605
12753,0.887604,HIT,true,19400
12754,0.834745,MISS,,20538
12755,0.834552,MISS,,19326
12756,0.739180,MISS,,19114
12757,0.868510,HIT,false,20615
12758,0.833389,MISS,,22826
12759,0.941285,HIT,true,20884
12760,0.838580,MISS,,19296
12761,0.963869,HIT,true,19395
12762,0.861166,HIT,true,20529
12763,0.843503,MISS,,19230
12764,0.943342,HIT,true,20055
12765,0.596427,MISS,,21401
12766,0.825690,MISS,,20722
12767,0.908451,HIT,true,19711
12768,0.824301,MISS,,19164
12769,0.773341,MISS,,19170
12770,0.881169,HIT,true,20904
12771,0.900182,HIT,true,20484
12772,0.611481,MISS,,20349
12773,0.864940,HIT,true,19341
12774,0.896982,HIT,true,19966
12775,0.828675,MISS,,19851
12776,0.752369,MISS,,19258
12777,0.535316,MISS,,20956
12778,0.901960,HIT,true,24042
12779,0.753494,MISS,,21526
12780,0.882773,HIT,false,23075
12781,0.749711,MISS,,26308
12782,0.913692,HIT,true,26036
12783,0.803042,MISS,,20865
12784,0.845587,MISS,,22721
12785,0.934696,HIT,true,21076
12786,0.836199,MISS,,20461
12787,0.578712,MISS,,20070
12788,0.791807,MISS,,20674
12789,0.770519,MISS,,20785
12790,0.575892,MISS,,20134
12791,0.479396,MISS,,20869
12792,0.364625,MISS,,20328
12793,0.824013,MISS,,21820
12794,0.840643,MISS,,22671
12795,0.870992,HIT,true,21652
12796,0.976160,HIT,true,20206
12797,0.858522,HIT,true,21209
12798,0.816931,MISS,,19984
12799,0.372665,MISS,,20309
12800,0.601717,MISS,,19333
12801,0.583981,MISS,,21044
12802,0.954232,HIT,true,19294
12803,0.902969,HIT,true,21573
12804,0.980950,HIT,true,20769
12805,0.816288,MISS,,20638
12806,0.888781,HIT,true,20308
12807,0.921455,HIT,true,20078
12808,0.549445,MISS,,19309
12809,0.816394,MISS,,20764
12810,0.979175,HIT,true,20708
12811,0.520895,MISS,,20050
12812,0.906655,HIT,true,19327
12813,0.908529,HIT,true,20497
12814,0.773556,MISS,,19951
12815,0.709771,MISS,,19165
12816,0.915895,HIT,true,20239
12817,0.786853,MISS,,20942
12818,0.858416,HIT,true,19385
12819,0.941664,HIT,true,20015
12820,0.914511,HIT,true,19222
12821,0.859914,HIT,true,19437
12822,0.979606,HIT,true,20164
12823,0.779967,MISS,,21196
12824,0.949670,HIT,true,19447
12825,0.980574,HIT,true,20629
12826,0.997132,HIT,true,20349
12827,0.838083,MISS,,19614
12828,0.928181,HIT,true,19388
12829,0.482722,MISS,,19656
12830,0.727772,MISS,,21521
12831,0.822117,MISS,,19294
12832,0.958019,HIT,false,19140
12833,0.934982,HIT,true,19585
12834,0.875116,HIT,true,19758
12835,0.909082,HIT,true,19847
12836,0.909278,HIT,true,20910
12837,0.545897,MISS,,19496
12838,0.846298,MISS,,20658
12839,0.985799,HIT,true,19415
12840,0.525385,MISS,,20864
12841,0.892864,HIT,true,19169
12842,0.903737,HIT,true,19926
12843,0.972914,HIT,true,19917
12844,0.876128,HIT,true,20668
12845,0.996831,HIT,true,19657
12846,0.940505,HIT,true,19744
12847,0.668552,MISS,,19277
12848,0.600912,MISS,,19584
12849,0.932786,HIT,true,20227
12850,0.718228,MISS,,24098
12851,0.886003,HIT,true,20082
12852,0.626634,MISS,,19834
12853,0.825317,MISS,,20084
12854,0.665455,MISS,,19974
12855,0.855444,HIT,true,20357
12856,0.963883,HIT,true,21369
12857,0.661216,MISS,,19654
12858,0.498766,MISS,,21397
12859,0.947885,HIT,true,19607
12860,0.869713,HIT,true,20769
12861,0.867201,HIT,true,19246
12862,0.561459,MISS,,21372
12863,0.895733,HIT,true,20091
12864,0.669411,MISS,,19712
12865,0.761663,MISS,,19453
12866,0.909634,HIT,true,20019
12867,0.858311,HIT,true,19890
12868,0.819611,MISS,,19270
12869,0.523412,MISS,,21552
12870,0.859267,HIT,true,20056
12871,0.667346,MISS,,19523
12872,0.967023,HIT,true,19779
12873,0.914239,HIT,true,19253
12874,0.643582,MISS,,19427
12875,0.949704,HIT,true,21327
12876,0.991562,HIT,true,21432
12877,0.755863,MISS,,19302
12878,0.789184,MISS,,19397
12879,0.820762,MISS,,20706
12880,0.406266,MISS,,19381
12881,0.630325,MISS,,19245
12882,0.957010,HIT,true,19957
12883,0.571138,MISS,,20963
12884,0.891382,HIT,true,19350
12885,0.437068,MISS,,19573
12886,0.921275,HIT,true,19291
12887,0.827411,MISS,,20133
12888,0.966433,HIT,true,19616
12889,0.900508,HIT,true,20855
12890,0.894109,HIT,true,20275
12891,0.752766,MISS,,22999
12892,0.959796,HIT,true,20739
12893,0.463083,MISS,,32709
12894,0.947774,HIT,true,20351
12895,0.919653,HIT,true,20109
12896,0.997397,HIT,true,20765
12897,0.933616,HIT,true,19768
12898,0.869706,HIT,true,19660
12899,0.743240,MISS,,19218
12900,0.877579,HIT,true,19993
12901,0.916530,HIT,true,20169
12902,0.968348,HIT,true,21802
12903,0.995930,HIT,true,19591
12904,0.957934,HIT,true,22470
12905,0.608684,MISS,,22202
12906,0.672894,MISS,,20839
12907,0.919881,HIT,true,23700
12908,0.929148,HIT,true,23394
12909,0.522691,MISS,,20621
12910,0.956401,HIT,true,20254
12911,0.922000,HIT,true,19475
12912,0.902627,HIT,true,19641
12913,0.858565,HIT,true,19719
12914,0.834033,MISS,,22389
12915,0.639041,MISS,,19732
12916,0.936958,HIT,true,19043
12917,0.848679,MISS,,19485
12918,0.936814,HIT,true,18622
12919,0.951509,HIT,true,20850
12920,0.948723,HIT,true,16770
12921,0.840756,MISS,,19339
12922,0.703302,MISS,,19696
12923,0.658298,MISS,,17832
12924,0.918764,HIT,true,18151
12925,0.937764,HIT,true,17479
12926,0.919854,HIT,true,18289
12927,0.401578,MISS,,19646
12928,0.881238,HIT,true,17692
12929,0.983907,HIT,true,19948
12930,0.956445,HIT,true,17811
12931,0.995198,HIT,true,18718
12932,0.754993,MISS,,17378
12933,0.886930,HIT,true,18250
12934,0.995054,HIT,true,16967
12935,0.935754,HIT,true,17062
12936,0.782684,MISS,,21435
12937,0.890250,HIT,true,18996
12938,0.820948,MISS,,16824
12939,0.886321,HIT,true,18614
12940,0.993105,HIT,true,17435
12941,0.928960,HIT,true,19082
12942,0.739498,MISS,,17907
12943,0.949274,HIT,true,19231
12944,0.722443,MISS,,18493
12945,0.845314,MISS,,19239
12946,0.859707,HIT,false,19103
12947,0.969428,HIT,true,19409
12948,0.693814,MISS,,17274
12949,0.835983,MISS,,18049
12950,0.891261,HIT,true,18442
12951,0.891992,HIT,true,20557
12952,0.973462,HIT,true,21224
12953,0.771568,MISS,,21255
12954,0.917288,HIT,true,19142
12955,0.867516,HIT,true,17572
12956,0.614714,MISS,,16766
12957,0.753707,MISS,,19644
12958,0.760300,MISS,,20322
12959,0.699535,MISS,,17796
12960,0.763100,MISS,,19220
12961,0.628984,MISS,,19742
12962,0.706839,MISS,,17779
12963,0.956318,HIT,true,18855
12964,0.549467,MISS,,19138
12965,0.954166,HIT,true,17385
12966,0.858943,HIT,true,19557
12967,0.710080,MISS,,18714
12968,0.800103,MISS,,17645
12969,0.915398,HIT,true,17669
12970,0.994533,HIT,true,16975
12971,0.758107,MISS,,20935
12972,0.976913,HIT,true,18399
12973,0.679884,MISS,,18634
12974,0.868744,HIT,true,17142
12975,0.935057,HIT,true,18395
12976,0.986152,HIT,true,18039
12977,0.960904,HIT,true,17921
12978,0.897011,HIT,true,19645
12979,0.590384,MISS,,19350
12980,0.951688,HIT,true,18503
12981,0.973051,HIT,true,17686
12982,0.783562,MISS,,17143
12983,0.903538,HIT,true,18955
12984,0.600929,MISS,,18728
12985,0.953961,HIT,true,19651
12986,0.986968,HIT,true,19532
12987,0.940612,HIT,true,17560
12988,0.848434,MISS,,17021
12989,0.906867,HIT,false,18967
12990,0.878073,HIT,true,18221
12991,0.982420,HIT,true,16925
12992,0.911314,HIT,true,19594
12993,0.740149,MISS,,19047
12994,0.961699,HIT,true,19717
12995,0.484768,MISS,,17826
12996,0.487580,MISS,,17842
12997,0.898450,HIT,true,19074
12998,0.905729,HIT,true,18164
12999,0.857715,HIT,true,18478
13000,0.924032,HIT,true,19512
13001,0.992319,HIT,true,18285
13002,0.784985,MISS,,18762
13003,0.929448,HIT,true,17546
13004,0.976339,HIT,true,16548
13005,0.951099,HIT,true,17090
13006,0.796671,MISS,,18519
13007,0.676446,MISS,,21438
13008,0.894281,HIT,true,19478
13009,0.822064,MISS,,17329
13010,0.750201,MISS,,19406
13011,0.946890,HIT,true,17466
13012,0.916458,HIT,false,16991
13013,0.974791,HIT,true,18369
13014,0.771068,MISS,,18566
13015,0.744842,MISS,,21375
13016,0.602379,MISS,,21233
13017,0.647623,MISS,,21994
13018,0.943231,HIT,true,17387
13019,0.875395,HIT,true,16877
13020,0.766998,MISS,,19127
13021,0.910939,HIT,true,19559
13022,0.935443,HIT,true,17942
13023,0.817317,MISS,,19853
13024,0.604852,MISS,,18520
13025,0.765897,MISS,,17598
13026,0.475144,MISS,,23191
13027,0.588120,MISS,,21274
13028,0.622910,MISS,,27552
13029,0.818033,MISS,,21077
13030,0.996105,HIT,true,20588
13031,0.841584,MISS,,19454
13032,0.892048,HIT,true,21714
13033,0.599200,MISS,,24222
13034,0.500921,MISS,,21195
13035,0.969072,HIT,true,19917
13036,0.878565,HIT,true,22875
13037,0.838028,MISS,,21888
13038,0.910460,HIT,true,18399
13039,0.928942,HIT,true,20663
13040,0.827342,MISS,,23081
13041,0.960359,HIT,true,21321
13042,0.657937,MISS,,21687
13043,0.812648,MISS,,25720
13044,0.976201,HIT,true,19253
13045,0.860098,HIT,true,19725
13046,0.797616,MISS,,25802
13047,0.588979,MISS,,21558
13048,0.937203,HIT,false,19878
13049,0.978223,HIT,true,19971
13050,0.828662,MISS,,22390
13051,0.431351,MISS,,20695
13052,0.818825,MISS,,22817
13053,0.722963,MISS,,20724
13054,0.966617,HIT,true,22529
13055,0.915842,HIT,true,20295
13056,0.840351,MISS,,21081
13057,0.697673,MISS,,19758
13058,0.731176,MISS,,24259
13059,0.887296,HIT,true,23049
13060,0.382854,MISS,,19920
13061,0.759831,MISS,,17851
13062,0.971956,HIT,true,18451
13063,0.766242,MISS,,19280
13064,0.500669,MISS,,18509
13065,0.534187,MISS,,18722
13066,0.995213,HIT,true,19414
13067,0.841642,MISS,,18698
13068,0.550915,MISS,,17769
13069,0.913993,HIT,true,16731
13070,0.785530,MISS,,18830
13071,0.793035,MISS,,17422
13072,0.974914,HIT,true,20220
13073,0.834152,MISS,,22277
13074,0.970479,HIT,true,19191
13075,0.600806,MISS,,18576
13076,0.997099,HIT,true,18241
13077,0.987763,HIT,true,18337
13078,0.993269,HIT,true,17204
13079,0.764269,MISS,,17293
13080,0.856418,HIT,true,19797
13081,0.980718,HIT,true,19079
13082,0.555201,MISS,,18306
13083,0.706796,MISS,,17127
13084,0.936681,HIT,true,16693
13085,0.903422,HIT,true,17886
13086,0.767344,MISS,,18641
13087,0.529113,MISS,,20368
13088,0.932940,HIT,true,18148
13089,0.809607,MISS,,17776
13090,0.993607,HIT,true,19662
13091,0.874374,HIT,true,17284
13092,0.820961,MISS,,16628
13093,0.958850,HIT,true,18630
13094,0.770425,MISS,,20354
13095,0.555163,MISS,,17882
13096,0.948245,HIT,true,18068
13097,0.982749,HIT,true,17629
13098,0.609964,MISS,,23496
13099,0.758494,MISS,,23419
13100,0.850623,HIT,true,22984
13101,0.941588,HIT,true,20249
13102,0.884035,HIT,true,19536
13103,0.619871,MISS,,29979
13104,0.877715,HIT,true,19614
13105,0.799377,MISS,,18558
13106,0.874339,HIT,true,17510
13107,0.888254,HIT,false,20913
13108,0.822825,MISS,,25249
13109,0.751389,MISS,,21104
13110,0.901178,HIT,true,20182
13111,0.931917,HIT,true,17827
13112,0.973332,HIT,true,17850
13113,0.647770,MISS,,19696
13114,0.856183,HIT,true,20744
13115,0.949094,HIT,true,17738
13116,0.849330,MISS,,18446
13117,0.414327,MISS,,18364
13118,0.789480,MISS,,18477
13119,0.813301,MISS,,18337
13120,0.601160,MISS,,17893
13121,0.787056,MISS,,19124
13122,0.966555,HIT,true,19104
13123,0.723991,MISS,,19212
13124,0.811093,MISS,,17084
13125,0.648445,MISS,,17827
13126,0.937881,HIT,true,17995
13127,0.909287,HIT,true,20380
13128,0.936581,HIT,true,20497
13129,0.996943,HIT,true,21960
13130,0.747628,MISS,,18471
13131,0.827972,MISS,,22179
13132,0.745117,MISS,,22271
13133,0.909527,HIT,true,24810
13134,0.951240,HIT,true,24317
13135,0.621675,MISS,,23988
13136,0.952724,HIT,true,20916
13137,0.952338,HIT,true,21814
13138,0.942175,HIT,true,21821
13139,0.863518,HIT,true,20276
13140,0.852214,HIT,true,23546
13141,0.943166,HIT,true,23283
13142,0.779235,MISS,,21236
13143,0.903553,HIT,true,22275
13144,0.709257,MISS,,22554
13145,0.568200,MISS,,26391
13146,0.488219,MISS,,22509
13147,0.644491,MISS,,22112
13148,0.976731,HIT,true,21799
13149,0.562703,MISS,,21693
13150,0.417629,MISS,,21776
13151,0.917616,HIT,true,27397
13152,0.932981,HIT,true,21523
13153,0.914944,HIT,true,18738
13154,0.889565,HIT,true,17705
13155,0.806578,MISS,,17219
13156,0.664885,MISS,,18704
13157,0.981871,HIT,true,21961
13158,0.990096,HIT,true,21904
13159,0.740002,MISS,,17887
13160,0.893676,HIT,true,20724
13161,0.934420,HIT,true,21691
13162,0.562526,MISS,,18149
13163,0.602621,MISS,,17636
13164,0.927516,HIT,true,17206
13165,0.657107,MISS,,21444
13166,0.957985,HIT,true,19270
13167,0.902877,HIT,true,17526
13168,0.884924,HIT,true,18271
13169,0.579799,MISS,,17440
13170,0.633591,MISS,,18645
13171,0.886080,HIT,true,17033
13172,0.888421,HIT,true,18746
13173,0.883399,HIT,true,19673
13174,0.850744,HIT,true,20678
13175,0.914269,HIT,true,18042
13176,0.419745,MISS,,17236
13177,0.678053,MISS,,18396
13178,0.516832,MISS,,18455
13179,0.758861,MISS,,18346
13180,0.978930,HIT,true,19721
13181,0.927083,HIT,true,17907
13182,0.879807,HIT,true,17403
13183,0.953633,HIT,true,18524
13184,0.901727,HIT,true,17260
13185,0.980793,HIT,true,17192
13186,0.887446,HIT,true,16790
13187,0.886711,HIT,true,19192
13188,0.803442,MISS,,19854
13189,0.865957,HIT,true,17496
13190,0.970626,HIT,true,17553
13191,0.979589,HIT,true,17447
13192,0.963719,HIT,true,18465
13193,0.993700,HIT,true,17251
13194,0.955026,HIT,true,18235
13195,0.907425,HIT,true,19077
13196,0.868459,HIT,true,19081
13197,0.925438,HIT,true,19255
13198,0.869264,HIT,true,17628
13199,0.978608,HIT,true,17429
13200,0.844055,MISS,,19204
13201,0.966681,HIT,true,18825
13202,0.767558,MISS,,20286
13203,0.515160,MISS,,18726
13204,0.597413,MISS,,18074
13205,0.470928,MISS,,19784
13206,0.743815,MISS,,18190
13207,0.795447,MISS,,16987
13208,0.964674,HIT,true,17166
13209,0.762488,MISS,,20499
13210,0.813099,MISS,,20360
13211,0.548129,MISS,,18398
13212,0.879413,HIT,true,17541
13213,0.805621,MISS,,16952
13214,0.906315,HIT,true,19048
13215,0.892178,HIT,true,18330
13216,0.929397,HIT,false,21648
13217,0.924242,HIT,true,18663
13218,0.896798,HIT,true,18334
13219,0.678132,MISS,,18461
13220,0.736450,MISS,,17558
13221,0.977608,HIT,true,17449
13222,0.994005,HIT,true,18013
13223,0.998235,HIT,true,19840
13224,0.843848,MISS,,19287
13225,0.663365,MISS,,16702
13226,0.574704,MISS,,18351
13227,0.890426,HIT,true,18521
13228,0.895297,HIT,true,16765
13229,0.962991,HIT,true,18336
13230,0.940111,HIT,true,19215
13231,0.943011,HIT,true,21060
13232,0.893983,HIT,true,26284
13233,0.910821,HIT,true,23044
13234,0.654652,MISS,,21908
13235,0.928612,HIT,true,19858
13236,0.497720,MISS,,17704
13237,0.939373,HIT,true,21293
13238,0.987542,HIT,true,18038
13239,0.551629,MISS,,18514
13240,0.653744,MISS,,17624
13241,0.704271,MISS,,18612
13242,0.929460,HIT,true,16705
13243,0.498472,MISS,,18435
13244,0.814216,MISS,,20688
13245,0.927847,HIT,true,17225
13246,0.918809,HIT,true,20566
13247,0.910129,HIT,true,23210
13248,0.880332,HIT,true,26379
13249,0.846744,MISS,,27846
13250,0.987090,HIT,true,22233
13251,0.945592,HIT,true,23429
13252,0.755897,MISS,,25794
13253,0.537121,MISS,,27713
13254,0.903544,HIT,true,29736
13255,0.917351,HIT,true,30693
13256,0.931918,HIT,true,23220
13257,0.828699,MISS,,27550
13258,0.567665,MISS,,26437
13259,0.998954,HIT,true,27831
13260,0.941088,HIT,true,28535
13261,0.473746,MISS,,22115
13262,0.979857,HIT,true,27614
13263,0.933887,HIT,true,27571
13264,0.948783,HIT,true,26297
13265,0.986390,HIT,true,28706
13266,0.973783,HIT,true,23232
13267,0.981917,HIT,true,24929
13268,0.904572,HIT,true,25614
13269,0.979119,HIT,true,26005
13270,0.870195,HIT,true,31383
13271,0.915104,HIT,true,27427
13272,0.887966,HIT,false,25952
13273,0.892588,HIT,true,24051
13274,0.967259,HIT,true,22050
13275,0.923612,HIT,true,22695
13276,0.681234,MISS,,21900
13277,0.975927,HIT,true,24621
13278,0.705081,MISS,,22065
13279,0.588487,MISS,,22234
13280,0.959586,HIT,true,25546
13281,0.923938,HIT,true,24782
13282,0.758631,MISS,,23902
13283,0.940501,HIT,true,23513
13284,0.904790,HIT,true,19162
13285,0.912263,HIT,true,19079
13286,0.898210,HIT,true,19651
13287,0.542840,MISS,,26772
13288,0.496255,MISS,,23303
13289,0.960282,HIT,true,23385
13290,0.398794,MISS,,20594
13291,0.946550,HIT,true,20216
13292,0.608200,MISS,,18476
13293,0.875492,HIT,true,20724
13294,0.878816,HIT,true,18474
13295,0.838445,MISS,,20855
13296,0.961167,HIT,true,20562
13297,0.996820,HIT,true,21973
13298,0.958770,HIT,true,22016
13299,0.630109,MISS,,25042
13300,0.594227,MISS,,22964
13301,0.928944,HIT,true,23448
13302,0.917827,HIT,true,22240
13303,0.884050,HIT,true,23002
13304,0.770913,MISS,,20173
13305,0.863109,HIT,true,46098
13306,0.976705,HIT,true,25817
13307,0.963650,HIT,true,24560
13308,0.813635,MISS,,24521
13309,0.937779,HIT,true,26013
13310,0.887263,HIT,true,23806
13311,0.749438,MISS,,25860
13312,0.893241,HIT,true,23081
13313,0.976054,HIT,true,23254
13314,0.909206,HIT,true,28574
13315,0.959369,HIT,true,25760
13316,0.519183,MISS,,23783
13317,0.995169,HIT,true,22625
13318,0.880495,HIT,true,25203
13319,0.923633,HIT,true,22223
13320,0.881140,HIT,true,25341
13321,0.831556,MISS,,22717
13322,0.897135,HIT,true,23786
13323,0.918250,HIT,true,24158
13324,0.952815,HIT,true,23289
13325,0.822402,MISS,,22284
13326,0.890797,HIT,true,24477
13327,0.777999,MISS,,23979
13328,0.537210,MISS,,22920
13329,0.857025,HIT,false,21384
13330,0.831805,MISS,,21007
13331,0.881274,HIT,true,23140
13332,0.985236,HIT,true,27239
13333,0.609976,MISS,,25502
13334,0.838480,MISS,,20528
13335,0.922088,HIT,true,19997
13336,0.870426,HIT,true,19853
13337,0.918856,HIT,true,18405
13338,0.803277,MISS,,20249
13339,0.763472,MISS,,20815
13340,0.558208,MISS,,24256
13341,0.893828,HIT,true,23195
13342,0.921996,HIT,true,22145
13343,0.962485,HIT,true,22710
13344,0.916946,HIT,true,24628
13345,0.472596,MISS,,23792
13346,0.911466,HIT,true,22573
13347,0.948310,HIT,true,25874
13348,0.879195,HIT,true,23932
13349,0.902715,HIT,true,24288
13350,0.684497,MISS,,27724
13351,0.968540,HIT,true,23556
13352,0.628947,MISS,,24101
13353,0.873560,HIT,true,22830
13354,0.994797,HIT,true,23523
13355,0.928726,HIT,true,24643
13356,0.564336,MISS,,23243
13357,0.973282,HIT,true,24117
13358,0.370099,MISS,,23395
13359,0.943118,HIT,true,23034
13360,0.704734,MISS,,30684
13361,0.983957,HIT,true,24070
13362,0.812368,MISS,,22711
13363,0.747916,MISS,,23900
13364,0.963900,HIT,true,23808
13365,0.828554,MISS,,26203
13366,0.751050,MISS,,23381
13367,0.906823,HIT,true,24597
13368,0.442410,MISS,,23897
13369,0.559349,MISS,,22749
13370,0.745708,MISS,,23736
13371,0.727453,MISS,,25073
13372,0.564387,MISS,,25467
13373,0.916584,HIT,true,24154
13374,0.453819,MISS,,23096
13375,0.657095,MISS,,21983
13376,0.453842,MISS,,19381
13377,0.934195,HIT,true,21372
13378,0.959570,HIT,true,22115
13379,0.281920,MISS,,23826
13380,0.906923,HIT,true,24096
13381,0.980260,HIT,true,24280
13382,0.905759,HIT,true,22499
13383,0.977083,HIT,true,23641
13384,0.486008,MISS,,24147
13385,0.890208,HIT,true,22894
13386,0.937773,HIT,true,22226
13387,0.998404,HIT,true,25477
13388,0.921976,HIT,true,29185
13389,0.850380,HIT,true,25406
13390,0.988943,HIT,true,26109
13391,0.959062,HIT,true,23417
13392,0.372146,MISS,,21581
13393,0.970488,HIT,true,26726
13394,0.952517,HIT,true,29936
13395,0.644386,MISS,,29025
13396,0.998676,HIT,true,29128
13397,0.944716,HIT,true,29082
13398,0.291629,MISS,,28040
13399,0.903788,HIT,true,29481
13400,0.552680,MISS,,32009
13401,0.966065,HIT,true,28983
13402,0.943375,HIT,true,25508
13403,0.883999,HIT,true,29743
13404,0.981676,HIT,true,26744
13405,0.926305,HIT,true,30363
13406,1.000000,HIT,true,32968
13407,0.960343,HIT,true,36635
13408,0.747558,MISS,,31095
13409,0.501900,MISS,,24479
13410,0.982609,HIT,true,22508
13411,0.917093,HIT,true,26843
13412,0.587585,MISS,,26433
13413,0.829073,MISS,,24886
13414,0.941355,HIT,true,27061
13415,0.414106,MISS,,26352
13416,0.735329,MISS,,28235
13417,0.861152,HIT,true,32672
13418,0.938346,HIT,true,32108
13419,0.613504,MISS,,31363
13420,0.958227,HIT,true,24533
13421,0.812740,MISS,,27773
13422,0.987874,HIT,true,29594
13423,0.831385,MISS,,28348
13424,0.476386,MISS,,25482
13425,0.853915,HIT,true,25793
13426,0.856186,HIT,true,28999
13427,0.905027,HIT,true,25540
13428,0.652958,MISS,,23193
13429,0.749551,MISS,,23747
13430,0.452458,MISS,,27588
13431,0.807002,MISS,,24615
13432,0.933201,HIT,true,24512
13433,0.594137,MISS,,21587
13434,0.957551,HIT,true,24103
13435,0.788049,MISS,,20346
13436,0.986964,HIT,true,22674
13437,0.541578,MISS,,24709
13438,0.820156,MISS,,24077
13439,0.963811,HIT,true,23112
13440,0.844489,MISS,,20915
13441,0.989992,HIT,true,17596
13442,0.983266,HIT,true,18668
13443,0.490832,MISS,,23441
13444,0.946735,HIT,false,20012
13445,0.822366,MISS,,17461
13446,0.992940,HIT,true,21358
13447,0.499395,MISS,,24469
13448,0.900877,HIT,true,22659
13449,0.986532,HIT,true,25522
13450,0.956871,HIT,true,20943
13451,0.886682,HIT,true,19709
13452,0.965163,HIT,true,18092
13453,0.755877,MISS,,20029
13454,0.498374,MISS,,18194
13455,0.979111,HIT,true,20402
13456,0.946031,HIT,true,19863
13457,0.913197,HIT,true,19852
13458,0.837988,MISS,,19831
13459,0.901507,HIT,true,19284
13460,0.859640,HIT,true,19021
13461,0.783606,MISS,,17551
13462,0.929062,HIT,true,18195
13463,0.952816,HIT,true,21696
13464,0.481721,MISS,,20915
13465,0.842914,MISS,,19260
13466,0.867385,HIT,true,16977
13467,0.718001,MISS,,17681
13468,0.746863,MISS,,20490
13469,0.866202,HIT,true,18545
13470,0.447976,MISS,,20219
13471,0.901404,HIT,false,18108
13472,0.870784,HIT,false,19760
13473,0.485495,MISS,,18125
13474,0.991192,HIT,true,16686
13475,0.884817,HIT,true,18173
13476,0.998133,HIT,true,18579
13477,0.826236,MISS,,17444
13478,0.997307,HIT,true,37915
13479,0.828102,MISS,,22061
13480,0.973877,HIT,true,21156
13481,0.926861,HIT,true,17689
13482,0.875080,HIT,true,19045
13483,0.975669,HIT,true,20500
13484,0.930021,HIT,true,25180
13485,0.752350,MISS,,28926
13486,0.558472,MISS,,19595
13487,0.920025,HIT,true,19341
13488,0.845344,MISS,,19708
13489,0.390498,MISS,,24604
13490,0.957010,HIT,true,21909
13491,0.967763,HIT,true,24479
13492,0.888761,HIT,true,21373
13493,0.573092,MISS,,24018
13494,0.953034,HIT,true,26037
13495,0.936139,HIT,true,23221
13496,0.690616,MISS,,20019
13497,0.549705,MISS,,22004
13498,0.833670,MISS,,22276
13499,0.446312,MISS,,20721
13500,0.885926,HIT,true,26876
13501,0.917129,HIT,true,31486
13502,0.702945,MISS,,21800
13503,0.710939,MISS,,21686
13504,0.939841,HIT,true,24164
13505,0.783638,MISS,,24729
13506,0.759628,MISS,,21955
13507,0.963451,HIT,true,20621
13508,0.851417,HIT,true,20667
13509,0.908962,HIT,true,21386
13510,0.817920,MISS,,23876
13511,0.948527,HIT,true,24627
13512,0.987087,HIT,true,23722
13513,0.864528,HIT,true,20587
13514,0.955360,HIT,true,23196
13515,0.691219,MISS,,23931
13516,0.548626,MISS,,24296
13517,0.980231,HIT,true,22895
13518,0.858211,HIT,true,23825
13519,0.911462,HIT,true,24768
13520,0.903027,HIT,true,20120
13521,0.936291,HIT,true,21761
13522,1.000000,HIT,true,19992
13523,0.871630,HIT,true,23512
13524,0.942106,HIT,true,23787
13525,0.808022,MISS,,23587
13526,0.959295,HIT,true,22815
13527,0.971753,HIT,true,20607
13528,0.861744,HIT,true,20927
13529,0.463490,MISS,,22559
13530,0.779104,MISS,,22288
13531,0.826018,MISS,,20173
13532,0.715088,MISS,,22285
13533,0.831021,MISS,,21092
13534,0.892297,HIT,true,22069
13535,0.937818,HIT,true,21784
13536,0.857222,HIT,true,20299
13537,0.813742,MISS,,20214
13538,0.835359,MISS,,21805
13539,0.671615,MISS,,19897
13540,0.941270,HIT,true,19616
13541,0.907892,HIT,true,19207
13542,0.652865,MISS,,21847
13543,0.904150,HIT,true,19934
13544,0.680695,MISS,,19186
13545,0.915757,HIT,true,19653
13546,0.867427,HIT,true,20209
13547,0.516046,MISS,,21571
13548,0.782129,MISS,,22508
13549,0.937650,HIT,true,18753
13550,0.721701,MISS,,20079
13551,0.911344,HIT,true,19250
13552,0.993281,HIT,true,17165
13553,0.852231,HIT,true,18756
13554,0.466762,MISS,,18591
13555,0.895925,HIT,true,20639
13556,0.594133,MISS,,20989
13557,0.553840,MISS,,19455
13558,0.672704,MISS,,27441
13559,0.897293,HIT,true,23804
13560,0.775942,MISS,,19954
13561,0.453891,MISS,,24210
13562,0.661626,MISS,,20363
13563,0.897621,HIT,true,20766
13564,0.848100,MISS,,20809
13565,0.889318,HIT,true,17882
13566,0.894334,HIT,true,20610
13567,0.797449,MISS,,18413
13568,0.535605,MISS,,20561
13569,0.579010,MISS,,18022
13570,0.864624,HIT,true,19274
13571,0.533858,MISS,,20366
13572,0.661919,MISS,,18189
13573,0.887508,HIT,true,19922
13574,0.468664,MISS,,19467
13575,0.412321,MISS,,20491
13576,0.936707,HIT,true,21965
13577,0.873629,HIT,true,20689
13578,0.465280,MISS,,24790
13579,0.896044,HIT,true,20153
13580,0.882021,HIT,true,18481
13581,0.805333,MISS,,21885
13582,0.636634,MISS,,20848
13583,0.611337,MISS,,20628
13584,0.879993,HIT,true,19382
13585,0.921087,HIT,true,18311
13586,0.861586,HIT,true,21200
13587,0.758000,MISS,,21617
13588,0.703079,MISS,,21258
13589,0.960762,HIT,true,19564
13590,0.872625,HIT,false,18977
13591,0.730365,MISS,,20651
13592,0.808798,MISS,,18046
13593,0.912887,HIT,true,18333
13594,0.970176,HIT,true,21294
13595,0.965637,HIT,true,19250
13596,0.858661,HIT,false,18310
13597,0.498192,MISS,,18357
13598,0.977815,HIT,true,18331
13599,0.936190,HIT,true,19671
13600,0.950076,HIT,true,18035
13601,0.706916,MISS,,19246
13602,0.726342,MISS,,19144
13603,0.898762,HIT,true,20260
13604,0.868167,HIT,false,17538
13605,0.550042,MISS,,18494
13606,0.488257,MISS,,18587
13607,0.509900,MISS,,18987
13608,0.883091,HIT,true,20704
13609,0.913234,HIT,true,20827
13610,0.729284,MISS,,17542
13611,0.919912,HIT,true,23558
13612,0.934208,HIT,true,19997
13613,0.576442,MISS,,18292
13614,0.801644,MISS,,21257
13615,0.606586,MISS,,24098
13616,0.885924,HIT,true,26412
13617,0.771718,MISS,,24168
13618,0.809074,MISS,,28011
13619,0.971111,HIT,true,25387
13620,0.914734,HIT,true,26301
13621,0.589634,MISS,,27205
13622,0.979197,HIT,true,26119
13623,0.808422,MISS,,24841
13624,0.799777,MISS,,24072
13625,0.811167,MISS,,26455
13626,0.851431,HIT,true,21911
13627,0.988575,HIT,true,20298
13628,0.811464,MISS,,19988
13629,0.870157,HIT,false,21032
13630,0.892512,HIT,true,17728
13631,0.968166,HIT,true,25001
13632,0.900948,HIT,true,27711
13633,0.983974,HIT,true,23441
13634,0.900894,HIT,true,23791
13635,0.985689,HIT,true,24473
13636,0.794133,MISS,,24456
13637,0.732437,MISS,,30099
13638,0.715282,MISS,,28382
13639,0.975190,HIT,true,26823
13640,0.574516,MISS,,21663
13641,0.663268,MISS,,25223
13642,0.928542,HIT,true,29465
13643,0.903242,HIT,true,28137
13644,0.990380,HIT,true,23719
13645,0.946806,HIT,true,27776
13646,0.865892,HIT,true,22034
13647,0.993864,HIT,true,22643
13648,0.946019,HIT,true,19167
13649,0.982338,HIT,true,18986
13650,0.997856,HIT,true,22429
13651,0.622048,MISS,,19307
13652,0.840772,MISS,,25907
13653,0.969361,HIT,true,21534
13654,0.983735,HIT,true,18889
13655,0.845241,MISS,,17869
13656,0.953777,HIT,true,24679
13657,0.965993,HIT,true,18271
13658,0.919244,HIT,true,17929
13659,0.922678,HIT,true,17830
13660,0.834582,MISS,,24571
13661,0.415833,MISS,,23746
13662,0.892508,HIT,true,28653
13663,0.829158,MISS,,23157
13664,0.954959,HIT,true,31497
13665,0.896348,HIT,true,25357
13666,0.955014,HIT,true,39758
13667,0.748327,MISS,,23179
13668,0.960803,HIT,true,22536
13669,0.926553,HIT,false,22107
13670,0.706636,MISS,,31667
13671,0.996546,HIT,true,27933
13672,0.717255,MISS,,37824
13673,0.961170,HIT,true,32038
13674,0.814076,MISS,,26058
13675,0.858621,HIT,true,27799
13676,0.921455,HIT,true,25178
13677,0.712136,MISS,,31120
13678,0.890819,HIT,true,31039
13679,0.989093,HIT,true,27800
13680,0.526223,MISS,,28887
13681,0.740683,MISS,,28307
13682,0.583340,MISS,,22191
13683,0.995267,HIT,true,35463
13684,0.877226,HIT,true,26047
13685,0.885572,HIT,true,23403
13686,0.860553,HIT,true,22519
13687,0.546065,MISS,,25917
13688,0.855679,HIT,true,23697
13689,0.745830,MISS,,25453
13690,0.881768,HIT,true,23265
13691,0.842536,MISS,,23207
13692,0.992943,HIT,true,22937
13693,0.669233,MISS,,22637
13694,0.865921,HIT,false,24399
13695,0.928516,HIT,true,28618
13696,0.825343,MISS,,26657
13697,0.937047,HIT,true,23758
13698,0.911268,HIT,true,22011
13699,0.675011,MISS,,24073
13700,0.938448,HIT,true,27402
13701,0.846920,MISS,,23786
13702,0.899124,HIT,true,24963
13703,0.867032,HIT,true,25778
13704,0.904866,HIT,true,23207
13705,0.496745,MISS,,27111
13706,0.899266,HIT,true,29063
13707,0.720823,MISS,,25305
13708,0.808812,MISS,,20481
13709,0.921512,HIT,true,23833
13710,0.893951,HIT,true,30198
13711,0.657678,MISS,,24848
13712,0.780244,MISS,,24463
13713,0.987367,HIT,true,27249
13714,0.893685,HIT,true,25996
13715,0.925182,HIT,true,27456
13716,0.913268,HIT,true,32482
13717,0.921732,HIT,true,25857
13718,0.888637,HIT,true,23239
13719,0.659191,MISS,,23594
13720,0.789384,MISS,,25432
13721,0.877860,HIT,true,26010
13722,0.572213,MISS,,23079
13723,0.880364,HIT,true,21071
13724,0.537185,MISS,,22220
13725,0.551531,MISS,,22362
13726,0.826318,MISS,,26472
13727,0.881626,HIT,true,22551
13728,0.943571,HIT,true,23458
13729,0.946124,HIT,true,22573
13730,0.841400,MISS,,27360
13731,0.782417,MISS,,23376
13732,0.842839,MISS,,23180
13733,0.959528,HIT,true,21288
13734,0.937446,HIT,true,23117
13735,0.791513,MISS,,22491
13736,0.957064,HIT,true,26435
13737,0.975002,HIT,true,29328
13738,0.660203,MISS,,25567
13739,0.782222,MISS,,21340
13740,0.780957,MISS,,24406
13741,0.840444,MISS,,25864
13742,1.000000,HIT,true,27530
13743,0.773136,MISS,,23766
13744,0.988288,HIT,true,24252
13745,0.502290,MISS,,22625
13746,1.000000,HIT,true,25728
13747,0.935754,HIT,true,24525
13748,0.827745,MISS,,28699
13749,0.907297,HIT,true,27269
13750,0.995305,HIT,true,27147
13751,0.593190,MISS,,28390
13752,0.839268,MISS,,29565
13753,0.882988,HIT,false,25268
13754,0.491889,MISS,,27735
13755,0.978052,HIT,true,26047
13756,0.965917,HIT,true,27254
13757,0.867081,HIT,true,25491
13758,0.977495,HIT,true,30258
13759,0.929327,HIT,true,30752
13760,0.917766,HIT,true,26408
13761,0.948555,HIT,true,28703
13762,0.890566,HIT,true,27920
13763,0.660211,MISS,,27985
13764,0.982692,HIT,true,38719
13765,0.813765,MISS,,33790
13766,0.881546,HIT,true,40644
13767,0.927556,HIT,true,32365
13768,0.679694,MISS,,29416
13769,0.840681,MISS,,25353
13770,0.850779,HIT,true,27802
13771,0.850179,HIT,true,30682
13772,0.799361,MISS,,32114
13773,0.938061,HIT,true,24656
13774,0.987801,HIT,true,26096
13775,0.966060,HIT,true,27809
13776,0.585635,MISS,,24319
13777,0.782621,MISS,,22662
13778,0.958257,HIT,true,25537
13779,0.591226,MISS,,26131
13780,0.603370,MISS,,24566
13781,0.776747,MISS,,24351
13782,0.810312,MISS,,22129
13783,0.965678,HIT,true,20174
13784,0.895174,HIT,true,33710
13785,0.671119,MISS,,35374
13786,0.560492,MISS,,36073
13787,0.827035,MISS,,33797
13788,0.947052,HIT,true,39756
13789,0.709413,MISS,,37400
13790,0.971774,HIT,true,28475
13791,0.930437,HIT,true,29302
13792,0.716194,MISS,,26603
13793,0.955925,HIT,true,28709
13794,0.962948,HIT,true,29214
13795,0.829844,MISS,,26394
13796,0.522333,MISS,,19082
13797,0.853344,HIT,true,21844
13798,0.550649,MISS,,24257
13799,0.871966,HIT,true,22264
13800,0.538689,MISS,,20959
13801,0.654279,MISS,,18859
13802,0.716627,MISS,,20815
13803,0.615328,MISS,,20093
13804,0.822424,MISS,,18933
13805,0.864568,HIT,true,20192
13806,0.650359,MISS,,24343
13807,0.924246,HIT,true,21525
13808,0.904176,HIT,true,19684
13809,0.408776,MISS,,19958
13810,0.950557,HIT,true,19126
13811,0.600314,MISS,,20898
13812,0.825123,MISS,,21775
13813,0.593025,MISS,,19543
13814,0.995297,HIT,true,20902
13815,0.726247,MISS,,18390
13816,0.895106,HIT,true,19054
13817,0.613058,MISS,,18496
13818,0.551499,MISS,,20722
13819,0.959067,HIT,true,21509
13820,0.709242,MISS,,21757
13821,0.871467,HIT,true,22435
13822,0.926971,HIT,true,22931
13823,0.915717,HIT,true,23975
13824,0.933860,HIT,true,44708
13825,0.723316,MISS,,19146
13826,0.908197,HIT,true,24937
13827,0.912583,HIT,true,27090
13828,0.964605,HIT,true,28094
13829,0.593584,MISS,,28449
13830,0.946621,HIT,true,29157
13831,0.928743,HIT,true,26260
13832,0.690595,MISS,,24266
13833,0.839353,MISS,,21447
13834,0.855900,HIT,true,20931
13835,0.958592,HIT,true,25035
13836,0.949440,HIT,true,23597
13837,0.960212,HIT,true,19869
13838,0.862279,HIT,true,19405
13839,0.657134,MISS,,19111
13840,0.764010,MISS,,19026
13841,0.960544,HIT,true,21627
13842,0.944463,HIT,true,24811
13843,0.589260,MISS,,21699
13844,0.925528,HIT,true,28543
13845,0.828904,MISS,,20725
13846,0.981631,HIT,true,23511
13847,0.690242,MISS,,21043
13848,0.988089,HIT,true,19384
13849,0.912093,HIT,true,22031
13850,0.845322,MISS,,22912
13851,0.535730,MISS,,18862
13852,0.654235,MISS,,22518
13853,0.962781,HIT,true,21635
13854,0.958417,HIT,true,20200
13855,0.892468,HIT,true,21410
13856,0.706949,MISS,,30714
13857,0.744141,MISS,,38104
13858,0.672432,MISS,,30225
13859,0.920182,HIT,true,23869
13860,0.815896,MISS,,26931
13861,0.720090,MISS,,22054
13862,0.978780,HIT,true,26132
13863,0.873680,HIT,true,24029
13864,0.730466,MISS,,21004
13865,0.752735,MISS,,22252
13866,0.996813,HIT,true,23724
13867,0.819978,MISS,,20333
13868,0.992291,HIT,true,20325
13869,0.891937,HIT,true,23048
13870,0.576292,MISS,,26215
13871,0.920583,HIT,true,23376
13872,0.935475,HIT,true,21144
13873,0.936276,HIT,true,21370
13874,0.810045,MISS,,23775
13875,0.509197,MISS,,20566
13876,0.972974,HIT,true,22793
13877,0.604241,MISS,,22632
13878,0.536649,MISS,,22070
13879,0.706855,MISS,,20608
13880,0.588257,MISS,,23186
13881,0.912763,HIT,true,23615
13882,0.541151,MISS,,26861
13883,0.928901,HIT,true,21425
13884,0.569546,MISS,,19820
13885,0.993539,HIT,true,21479
13886,0.628900,MISS,,22887
13887,0.987452,HIT,true,31505
13888,0.926696,HIT,true,27003
13889,0.829977,MISS,,19440
13890,0.601499,MISS,,23059
13891,0.989684,HIT,true,28324
13892,0.772506,MISS,,31571
13893,0.586531,MISS,,24580
13894,0.924522,HIT,true,22141
13895,0.630811,MISS,,20557
13896,0.865168,HIT,false,19720
13897,0.797556,MISS,,21171
13898,0.957520,HIT,true,24818
13899,0.676182,MISS,,21446
13900,0.747008,MISS,,20585
13901,0.589939,MISS,,20041
13902,0.896727,HIT,false,21546
13903,0.897524,HIT,true,21411
13904,0.965586,HIT,true,20789
13905,0.909188,HIT,true,23161
13906,0.977131,HIT,true,20870
13907,0.557476,MISS,,25284
13908,0.865558,HIT,true,23559
13909,0.650821,MISS,,19545
13910,0.959995,HIT,true,21669
13911,0.952811,HIT,false,21605
13912,0.798713,MISS,,20410
13913,0.922599,HIT,true,20611
13914,0.998110,HIT,true,21390
13915,0.531027,MISS,,27333
13916,0.942015,HIT,true,29846
13917,0.970497,HIT,true,23756
13918,0.847898,MISS,,21853
13919,0.961110,HIT,true,20142
13920,0.938060,HIT,true,24152
13921,0.681588,MISS,,21825
13922,0.947274,HIT,true,35223
13923,0.918102,HIT,true,20658
13924,0.886413,HIT,false,22397
13925,0.729120,MISS,,20103
13926,0.958565,HIT,true,20168
13927,0.922631,HIT,true,20382
13928,0.940487,HIT,true,30802
13929,0.910570,HIT,true,27503
13930,0.875812,HIT,true,26109
13931,0.537038,MISS,,23733
13932,0.454591,MISS,,28454
13933,0.901241,HIT,true,27010
13934,0.896505,HIT,true,25690
13935,0.867624,HIT,true,26298
13936,0.914724,HIT,true,23593
13937,0.931012,HIT,true,26209
13938,0.925650,HIT,true,29678
13939,0.920487,HIT,true,30970
13940,0.975055,HIT,true,30375
13941,0.754463,MISS,,28286
13942,0.941671,HIT,true,26251
13943,0.960764,HIT,true,29456
13944,0.952121,HIT,true,29327
13945,0.614340,MISS,,23631
13946,0.938669,HIT,true,26803
13947,0.937181,HIT,true,26486
13948,0.895579,HIT,true,30197
13949,0.952905,HIT,true,25813
13950,0.892185,HIT,false,28167
13951,0.709447,MISS,,26878
13952,0.787616,MISS,,29199
13953,0.933970,HIT,true,31461
13954,0.910139,HIT,true,25698
13955,0.573114,MISS,,26739
13956,0.933613,HIT,true,25579
13957,0.905506,HIT,true,27713
13958,0.819332,MISS,,23940
13959,0.855569,HIT,true,24030
13960,0.925182,HIT,true,23740
13961,0.979480,HIT,true,25890
13962,0.542452,MISS,,23532
13963,0.832235,MISS,,26342
13964,0.928012,HIT,true,25037
13965,0.848761,MISS,,23891
13966,0.635637,MISS,,23814
13967,0.975791,HIT,true,27419
13968,0.646830,MISS,,29734
13969,0.989783,HIT,true,31570
13970,0.486348,MISS,,27009
13971,0.795719,MISS,,24911
13972,0.949958,HIT,true,25275
13973,0.669054,MISS,,33416
13974,0.570006,MISS,,29561
13975,0.862180,HIT,true,27839
13976,0.579987,MISS,,24959
13977,0.901053,HIT,true,27367
13978,0.793249,MISS,,35640
13979,0.984451,HIT,true,26657
13980,0.996761,HIT,true,27912
13981,0.432545,MISS,,28396
13982,0.883049,HIT,true,31387
13983,0.632070,MISS,,27965
13984,0.881641,HIT,true,37435
13985,0.703653,MISS,,31845
13986,0.810143,MISS,,34941
13987,0.923046,HIT,true,33923
13988,0.850047,HIT,true,38391
13989,0.914779,HIT,true,42336
13990,0.823718,MISS,,36299
13991,0.548175,MISS,,41351
13992,0.548025,MISS,,31277
13993,0.864856,HIT,true,35841
13994,0.979764,HIT,true,39232
13995,0.961219,HIT,true,28377
13996,0.953167,HIT,true,26669
13997,0.953415,HIT,true,26662
13998,0.897094,HIT,true,34255
13999,0.690587,MISS,,31765
14000,0.908682,HIT,true,34311
14001,0.780809,MISS,,30158
14002,0.811942,MISS,,26697
14003,0.742452,MISS,,25972
14004,0.930349,HIT,true,27987
14005,0.675879,MISS,,30168
14006,0.925271,HIT,true,35338
14007,0.943691,HIT,true,36368
14008,0.750584,MISS,,30395
14009,0.758908,MISS,,45834
14010,0.793732,MISS,,36495
14011,0.971035,HIT,true,39482
14012,0.757667,MISS,,39005
14013,0.763866,MISS,,41937
14014,0.617310,MISS,,42953
14015,0.985979,HIT,true,45146
14016,0.914634,HIT,true,33021
14017,0.978039,HIT,true,37310
14018,0.984944,HIT,true,37022
14019,0.884962,HIT,true,44291
14020,0.826366,MISS,,55242
14021,0.971211,HIT,true,51310
14022,0.987302,HIT,true,24854
14023,0.832864,MISS,,28932
14024,0.897404,HIT,true,29586
14025,0.714045,MISS,,27287
14026,0.857318,HIT,false,26756
14027,0.907831,HIT,true,28922
14028,0.780664,MISS,,27189
14029,0.925114,HIT,true,24454
14030,0.638546,MISS,,26410
14031,0.916871,HIT,true,36160
14032,0.743058,MISS,,36025
14033,0.891735,HIT,true,39350
14034,0.790453,MISS,,34814
14035,0.993661,HIT,true,39683
14036,0.992248,HIT,true,38973
14037,0.524282,MISS,,36656
14038,0.645935,MISS,,35575
14039,0.865861,HIT,true,27791
14040,0.959231,HIT,true,28266
14041,0.761238,MISS,,30414
14042,0.832216,MISS,,30622
14043,0.776759,MISS,,28237
14044,0.888763,HIT,true,33721
14045,0.859480,HIT,true,24741
14046,0.984030,HIT,true,26473
14047,0.896040,HIT,true,27935
14048,0.918701,HIT,true,29438
14049,0.977941,HIT,true,28053
14050,0.815989,MISS,,30123
14051,0.908202,HIT,true,31473
14052,0.804006,MISS,,26096
14053,0.939899,HIT,false,27102
14054,0.916775,HIT,true,26734
14055,0.793465,MISS,,23879
14056,0.578608,MISS,,24410
14057,0.928147,HIT,true,24130
14058,0.711822,MISS,,23395
14059,0.565234,MISS,,25790
14060,0.448389,MISS,,24106
14061,0.660674,MISS,,23576
14062,0.362923,MISS,,23713
14063,0.972273,HIT,true,23226
14064,0.451614,MISS,,23111
14065,0.723279,MISS,,24645
14066,0.604982,MISS,,25029
14067,0.965683,HIT,true,23571
14068,0.952389,HIT,true,22840
14069,0.875556,HIT,true,24152
14070,0.931569,HIT,true,24031
14071,0.810338,MISS,,26019
14072,0.942529,HIT,true,22671
14073,0.822385,MISS,,27673
14074,0.811099,MISS,,31415
14075,0.970845,HIT,true,26588
14076,0.853274,HIT,true,33392
14077,0.871429,HIT,false,25470
14078,0.752215,MISS,,25087
14079,0.432617,MISS,,25172
14080,0.855555,HIT,true,25040
14081,0.479222,MISS,,25871
14082,0.991233,HIT,true,27612
14083,0.933605,HIT,true,24505
14084,0.549767,MISS,,23806
14085,0.911529,HIT,true,26748
14086,0.911061,HIT,true,30430
14087,0.691043,MISS,,23557
14088,0.894663,HIT,true,26292
14089,0.929583,HIT,true,24979
14090,0.983161,HIT,true,29943
14091,0.900162,HIT,true,32247
14092,0.899829,HIT,true,24708
14093,0.877150,HIT,true,33055
14094,0.983534,HIT,true,34262
14095,0.687598,MISS,,27073
14096,0.912448,HIT,true,22015
14097,0.970677,HIT,true,23138
14098,0.763224,MISS,,24078
14099,0.939203,HIT,true,26868
14100,0.796620,MISS,,22684
14101,0.883400,HIT,true,23522
14102,0.918941,HIT,true,23008
14103,0.776178,MISS,,22341
14104,0.624284,MISS,,23898
14105,0.768123,MISS,,22320
14106,0.926018,HIT,true,26855
14107,0.819272,MISS,,28693
14108,0.698860,MISS,,30185
14109,0.879790,HIT,false,26470
14110,0.989877,HIT,true,31016
14111,0.863911,HIT,false,29387
14112,0.997087,HIT,true,26511
14113,0.987639,HIT,true,26113
14114,0.963528,HIT,true,27788
14115,0.780563,MISS,,26854
14116,0.658159,MISS,,26051
14117,0.971574,HIT,true,24397
14118,0.774950,MISS,,27146
14119,0.936879,HIT,true,27528
14120,0.494135,MISS,,23769
14121,0.853211,HIT,false,30594
14122,0.839436,MISS,,29352
14123,0.904990,HIT,true,26532
14124,0.546485,MISS,,19403
14125,0.685567,MISS,,22885
14126,0.969791,HIT,true,26202
14127,0.604744,MISS,,27310
14128,0.722555,MISS,,22382
14129,0.915871,HIT,true,49931
14130,0.909431,HIT,true,26895
14131,1.000000,HIT,true,29664
14132,0.910097,HIT,true,23957
14133,0.742739,MISS,,24375
14134,0.940722,HIT,true,23381
14135,0.994090,HIT,true,20338
14136,0.814764,MISS,,22240
14137,0.953376,HIT,true,24750
14138,0.857964,HIT,true,21722
14139,0.883801,HIT,true,21643
14140,0.867853,HIT,true,19302
14141,0.894145,HIT,true,20156
14142,0.822469,MISS,,26169
14143,0.882325,HIT,true,25530
14144,0.824644,MISS,,25715
14145,0.933930,HIT,true,25469
14146,0.910463,HIT,true,25695
14147,0.858369,HIT,true,29970
14148,0.693242,MISS,,25739
14149,0.769301,MISS,,22167
14150,0.971798,HIT,true,22811
14151,0.990245,HIT,true,21953
14152,0.636245,MISS,,25779
14153,0.877795,HIT,false,25210
14154,0.378738,MISS,,21297
14155,0.972005,HIT,true,21508
14156,0.793167,MISS,,21967
14157,0.523928,MISS,,20738
14158,0.798624,MISS,,20863
14159,0.517232,MISS,,24556
14160,0.886020,HIT,false,24254
14161,0.391603,MISS,,21142
14162,0.894421,HIT,true,21025
14163,0.844194,MISS,,24001
14164,0.979568,HIT,true,30504
14165,0.937958,HIT,true,19954
14166,0.472075,MISS,,22011
14167,0.906400,HIT,true,19277
14168,0.990070,HIT,true,19759
14169,0.537028,MISS,,22692
14170,0.852760,HIT,false,30478
14171,0.849365,MISS,,20736
14172,0.471715,MISS,,21319
14173,0.775388,MISS,,28177
14174,0.907332,HIT,true,23957
14175,0.819524,MISS,,24136
14176,0.539034,MISS,,27454
14177,0.897967,HIT,true,26981
14178,0.517151,MISS,,31330
14179,0.772436,MISS,,33165
14180,0.974914,HIT,true,22946
14181,0.453181,MISS,,20471
14182,0.963732,HIT,true,20639
14183,0.728180,MISS,,20303
14184,0.548584,MISS,,20280
14185,0.980786,HIT,true,22964
14186,0.672960,MISS,,20139
14187,0.974825,HIT,true,22247
14188,0.860356,HIT,true,19679
14189,0.842244,MISS,,20201
14190,0.979490,HIT,true,19421
14191,0.811914,MISS,,20824
14192,0.779043,MISS,,19609
14193,0.474604,MISS,,20283
14194,0.531660,MISS,,21683
14195,0.874676,HIT,true,20759
14196,0.949312,HIT,true,21349
14197,0.831205,MISS,,19609
14198,0.863546,HIT,true,19390
14199,0.984672,HIT,true,21360
14200,0.987717,HIT,true,24143
14201,0.859536,HIT,true,20268
14202,0.892891,HIT,true,19421
14203,0.790270,MISS,,19787
14204,0.971141,HIT,true,19833
14205,0.870942,HIT,true,20027
14206,0.884693,HIT,true,19813
14207,0.881395,HIT,true,21459
14208,0.908579,HIT,true,19614
14209,0.904383,HIT,true,19455
14210,0.960869,HIT,true,19948
14211,0.890588,HIT,true,19868
14212,0.638613,MISS,,19398
14213,0.882665,HIT,true,20957
14214,0.802178,MISS,,19787
14215,0.922448,HIT,true,20656
14216,0.824708,MISS,,19173
14217,0.911634,HIT,true,20192
14218,0.997159,HIT,true,19300
14219,0.554936,MISS,,19772
14220,0.813004,MISS,,21881
14221,0.989366,HIT,true,24986
14222,0.499448,MISS,,21032
14223,0.929900,HIT,true,21276
14224,0.928870,HIT,true,20528
14225,0.946602,HIT,true,19518
14226,0.886960,HIT,true,20189
14227,0.939738,HIT,true,21694
14228,0.892314,HIT,true,19748
14229,0.796777,MISS,,20191
14230,0.804479,MISS,,20052
14231,0.623331,MISS,,20279
14232,0.896832,HIT,true,19902
14233,0.884671,HIT,true,21104
14234,0.918125,HIT,true,19835
14235,0.856189,HIT,true,20099
14236,0.957203,HIT,true,19486
14237,0.976676,HIT,true,19798
14238,0.679564,MISS,,20595
14239,0.867211,HIT,true,21630
14240,0.928694,HIT,true,21189
14241,0.859906,HIT,true,19431
14242,0.833079,MISS,,20010
14243,0.812626,MISS,,20369
14244,0.657398,MISS,,22414
14245,0.640872,MISS,,20055
14246,0.803557,MISS,,21279
14247,0.467131,MISS,,23347
14248,0.835278,MISS,,20737
14249,0.945572,HIT,true,20024
14250,0.988483,HIT,true,19482
14251,0.542887,MISS,,20457
14252,0.875503,HIT,true,19538
14253,0.961060,HIT,true,21591
14254,0.986008,HIT,true,19414
14255,0.548116,MISS,,20118
14256,0.928867,HIT,true,19883
14257,0.438041,MISS,,20294
14258,0.631057,MISS,,20469
14259,0.980642,HIT,true,21400
14260,0.875052,HIT,true,21141
14261,0.918857,HIT,true,20276
14262,0.543248,MISS,,19628
14263,0.926971,HIT,true,20914
14264,0.996009,HIT,true,19647
14265,0.898521,HIT,true,19935
14266,0.894784,HIT,true,23257
14267,0.880244,HIT,true,20732
14268,0.862157,HIT,true,20030
14269,0.800262,MISS,,19564
14270,0.896187,HIT,true,20380
14271,0.626363,MISS,,22476
14272,0.859958,HIT,true,29034
14273,0.898820,HIT,true,26527
14274,0.761962,MISS,,25711
14275,0.888974,HIT,true,20916
14276,0.994390,HIT,true,21230
14277,0.934584,HIT,true,20925
14278,0.796076,MISS,,24156
14279,0.985092,HIT,true,22412
14280,0.950916,HIT,true,21478
14281,0.921680,HIT,true,23009
14282,0.989756,HIT,true,21514
14283,0.980508,HIT,true,20651
14284,0.828349,MISS,,21666
14285,0.820997,MISS,,20572
14286,0.445766,MISS,,20684
14287,0.956889,HIT,true,20294
14288,0.937303,HIT,true,20517
14289,0.609772,MISS,,19687
14290,0.829872,MISS,,22165
14291,0.955465,HIT,true,19652
14292,0.804413,MISS,,20016
14293,0.993614,HIT,true,19721
14294,0.650794,MISS,,22333
14295,0.987008,HIT,true,20592
14296,0.786957,MISS,,19895
14297,0.679313,MISS,,21573
14298,0.651774,MISS,,20209
14299,0.695064,MISS,,19957
14300,0.981665,HIT,true,19468
14301,0.933178,HIT,true,19409
14302,0.762585,MISS,,20694
14303,0.534539,MISS,,21455
14304,0.991392,HIT,true,20240
14305,0.877878,HIT,true,19274
14306,0.459027,MISS,,20238
14307,0.839895,MISS,,20090
14308,0.714994,MISS,,24294
14309,0.808441,MISS,,20379
14310,0.981055,HIT,true,22672
14311,0.922172,HIT,true,20304
14312,0.944543,HIT,true,19790
14313,0.969108,HIT,true,19762
14314,0.610751,MISS,,20799
14315,0.981597,HIT,true,23042
14316,0.974263,HIT,true,26673
14317,0.996823,HIT,true,24545
14318,0.940234,HIT,true,26785
14319,0.855852,HIT,true,46458
14320,0.854540,HIT,false,30871
14321,0.688796,MISS,,26878
14322,0.973594,HIT,true,32735
14323,0.959956,HIT,true,25434
14324,0.965811,HIT,true,22638
14325,0.915661,HIT,true,23402
14326,0.892384,HIT,true,25587
14327,0.819331,MISS,,23316
14328,0.494779,MISS,,26670
14329,0.773740,MISS,,24421
14330,0.866951,HIT,true,23058
14331,0.981245,HIT,true,22783
14332,0.817779,MISS,,20049
14333,0.919808,HIT,true,22423
14334,0.452278,MISS,,21757
14335,0.878659,HIT,true,20118
14336,0.882973,HIT,false,26058
14337,0.968100,HIT,true,25309
14338,0.816338,MISS,,22485
14339,0.979151,HIT,true,21717
14340,0.860206,HIT,true,21911
14341,0.924043,HIT,true,21287
14342,0.528617,MISS,,20412
14343,0.994637,HIT,true,23491
14344,0.955405,HIT,true,21654
14345,0.872017,HIT,true,20936
14346,0.687002,MISS,,21377
14347,0.999166,HIT,true,20670
14348,0.615192,MISS,,21523
14349,0.850383,HIT,true,21284
14350,0.893151,HIT,true,22297
14351,0.989961,HIT,true,19928
14352,0.924327,HIT,true,21195
14353,0.717974,MISS,,20077
14354,0.940504,HIT,true,19562
14355,0.576134,MISS,,20855
14356,0.685994,MISS,,23273
14357,0.978327,HIT,true,24254
14358,0.698399,MISS,,22629
14359,0.744612,MISS,,21419
14360,0.758470,MISS,,20564
14361,0.977740,HIT,true,21262
14362,0.991883,HIT,true,22867
14363,0.865104,HIT,true,24465
14364,0.995844,HIT,true,26148
14365,0.847822,MISS,,28093
14366,0.985339,HIT,true,22973
14367,0.473814,MISS,,22415
14368,0.883827,HIT,true,23707
14369,0.944071,HIT,true,22537
14370,0.852373,HIT,true,25366
14371,0.973986,HIT,true,23232
14372,0.906891,HIT,false,21204
14373,0.959722,HIT,true,25119
14374,0.981141,HIT,true,22381
14375,0.827060,MISS,,22136
14376,0.700539,MISS,,22666
14377,0.904901,HIT,true,20408
14378,0.910469,HIT,true,20092
14379,0.398638,MISS,,23082
14380,0.888866,HIT,true,25416
14381,0.912332,HIT,true,32669
14382,0.961599,HIT,true,23566
14383,0.940927,HIT,true,24752
14384,0.907213,HIT,true,30251
14385,0.921363,HIT,true,23369
14386,0.881705,HIT,true,22124
14387,0.739587,MISS,,23258
14388,0.859484,HIT,true,21775
14389,0.986136,HIT,true,22181
14390,0.915208,HIT,true,27535
14391,0.844121,MISS,,24375
14392,0.720061,MISS,,29638
14393,0.511023,MISS,,32252
14394,0.849992,MISS,,27699
14395,0.911718,HIT,true,28769
14396,0.672985,MISS,,27442
14397,0.918357,HIT,false,23989
14398,0.985611,HIT,true,27687
14399,0.831827,MISS,,31152
14400,0.912633,HIT,true,24773
14401,0.919604,HIT,true,21644
14402,0.928286,HIT,true,22345
14403,0.527902,MISS,,24197
14404,0.958515,HIT,true,29164
14405,0.918063,HIT,true,22820
14406,0.971247,HIT,true,25037
14407,0.949297,HIT,true,21142
14408,0.988009,HIT,true,22383
14409,0.872405,HIT,true,19046
14410,0.536319,MISS,,20779
14411,0.880307,HIT,true,19402
14412,0.939434,HIT,true,20260
14413,0.907884,HIT,true,19880
14414,0.815177,MISS,,21293
14415,0.465922,MISS,,19125
14416,0.862686,HIT,true,18733
14417,0.866931,HIT,true,18244
14418,0.914535,HIT,true,31842
14419,0.983927,HIT,true,32763
14420,0.845940,MISS,,21034
14421,0.977229,HIT,true,20586
14422,0.934085,HIT,true,22473
14423,0.854375,HIT,true,25472
14424,0.536048,MISS,,25635
14425,0.477189,MISS,,22070
14426,0.909585,HIT,true,20078
14427,0.467335,MISS,,18526
14428,0.720234,MISS,,20711
14429,0.671971,MISS,,23483
14430,0.723691,MISS,,23096
14431,0.452614,MISS,,20521
14432,0.995174,HIT,true,18270
14433,0.888359,HIT,false,26569
14434,0.868616,HIT,true,24662
14435,0.494965,MISS,,21609
14436,0.913513,HIT,true,18477
14437,0.896317,HIT,true,20152
14438,0.976481,HIT,true,17742
14439,0.986795,HIT,true,19884
14440,0.947469,HIT,true,22724
14441,0.767576,MISS,,19666
14442,0.796434,MISS,,20119
14443,0.676498,MISS,,26984
14444,0.994334,HIT,true,23079
14445,0.609367,MISS,,18757
14446,0.908069,HIT,true,18823
14447,0.616505,MISS,,19080
14448,0.799341,MISS,,23018
14449,0.578528,MISS,,22432
14450,0.754226,MISS,,20270
14451,0.902689,HIT,true,22767
14452,0.992748,HIT,true,20028
14453,0.759593,MISS,,18487
14454,0.818612,MISS,,19680
14455,0.865338,HIT,true,17763
14456,0.938691,HIT,true,18310
14457,0.702775,MISS,,18363
14458,0.938367,HIT,true,18813
14459,0.989591,HIT,true,17564
14460,0.994583,HIT,true,16977
14461,0.983673,HIT,true,19641
14462,0.895550,HIT,false,18659
14463,0.898259,HIT,true,18556
14464,0.675350,MISS,,17331
14465,0.972776,HIT,true,17111
14466,0.978368,HIT,true,19184
14467,0.966589,HIT,true,17734
14468,0.987224,HIT,true,17005
14469,0.918675,HIT,true,18442
14470,0.752724,MISS,,20596
14471,0.960475,HIT,true,17670
14472,0.706555,MISS,,17241
14473,0.934797,HIT,true,18280
14474,0.780620,MISS,,17773
14475,0.949923,HIT,true,18956
14476,0.583196,MISS,,19948
14477,0.952487,HIT,true,18938
14478,0.420924,MISS,,18361
14479,0.476700,MISS,,19720
14480,0.855442,HIT,true,18988
14481,0.933639,HIT,true,17169
14482,0.641566,MISS,,17574
14483,0.937652,HIT,true,20857
14484,0.650688,MISS,,21201
14485,0.560005,MISS,,19245
14486,0.969865,HIT,true,19871
14487,0.946853,HIT,true,18421
14488,0.985305,HIT,true,19808
14489,0.783856,MISS,,17660
14490,0.846985,MISS,,18094
14491,0.802569,MISS,,18939
14492,0.991661,HIT,true,18063
14493,0.491465,MISS,,18626
14494,0.993996,HIT,true,17049
14495,0.522279,MISS,,17370
14496,0.972814,HIT,true,16784
14497,0.530442,MISS,,18951
14498,0.875454,HIT,true,20061
14499,0.957560,HIT,true,18504
14500,0.941876,HIT,true,23960
14501,0.933113,HIT,true,19692
14502,0.688456,MISS,,19681
14503,0.761188,MISS,,19307
14504,0.931026,HIT,true,19801
14505,0.612799,MISS,,22433
14506,0.660448,MISS,,19133
14507,0.986090,HIT,true,18946
14508,0.853041,HIT,true,19364
14509,0.922626,HIT,true,35574
14510,0.747101,MISS,,17574
14511,0.877390,HIT,true,17826
14512,0.864232,HIT,true,20452
14513,0.916461,HIT,true,18762
14514,0.923314,HIT,true,17220
14515,0.908113,HIT,true,18927
14516,0.972481,HIT,true,19882
14517,0.993147,HIT,true,18561
14518,0.903390,HIT,true,17464
14519,0.989409,HIT,true,20072
14520,0.937059,HIT,true,17957
14521,0.900643,HIT,true,18084
14522,0.340101,MISS,,19761
14523,0.981752,HIT,true,17022
14524,0.832015,MISS,,17289
14525,0.901309,HIT,true,19057
14526,0.905689,HIT,true,19232
14527,0.559609,MISS,,19399
14528,0.893135,HIT,true,18381
14529,0.944476,HIT,true,16992
14530,0.861166,HIT,true,17582
14531,0.599347,MISS,,19108
14532,0.821197,MISS,,17448
14533,0.915375,HIT,true,19836
14534,0.975033,HIT,true,17628
14535,0.771736,MISS,,18751
14536,0.976898,HIT,true,19708
14537,0.754635,MISS,,17052
14538,0.955576,HIT,true,17632
14539,0.916407,HIT,true,17539
14540,0.835104,MISS,,20347
14541,1.000000,HIT,true,20990
14542,0.642865,MISS,,17491
14543,0.994926,HIT,true,18606
14544,0.481341,MISS,,19766
14545,0.445462,MISS,,17068
14546,0.697211,MISS,,17678
14547,0.903988,HIT,true,17929
14548,0.524666,MISS,,19855
14549,0.776354,MISS,,18998
14550,0.450652,MISS,,18409
14551,0.931639,HIT,true,17287
14552,0.910719,HIT,true,18616
14553,0.864944,HIT,false,20359
14554,0.516269,MISS,,17366
14555,0.805367,MISS,,21402
14556,0.691166,MISS,,19566
14557,0.673082,MISS,,20163
14558,0.684988,MISS,,18314
14559,0.948555,HIT,true,17017
14560,0.979717,HIT,true,20206
14561,0.539017,MISS,,20914
14562,0.712065,MISS,,21585
14563,0.947605,HIT,true,18292
14564,0.881164,HIT,true,18084
14565,0.883416,HIT,true,17244
14566,0.951380,HIT,true,19284
14567,0.785680,MISS,,17155
14568,0.971143,HIT,true,18553
14569,0.966776,HIT,true,19368
14570,0.805620,MISS,,21793
14571,0.951369,HIT,true,18513
14572,0.982758,HIT,true,17226
14573,0.964031,HIT,true,17162
14574,0.940684,HIT,true,17322
14575,0.687737,MISS,,18135
14576,0.537554,MISS,,19567
14577,0.674201,MISS,,19213
14578,0.758325,MISS,,17329
14579,0.908166,HIT,true,18294
14580,0.958255,HIT,true,19265
14581,0.926539,HIT,true,16915
14582,0.696555,MISS,,17317
14583,0.681415,MISS,,19151
14584,0.677261,MISS,,21443
14585,0.997184,HIT,true,20243
14586,0.900540,HIT,true,20879
14587,0.885435,HIT,true,19668
14588,0.933743,HIT,true,19754
14589,0.740503,MISS,,17829
14590,0.851834,HIT,true,17502
14591,0.765563,MISS,,21054
14592,0.858453,HIT,true,19958
14593,0.849217,MISS,,19038
14594,0.733171,MISS,,18178
14595,0.849420,MISS,,19494
14596,0.884811,HIT,true,18018
14597,0.983181,HIT,true,21408
14598,0.968106,HIT,true,20921
14599,0.934964,HIT,true,20644
14600,0.523025,MISS,,19032
14601,0.943108,HIT,true,18445
14602,0.791200,MISS,,18124
14603,0.504504,MISS,,19705
14604,0.954647,HIT,true,22940
14605,0.996268,HIT,true,35299
14606,0.909844,HIT,true,23368
14607,0.839212,MISS,,20487
14608,0.810627,MISS,,20115
14609,0.698602,MISS,,19071
14610,0.631685,MISS,,19105
14611,0.604878,MISS,,21294
14612,0.534628,MISS,,24679
14613,0.977103,HIT,true,21744
14614,0.972349,HIT,true,19054
14615,0.866627,HIT,true,19126
14616,0.991826,HIT,true,21331
14617,0.534697,MISS,,24625
14618,0.975733,HIT,true,22530
14619,0.460229,MISS,,23139
14620,0.945685,HIT,true,21051
14621,0.931921,HIT,true,18427
14622,0.663521,MISS,,18791
14623,0.939781,HIT,true,20932
14624,0.974552,HIT,true,19235
14625,0.989624,HIT,true,19621
14626,0.762525,MISS,,23573
14627,0.960851,HIT,false,19816
14628,0.787840,MISS,,19646
14629,0.995758,HIT,true,25463
14630,0.973547,HIT,true,27545
14631,0.983893,HIT,true,35941
14632,0.569460,MISS,,31648
14633,0.940333,HIT,true,28191
14634,0.943846,HIT,true,29976
14635,0.871025,HIT,true,26867
14636,0.810952,MISS,,27251
14637,0.932030,HIT,true,33405
14638,0.533613,MISS,,28585
14639,0.850475,HIT,true,26781
14640,0.920832,HIT,true,22888
14641,0.913193,HIT,true,23324
14642,0.875138,HIT,true,23918
14643,0.921643,HIT,true,24391
14644,0.632394,MISS,,22127
14645,0.778550,MISS,,21609
14646,0.906493,HIT,true,23143
14647,0.976589,HIT,true,20322
14648,0.853370,HIT,true,21695
14649,0.871881,HIT,true,22063
14650,0.854046,HIT,true,23665
14651,0.551254,MISS,,21352
14652,0.868145,HIT,true,22861
14653,0.731345,MISS,,27301
14654,0.874390,HIT,true,26496
14655,0.807544,MISS,,22930
14656,0.822962,MISS,,25211
14657,0.776821,MISS,,22048
14658,0.805669,MISS,,20576
14659,0.943042,HIT,true,20489
14660,0.780109,MISS,,24763
14661,0.962167,HIT,true,22449
14662,0.941808,HIT,true,23310
14663,0.577017,MISS,,24503
14664,0.573934,MISS,,22414
14665,0.688872,MISS,,21800
14666,0.920166,HIT,true,22362
14667,0.676143,MISS,,21328
14668,0.984519,HIT,true,24839
14669,0.982638,HIT,true,22151
14670,0.554518,MISS,,20644
14671,0.988232,HIT,true,20325
14672,0.915820,HIT,true,22363
14673,0.805391,MISS,,20377
14674,0.977697,HIT,true,20251
14675,0.623676,MISS,,20713
14676,0.779930,MISS,,20527
14677,0.822598,MISS,,20034
14678,0.565960,MISS,,21619
14679,0.830122,MISS,,20818
14680,0.953854,HIT,true,22473
14681,0.933976,HIT,true,25150
14682,0.837339,MISS,,25421
14683,0.991461,HIT,true,26517
14684,0.976337,HIT,true,21160
14685,0.973460,HIT,true,20027
14686,0.952170,HIT,true,20536
14687,0.479933,MISS,,22622
14688,0.852054,HIT,true,19732
14689,0.962156,HIT,true,19521
14690,0.758487,MISS,,19542
14691,0.930864,HIT,true,23264
14692,0.718960,MISS,,21531
14693,0.763585,MISS,,25273
14694,0.777538,MISS,,20626
14695,0.816199,MISS,,23303
14696,0.532112,MISS,,26034
14697,0.850303,HIT,true,21721
14698,0.616851,MISS,,22852
14699,0.884951,HIT,true,26837
14700,0.912164,HIT,true,24199
14701,0.841044,MISS,,20624
14702,0.964823,HIT,true,32897
14703,0.649989,MISS,,22698
14704,0.917503,HIT,true,24297
14705,0.488166,MISS,,34679
14706,0.920059,HIT,true,21591
14707,0.781647,MISS,,19731
14708,0.938856,HIT,true,26683
14709,0.924211,HIT,true,23016
14710,0.814832,MISS,,21493
14711,0.930679,HIT,true,20270
14712,0.930404,HIT,true,29542
14713,0.816633,MISS,,21553
14714,0.759327,MISS,,22251
14715,0.980847,HIT,true,23048
14716,0.817073,MISS,,23659
14717,0.452866,MISS,,26834
14718,0.863276,HIT,true,21733
14719,0.938795,HIT,true,34917
14720,0.734729,MISS,,23134
14721,0.980503,HIT,true,24250
14722,0.809903,MISS,,20139
14723,0.943929,HIT,true,20797
14724,0.931196,HIT,true,19798
14725,0.958076,HIT,true,20945
14726,0.942203,HIT,true,20874
14727,0.846212,MISS,,25449
14728,0.993439,HIT,true,25120
14729,0.836972,MISS,,20425
14730,0.899024,HIT,true,20482
14731,0.716677,MISS,,19867
14732,0.706136,MISS,,19686
14733,0.867910,HIT,true,21881
14734,0.901236,HIT,true,20599
14735,0.958377,HIT,true,21744
14736,0.830929,MISS,,20609
14737,0.921923,HIT,true,20620
14738,0.928513,HIT,false,19986
14739,0.545687,MISS,,20919
14740,0.676976,MISS,,22710
14741,0.843785,MISS,,21224
14742,0.980649,HIT,true,20730
14743,0.838844,MISS,,19904
14744,0.905862,HIT,true,20005
14745,0.770415,MISS,,21210
14746,0.830857,MISS,,20508
14747,0.892357,HIT,true,22495
14748,0.780371,MISS,,19702
14749,0.580451,MISS,,20842
14750,0.996885,HIT,true,19597
14751,0.962693,HIT,true,19183
14752,0.903765,HIT,true,21315
14753,0.755434,MISS,,19949
14754,0.997644,HIT,true,19578
14755,0.948611,HIT,true,18969
14756,0.555433,MISS,,19093
14757,0.544042,MISS,,20258
14758,0.633736,MISS,,19512
14759,0.685464,MISS,,21456
14760,0.926290,HIT,true,19302
14761,0.720962,MISS,,19000
14762,0.849375,MISS,,21840
14763,0.809701,MISS,,19429
14764,0.988290,HIT,true,20162
14765,0.973579,HIT,true,20355
14766,0.539701,MISS,,21302
14767,0.940858,HIT,true,20523
14768,0.869131,HIT,true,19459
14769,0.940580,HIT,true,19954
14770,0.943712,HIT,true,20595
14771,0.910965,HIT,true,19616
14772,0.998003,HIT,true,21652
14773,0.772779,MISS,,20244
14774,0.978340,HIT,true,19908
14775,0.998527,HIT,true,20930
14776,0.758753,MISS,,22937
14777,0.950869,HIT,true,21561
14778,0.627577,MISS,,22790
14779,0.854343,HIT,true,26050
14780,0.738868,MISS,,27334
14781,0.851325,HIT,true,26194
14782,0.976314,HIT,true,20211
14783,0.958253,HIT,true,20704
14784,0.599700,MISS,,23213
14785,0.960281,HIT,true,21699
14786,0.927929,HIT,true,20099
14787,0.924854,HIT,true,24045
14788,0.961714,HIT,true,34026
14789,0.919820,HIT,true,26978
14790,0.925088,HIT,true,22470
14791,0.881785,HIT,true,22108
14792,0.998302,HIT,true,23152
14793,0.834270,MISS,,21996
14794,0.947056,HIT,true,21868
14795,0.739095,MISS,,22603
14796,0.727304,MISS,,25329
14797,0.756683,MISS,,21839
14798,0.969055,HIT,true,22510
14799,0.966829,HIT,true,24593
14800,0.776490,MISS,,21527
14801,0.994659,HIT,true,23908
14802,0.985810,HIT,true,24314
14803,0.916521,HIT,true,22319
14804,0.679735,MISS,,22072
14805,0.769071,MISS,,20651
14806,0.971083,HIT,true,20818
14807,0.948485,HIT,true,23122
14808,0.903371,HIT,true,22258
14809,0.946115,HIT,true,21790
14810,0.845001,MISS,,22395
14811,0.815374,MISS,,23647
14812,0.962568,HIT,true,21612
14813,0.899778,HIT,true,29743
14814,0.788331,MISS,,23011
14815,0.865321,HIT,true,24208
14816,0.889041,HIT,true,22504
14817,0.992456,HIT,true,25139
14818,0.865434,HIT,true,27239
14819,0.946594,HIT,true,23158
14820,0.706188,MISS,,24324
14821,0.983197,HIT,true,23084
14822,0.787095,MISS,,22888
14823,0.943791,HIT,true,25513
14824,0.963699,HIT,true,21700
14825,0.868421,HIT,true,23646
14826,0.881622,HIT,true,24057
14827,0.990093,HIT,true,22800
14828,0.943428,HIT,true,23209
14829,0.889153,HIT,true,23507
14830,0.744290,MISS,,25765
14831,0.930684,HIT,true,20974
14832,0.816448,MISS,,21763
14833,0.955192,HIT,true,21360
14834,0.922810,HIT,true,21760
14835,0.868927,HIT,true,20291
14836,0.981571,HIT,true,22522
14837,0.961533,HIT,false,21256
14838,0.978995,HIT,true,21500
14839,0.937252,HIT,false,21061
14840,0.964880,HIT,true,19147
14841,0.850355,HIT,true,20427
14842,0.761489,MISS,,21050
14843,0.928791,HIT,true,19392
14844,0.939800,HIT,true,18118
14845,0.868875,HIT,true,17774
14846,0.565679,MISS,,21041
14847,0.945455,HIT,true,20672
14848,0.877999,HIT,true,17672
14849,0.861364,HIT,false,24851
14850,0.847043,MISS,,22691
14851,0.649286,MISS,,21055
14852,0.842956,MISS,,23396
14853,0.772694,MISS,,23449
14854,0.555344,MISS,,21798
14855,0.906776,HIT,true,24550
14856,0.918742,HIT,true,23072
14857,0.814197,MISS,,23656
14858,0.926731,HIT,true,28817
14859,0.542851,MISS,,20370
14860,0.801583,MISS,,22701
14861,0.994647,HIT,true,22142
14862,0.879721,HIT,true,20269
14863,0.890630,HIT,true,20761
14864,0.932508,HIT,true,21068
14865,0.906940,HIT,true,18155
14866,0.864483,HIT,true,20646
14867,0.919963,HIT,true,21762
14868,0.683526,MISS,,20212
14869,0.884702,HIT,true,19860
14870,0.920897,HIT,true,18334
14871,0.863052,HIT,true,19744
14872,0.847661,MISS,,18222
14873,0.928617,HIT,true,20113
14874,0.456514,MISS,,21597
14875,0.927016,HIT,true,20524
14876,0.892274,HIT,true,19487
14877,0.565451,MISS,,20690
14878,0.539956,MISS,,18513
14879,0.925535,HIT,true,17328
14880,0.782177,MISS,,19141
14881,0.940414,HIT,true,22585
14882,0.855945,HIT,true,20196
14883,0.957569,HIT,true,21792
14884,0.992044,HIT,true,20014
14885,0.942296,HIT,true,21049
14886,0.892085,HIT,true,19830
14887,0.965199,HIT,true,20227
14888,0.914790,HIT,true,19347
14889,0.941718,HIT,true,22662
14890,0.936649,HIT,true,20461
14891,0.825996,MISS,,20416
14892,0.832360,MISS,,29604
14893,0.769360,MISS,,24809
14894,0.567664,MISS,,19965
14895,0.427700,MISS,,19450
14896,0.859775,HIT,true,18446
14897,0.814379,MISS,,19610
14898,0.961906,HIT,true,18563
14899,0.834022,MISS,,18141
14900,0.985746,HIT,true,19338
14901,0.961107,HIT,true,19978
14902,0.981425,HIT,true,19709
14903,0.800955,MISS,,19512
14904,0.609120,MISS,,19176
14905,0.946067,HIT,true,18526
14906,0.877242,HIT,true,19387
14907,0.736691,MISS,,19549
14908,0.600784,MISS,,19608
14909,0.945927,HIT,true,21650
14910,0.977625,HIT,true,21320
14911,0.929294,HIT,true,20521
14912,0.963414,HIT,true,19318
14913,0.569201,MISS,,19028
14914,0.322189,MISS,,20880
14915,0.631376,MISS,,19523
14916,0.628730,MISS,,19600
14917,0.748137,MISS,,19397
14918,0.642381,MISS,,20371
14919,0.602555,MISS,,19326
14920,0.580888,MISS,,18132
14921,0.974180,HIT,true,20823
14922,0.891570,HIT,true,20022
14923,0.513290,MISS,,19747
14924,0.947720,HIT,true,19924
14925,0.679495,MISS,,19410
14926,0.991192,HIT,true,23014
14927,0.603744,MISS,,24488
14928,0.861848,HIT,true,20300
14929,0.632695,MISS,,19654
14930,0.920848,HIT,false,21440
14931,0.531882,MISS,,20858
14932,0.849309,MISS,,20503
14933,0.861697,HIT,true,26425
14934,0.957516,HIT,true,22890
14935,0.996112,HIT,true,20670
14936,0.804615,MISS,,19614
14937,0.511111,MISS,,20153
14938,0.995205,HIT,true,20573
14939,0.978075,HIT,true,21239
14940,0.944036,HIT,true,21538
14941,0.740499,MISS,,20415
14942,0.868598,HIT,true,19932
14943,0.915649,HIT,true,20412
14944,0.992068,HIT,true,19815
14945,0.580827,MISS,,18467
14946,0.571607,MISS,,19762
14947,0.862751,HIT,true,18629
14948,0.821361,MISS,,20019
14949,0.714363,MISS,,19315
14950,0.527253,MISS,,20462
14951,0.824179,MISS,,18998
14952,0.896881,HIT,true,18420
14953,0.628864,MISS,,20457
14954,0.992271,HIT,true,20862
14955,0.927652,HIT,true,19778
14956,0.796410,MISS,,20303
14957,0.962322,HIT,true,20877
14958,0.748587,MISS,,20828
14959,0.661996,MISS,,19257
14960,0.792339,MISS,,21812
14961,0.951105,HIT,true,21442
14962,0.924714,HIT,true,20575
14963,0.786244,MISS,,20286
14964,0.826017,MISS,,20223
14965,0.878161,HIT,true,19630
14966,0.930201,HIT,true,19938
14967,0.964337,HIT,true,19306
14968,0.921943,HIT,true,19997
14969,0.538774,MISS,,19435
14970,0.882629,HIT,true,21012
14971,0.766187,MISS,,19438
14972,0.763247,MISS,,20272
14973,0.860306,HIT,true,19565
14974,0.964357,HIT,true,23410
14975,0.866593,HIT,true,21644
14976,0.904853,HIT,true,20943
14977,0.934606,HIT,true,21149
14978,0.997706,HIT,true,21517
14979,0.630703,MISS,,20652
14980,0.841742,MISS,,20246
14981,0.966278,HIT,true,21165
14982,0.587768,MISS,,20069
14983,0.853462,HIT,false,19651
14984,0.955565,HIT,true,19705
14985,0.956083,HIT,true,19269
14986,0.997080,HIT,true,20774
14987,0.973650,HIT,true,20101
14988,0.900389,HIT,true,22805
14989,0.708415,MISS,,22992
14990,0.958497,HIT,true,21324
14991,0.972647,HIT,true,21286
14992,0.955481,HIT,true,20756
14993,0.957608,HIT,true,21895
14994,0.910310,HIT,true,21316
14995,0.961437,HIT,true,21295
14996,0.774239,MISS,,20015
14997,0.901370,HIT,true,20111
14998,0.841667,MISS,,20226
14999,0.842665,MISS,,19996
15000,0.816018,MISS,,21390
15001,0.993699,HIT,true,19961
15002,0.564308,MISS,,21083
15003,0.727293,MISS,,19990
15004,0.881162,HIT,true,19719
15005,0.984423,HIT,true,19280
15006,0.935131,HIT,true,21163
15007,0.520384,MISS,,20221
15008,0.903673,HIT,true,20377
15009,0.608630,MISS,,19522
15010,0.996883,HIT,true,20297
15011,0.919473,HIT,true,19628
15012,0.931869,HIT,true,20027
15013,0.892466,HIT,true,21750
15014,0.826318,MISS,,23623
15015,0.972681,HIT,true,19995
15016,0.988388,HIT,true,19817
15017,0.648110,MISS,,19690
15018,0.943379,HIT,true,19822
15019,0.981364,HIT,true,20900
15020,0.814125,MISS,,19849
15021,0.947548,HIT,true,19670
15022,0.859074,HIT,true,19805
15023,0.984438,HIT,true,19651
15024,0.842773,MISS,,19772
15025,0.964242,HIT,true,19226
15026,0.926237,HIT,true,20946
15027,0.886673,HIT,true,20119
15028,0.950700,HIT,true,19139
15029,0.719912,MISS,,19723
15030,0.948398,HIT,true,19342
15031,0.865146,HIT,true,20533
15032,0.784115,MISS,,19637
15033,0.668471,MISS,,26658
15034,0.913436,HIT,true,22364
15035,0.990863,HIT,true,23186
15036,0.837248,MISS,,26553
15037,0.841043,MISS,,21662
15038,0.999314,HIT,true,21452
15039,0.850638,HIT,false,25032
15040,0.934308,HIT,true,19786
15041,0.558586,MISS,,20103
15042,0.607915,MISS,,20445
15043,0.651500,MISS,,20582
15044,0.674899,MISS,,19738
15045,0.961266,HIT,true,20657
15046,0.644964,MISS,,20349
15047,0.960644,HIT,true,19721
15048,0.964091,HIT,true,19727
15049,0.900974,HIT,true,19421
15050,0.900900,HIT,true,19774
15051,0.847507,MISS,,19490
15052,0.998242,HIT,true,20906
15053,0.533776,MISS,,19428
15054,0.931122,HIT,true,20543
15055,0.779917,MISS,,19153
15056,0.900927,HIT,true,22954
15057,0.888197,HIT,true,20455
15058,0.708021,MISS,,21410
15059,0.754654,MISS,,20526
15060,0.428809,MISS,,19230
15061,0.900724,HIT,true,20650
15062,0.981437,HIT,true,20102
15063,0.847733,MISS,,19814
15064,0.896252,HIT,true,19669
15065,0.920061,HIT,true,20457
15066,0.907800,HIT,true,20632
15067,0.543630,MISS,,19209
15068,0.709365,MISS,,19317
15069,0.847413,MISS,,19457
15070,0.833983,MISS,,19097
15071,0.546649,MISS,,20201
15072,0.514639,MISS,,21310
15073,0.860339,HIT,true,19364
15074,0.996865,HIT,true,19884
15075,0.985273,HIT,true,19834
15076,0.994112,HIT,true,19567
15077,0.878164,HIT,false,19131
15078,0.889518,HIT,true,19614
15079,0.938768,HIT,true,23651
15080,0.877924,HIT,true,19999
15081,0.956225,HIT,true,21283
15082,0.976678,HIT,true,21880
15083,0.531195,MISS,,23116
15084,0.912287,HIT,true,19597
15085,0.892308,HIT,true,21297
15086,0.787329,MISS,,19860
15087,0.992429,HIT,true,20570
15088,0.708074,MISS,,20169
15089,0.809541,MISS,,24846
15090,0.990862,HIT,true,44491
15091,0.473086,MISS,,27907
15092,0.423355,MISS,,23835
15093,0.958371,HIT,true,24104
15094,0.771430,MISS,,40488
15095,0.881485,HIT,true,52825
15096,0.849039,MISS,,34636
15097,0.758486,MISS,,29475
15098,0.867090,HIT,true,23078
15099,0.856942,HIT,true,20803
15100,0.971580,HIT,true,20580
15101,0.757006,MISS,,23738
15102,0.793488,MISS,,27064
15103,0.771087,MISS,,25568
15104,0.856745,HIT,true,23318
15105,0.920375,HIT,true,21826
15106,0.754573,MISS,,20045
15107,0.936998,HIT,true,20410
15108,0.920210,HIT,true,20210
15109,0.699530,MISS,,22149
15110,0.960257,HIT,true,20005
15111,0.670874,MISS,,21325
15112,0.969615,HIT,true,21304
15113,0.903174,HIT,true,20440
15114,0.925729,HIT,true,20950
15115,0.818310,MISS,,20400
15116,0.916891,HIT,true,21412
15117,0.948112,HIT,true,20256
15118,0.964267,HIT,true,21901
15119,0.938312,HIT,true,19744
15120,0.802482,MISS,,20181
15121,0.634481,MISS,,19789
15122,0.921925,HIT,true,20811
15123,0.859693,HIT,true,21134
15124,0.939715,HIT,true,23098
15125,0.957759,HIT,true,24520
15126,0.992223,HIT,true,21581
15127,0.620714,MISS,,21394
15128,0.969806,HIT,true,22459
15129,0.827392,MISS,,21107
15130,0.886241,HIT,true,23148
15131,0.969748,HIT,true,23009
15132,0.901337,HIT,true,23648
15133,0.589197,MISS,,20559
15134,0.938229,HIT,true,20519
15135,0.935164,HIT,true,23945
15136,0.884731,HIT,true,22232
15137,0.723339,MISS,,22832
15138,0.550151,MISS,,21764
15139,0.959458,HIT,true,20777
15140,0.818720,MISS,,20207
15141,0.968345,HIT,true,19669
15142,0.942064,HIT,true,21991
15143,0.493759,MISS,,21949
15144,0.884889,HIT,true,25262
15145,0.843775,MISS,,22427
15146,0.694914,MISS,,22789
15147,0.764580,MISS,,24306
15148,0.937703,HIT,true,23552
15149,0.965276,HIT,true,20824
15150,0.785658,MISS,,21284
15151,0.676984,MISS,,23798
15152,0.724900,MISS,,21739
15153,0.980135,HIT,true,24043
15154,0.766110,MISS,,22709
15155,0.994856,HIT,true,19846
15156,0.699890,MISS,,20259
15157,0.433394,MISS,,19811
15158,0.898567,HIT,true,21175
15159,0.800668,MISS,,19591
15160,0.663991,MISS,,24061
15161,0.972449,HIT,true,25744
15162,0.651523,MISS,,21266
15163,0.950400,HIT,true,21208
15164,0.970033,HIT,true,20417
15165,0.941877,HIT,true,21064
15166,0.971823,HIT,true,19290
15167,0.998165,HIT,true,20982
15168,0.677971,MISS,,19809
15169,0.687581,MISS,,20447
15170,0.915062,HIT,true,21040
15171,0.601400,MISS,,22433
15172,0.903725,HIT,true,24452
15173,0.810233,MISS,,24675
15174,0.928064,HIT,true,24200
15175,0.934079,HIT,true,24553
15176,0.991902,HIT,true,24155
15177,0.987675,HIT,true,26064
15178,0.944812,HIT,true,25797
15179,0.802719,MISS,,23616
15180,0.996981,HIT,true,23838
15181,0.966876,HIT,true,24206
15182,0.933920,HIT,true,23716
15183,0.792955,MISS,,26443
15184,0.967302,HIT,true,23941
15185,0.822574,MISS,,24898
15186,0.925672,HIT,true,24057
15187,0.716987,MISS,,23097
15188,0.696909,MISS,,25250
15189,0.981116,HIT,true,24893
15190,0.961470,HIT,true,25276
15191,0.640248,MISS,,23251
15192,0.952264,HIT,true,24769
15193,0.855880,HIT,true,25931
15194,0.800224,MISS,,25978
15195,0.981498,HIT,true,25362
15196,0.767887,MISS,,24996
15197,0.962857,HIT,true,23154
15198,0.794910,MISS,,24254
15199,0.966754,HIT,true,24759
15200,0.985400,HIT,true,24564
15201,0.924861,HIT,true,22986
15202,0.954540,HIT,true,25151
15203,0.593258,MISS,,26381
15204,0.935994,HIT,true,26950
15205,0.971037,HIT,true,27203
15206,0.938879,HIT,true,26509
15207,0.561980,MISS,,25220
15208,0.896711,HIT,true,25943
15209,0.904667,HIT,true,26136
15210,0.963233,HIT,true,26632
15211,0.946532,HIT,true,28728
15212,0.894351,HIT,true,26094
15213,0.915856,HIT,true,30430
15214,0.535554,MISS,,28068
15215,0.575066,MISS,,30756
15216,0.752134,MISS,,26363
15217,0.592877,MISS,,28199
15218,0.889013,HIT,true,28312
15219,0.900506,HIT,true,25250
15220,0.918997,HIT,true,59916
15221,0.887773,HIT,true,37681
15222,0.925992,HIT,true,32072
15223,0.909986,HIT,true,27992
15224,0.654243,MISS,,26242
15225,0.556956,MISS,,23906
15226,0.836421,MISS,,26599
15227,0.966032,HIT,true,25222
15228,0.985603,HIT,true,26703
15229,0.815138,MISS,,25783
15230,0.440040,MISS,,23828
15231,0.915272,HIT,true,24103
15232,0.957540,HIT,true,25566
15233,0.848766,MISS,,29025
15234,0.700030,MISS,,27396
15235,0.957973,HIT,true,26687
15236,0.983064,HIT,true,25726
15237,0.933335,HIT,true,25574
15238,0.553006,MISS,,26910
15239,0.953754,HIT,true,26775
15240,0.558850,MISS,,23585
15241,0.795205,MISS,,25952
15242,0.756876,MISS,,29468
15243,0.846342,MISS,,30096
15244,0.868798,HIT,true,28777
15245,0.992000,HIT,true,28681
15246,0.880626,HIT,true,26728
15247,0.850490,HIT,true,24490
15248,0.974048,HIT,true,33745
15249,0.942811,HIT,true,33072
15250,0.904630,HIT,true,30116
15251,0.916365,HIT,true,26206
15252,0.916533,HIT,true,25105
15253,0.909770,HIT,true,29645
15254,0.863417,HIT,true,48319
15255,0.921476,HIT,true,26200
15256,0.575355,MISS,,27732
15257,0.847858,MISS,,40518
15258,0.481835,MISS,,30407
15259,0.996492,HIT,true,35893
15260,0.951868,HIT,true,41937
15261,0.477072,MISS,,29083
15262,0.877935,HIT,true,28039
15263,0.992625,HIT,true,26278
15264,0.936229,HIT,true,26439
15265,0.538128,MISS,,29979
15266,0.762403,MISS,,29171
15267,0.914330,HIT,true,25494
15268,0.885771,HIT,true,25596
15269,0.852403,HIT,true,25429
15270,0.706457,MISS,,24627
15271,0.921999,HIT,true,25666
15272,0.975908,HIT,true,25520
15273,0.895971,HIT,true,23439
15274,0.817294,MISS,,24386
15275,0.921663,HIT,true,24609
15276,0.961918,HIT,true,25764
15277,0.963243,HIT,true,23538
15278,0.954377,HIT,true,23650
15279,0.850947,HIT,false,26808
15280,0.693063,MISS,,23719
15281,0.926142,HIT,true,24729
15282,0.701802,MISS,,27156
15283,0.950132,HIT,true,25296
15284,0.930194,HIT,true,25604
15285,0.891686,HIT,true,24112
15286,0.843035,MISS,,23886
15287,0.886599,HIT,true,28569
15288,0.846471,MISS,,23583
15289,0.776301,MISS,,24402
15290,0.937234,HIT,true,23476
15291,0.899006,HIT,true,27352
15292,0.610935,MISS,,28105
15293,0.867968,HIT,true,23439
15294,0.931421,HIT,true,22670
15295,0.838730,MISS,,26364
15296,0.934868,HIT,true,22689
15297,0.737883,MISS,,23836
15298,0.951401,HIT,true,26671
15299,0.790065,MISS,,26037
15300,0.893558,HIT,true,25189
15301,0.983278,HIT,true,24047
15302,0.934481,HIT,true,25583
15303,0.602612,MISS,,27732
15304,0.860765,HIT,true,25272
15305,0.502257,MISS,,27455
15306,0.863789,HIT,true,26986
15307,0.887287,HIT,true,23021
15308,0.834937,MISS,,28524
15309,0.607831,MISS,,24700
15310,0.962980,HIT,true,23854
15311,0.838174,MISS,,27454
15312,0.773906,MISS,,25411
15313,0.796766,MISS,,24955
15314,0.984855,HIT,true,28049
15315,0.852056,HIT,true,24577
15316,0.896782,HIT,true,25204
15317,0.960878,HIT,true,22695
15318,0.994222,HIT,true,26460
15319,0.918187,HIT,true,24653
15320,0.671037,MISS,,23906
15321,0.760672,MISS,,25442
15322,0.421782,MISS,,24828
15323,0.924246,HIT,true,24111
15324,0.810933,MISS,,28262
15325,0.946946,HIT,true,25678
15326,0.913717,HIT,true,27024
15327,0.989731,HIT,true,23153
15328,0.853212,HIT,true,27237
15329,0.622945,MISS,,24689
15330,0.892329,HIT,true,27310
15331,0.515310,MISS,,27750
15332,0.957610,HIT,true,23692
15333,0.591980,MISS,,24432
15334,0.936429,HIT,true,28061
15335,0.960717,HIT,true,27483
15336,0.968793,HIT,true,23175
15337,0.828784,MISS,,27080
15338,0.985663,HIT,true,26001
15339,0.878078,HIT,true,25194
15340,0.948407,HIT,true,28237
15341,0.935079,HIT,true,23063
15342,0.747731,MISS,,23362
15343,0.921411,HIT,true,25714
15344,0.939134,HIT,true,24532
15345,0.601064,MISS,,27344
15346,0.784681,MISS,,26732
15347,0.767564,MISS,,26551
15348,0.749102,MISS,,24398
15349,0.931216,HIT,true,24106
15350,0.950102,HIT,true,28190
15351,0.906725,HIT,true,23391
15352,0.789224,MISS,,24958
15353,0.794816,MISS,,25165
15354,0.977931,HIT,true,26059
15355,0.556970,MISS,,25471
15356,0.991626,HIT,true,25666
15357,0.975349,HIT,true,25015
15358,0.854991,HIT,false,26575
15359,0.890955,HIT,true,24576
15360,0.837007,MISS,,27317
15361,0.820017,MISS,,23148
15362,0.761866,MISS,,24841
15363,0.865029,HIT,false,25523
15364,0.914392,HIT,true,24006
15365,0.884121,HIT,true,24389
15366,0.693873,MISS,,26795
15367,0.885650,HIT,true,25214
15368,0.863712,HIT,true,23905
15369,0.794032,MISS,,23664
15370,0.980122,HIT,true,28299
15371,0.873296,HIT,true,26408
15372,0.957842,HIT,true,23258
15373,0.892085,HIT,true,25587
15374,0.984327,HIT,true,22883
15375,0.989844,HIT,true,26268
15376,0.839587,MISS,,25726
15377,0.498282,MISS,,24876
15378,0.945197,HIT,true,23043
15379,0.982220,HIT,true,26809
15380,0.995966,HIT,true,26878
15381,0.661377,MISS,,23914
15382,0.985950,HIT,true,24240
15383,0.912758,HIT,true,24123
15384,0.811237,MISS,,22771
15385,0.877445,HIT,true,24669
15386,0.880722,HIT,false,27101
15387,0.710014,MISS,,26947
15388,0.827260,MISS,,25227
15389,0.915441,HIT,true,24826
15390,0.598407,MISS,,25070
15391,0.887041,HIT,true,24353
15392,0.852788,HIT,true,23543
15393,0.865389,HIT,false,28023
15394,0.838958,MISS,,24237
15395,0.798091,MISS,,23583
15396,0.951815,HIT,true,26735
15397,0.995862,HIT,true,24537
15398,0.837840,MISS,,26886
15399,0.913421,HIT,true,24624
15400,0.989630,HIT,true,24397
15401,0.921886,HIT,true,24947
15402,0.945718,HIT,true,22529
15403,0.821576,MISS,,25621
15404,0.847957,MISS,,24922
15405,0.774783,MISS,,23861
15406,0.988293,HIT,true,26598
15407,1.000000,HIT,true,24451
15408,0.866516,HIT,true,26254
15409,0.939442,HIT,false,26756
15410,0.473276,MISS,,24840
15411,0.955020,HIT,true,24253
15412,0.538037,MISS,,26385
15413,0.935366,HIT,true,29298
15414,0.492497,MISS,,42473
15415,0.773061,MISS,,26236
15416,0.996610,HIT,true,23043
15417,0.942367,HIT,true,25909
15418,0.980191,HIT,true,28872
15419,0.923648,HIT,true,27182
15420,0.708768,MISS,,24049
15421,0.767435,MISS,,27359
15422,0.867520,HIT,true,24360
15423,0.944730,HIT,true,27861
15424,0.735154,MISS,,27999
15425,0.914911,HIT,true,27233
15426,0.834537,MISS,,24137
15427,0.850545,HIT,true,25446
15428,0.833747,MISS,,24856
15429,0.846398,MISS,,25965
15430,0.798860,MISS,,24177
15431,0.953255,HIT,true,25176
15432,0.724157,MISS,,24020
15433,0.763592,MISS,,24824
15434,0.919152,HIT,true,27716
15435,0.435278,MISS,,23116
15436,0.859423,HIT,true,27391
15437,0.801537,MISS,,23953
15438,0.992531,HIT,true,25021
15439,0.973288,HIT,true,29090
15440,0.991743,HIT,true,28734
15441,0.917661,HIT,true,25036
15442,0.781941,MISS,,27581
15443,0.920427,HIT,true,27998
15444,0.998360,HIT,true,26715
15445,0.820214,MISS,,24460
15446,0.722678,MISS,,22558
15447,0.920116,HIT,true,27011
15448,0.899570,HIT,true,22303
15449,0.883506,HIT,true,25069
15450,0.617405,MISS,,28702
15451,0.825129,MISS,,26932
15452,0.738189,MISS,,38626
15453,0.619061,MISS,,35680
15454,0.827120,MISS,,29682
15455,0.739100,MISS,,28606
15456,0.945541,HIT,true,22932
15457,0.752129,MISS,,23802
15458,0.528738,MISS,,23781
15459,0.990819,HIT,true,28518
15460,0.874524,HIT,true,25014
15461,0.993521,HIT,true,24091
15462,0.888080,HIT,true,28350
15463,0.789259,MISS,,28035
15464,0.929542,HIT,true,31343
15465,0.860889,HIT,true,29911
15466,0.861847,HIT,true,26720
15467,0.749332,MISS,,24169
15468,0.849613,MISS,,26177
15469,0.812910,MISS,,25994
15470,0.565108,MISS,,25379
15471,0.632595,MISS,,24320
15472,0.837851,MISS,,22673
15473,0.944878,HIT,true,23927
15474,0.555402,MISS,,26102
15475,0.947330,HIT,true,25626
15476,0.543877,MISS,,25283
15477,0.896076,HIT,true,24664
15478,0.981234,HIT,true,25535
15479,0.940864,HIT,true,23751
15480,0.997452,HIT,true,27584
15481,0.877680,HIT,true,32462
15482,0.875670,HIT,true,25076
15483,0.929764,HIT,true,24047
15484,0.584697,MISS,,24136
15485,0.983497,HIT,true,24734
15486,0.975176,HIT,true,23202
15487,0.869909,HIT,true,25299
15488,0.978787,HIT,true,23465
15489,0.914246,HIT,true,24297
15490,0.996330,HIT,true,27752
15491,0.803741,MISS,,25388
15492,0.977120,HIT,true,23042
15493,0.508032,MISS,,24136
15494,0.931463,HIT,true,24287
15495,0.935145,HIT,true,25652
15496,0.958422,HIT,true,23047
15497,0.824041,MISS,,23879
15498,0.884822,HIT,true,23502
15499,0.833077,MISS,,24139
15500,0.885589,HIT,true,24618
15501,0.518782,MISS,,27663
15502,0.971226,HIT,true,27286
15503,0.948784,HIT,true,23433
15504,0.949080,HIT,true,24380
15505,0.483267,MISS,,24759
15506,0.796631,MISS,,24830
15507,0.998611,HIT,true,25318
15508,0.797239,MISS,,24415
15509,0.786580,MISS,,24438
15510,0.861779,HIT,true,24899
15511,0.833488,MISS,,24377
15512,0.984064,HIT,true,26529
15513,0.911407,HIT,true,22804
15514,0.957269,HIT,true,23463
15515,0.614953,MISS,,25232
15516,0.935640,HIT,true,22437
15517,0.929340,HIT,true,24389
15518,0.970899,HIT,true,32861
15519,0.945021,HIT,true,24857
15520,0.980453,HIT,true,26802
15521,0.928794,HIT,true,27183
15522,0.973827,HIT,true,30748
15523,0.919884,HIT,true,26761
15524,0.932651,HIT,true,26366
15525,0.977168,HIT,true,24289
15526,0.936930,HIT,true,25591
15527,0.890834,HIT,true,24656
15528,0.958423,HIT,true,29123
15529,0.672349,MISS,,26265
15530,0.640691,MISS,,25282
15531,0.938405,HIT,true,23939
15532,0.979928,HIT,true,29021
15533,0.916452,HIT,false,26870
15534,0.581046,MISS,,25508
15535,0.957332,HIT,true,23557
15536,0.913542,HIT,true,24840
15537,0.883199,HIT,true,22894
15538,0.914128,HIT,true,26122
15539,0.813098,MISS,,26036
15540,0.941685,HIT,true,24103
15541,0.866698,HIT,false,22856
15542,0.660439,MISS,,24470
15543,0.998327,HIT,true,26953
15544,0.970184,HIT,true,24975
15545,0.963029,HIT,true,22434
15546,0.849634,MISS,,24491
15547,0.826777,MISS,,24917
15548,0.523621,MISS,,22533
15549,0.864525,HIT,false,25854
15550,0.858956,HIT,true,23251
15551,0.802508,MISS,,24743
15552,0.650714,MISS,,23801
15553,0.978367,HIT,true,24069
15554,0.868324,HIT,true,25725
15555,0.830885,MISS,,23871
15556,0.954394,HIT,false,23532
15557,0.792540,MISS,,23015
15558,0.700948,MISS,,23017
15559,0.825756,MISS,,26684
15560,0.919318,HIT,true,25249
15561,0.978260,HIT,true,23813
15562,0.570557,MISS,,23008
15563,0.916418,HIT,true,24469
15564,0.976769,HIT,true,24481
15565,0.956532,HIT,true,26285
15566,0.971200,HIT,true,24639
15567,0.928871,HIT,true,23489
15568,0.875870,HIT,true,22618
15569,0.823571,MISS,,22495
15570,0.517515,MISS,,27357
15571,0.851948,HIT,true,32740
15572,0.809007,MISS,,23461
15573,0.859953,HIT,true,26065
15574,0.916327,HIT,true,23945
15575,0.990170,HIT,true,24944
15576,0.906577,HIT,true,24639
15577,0.885911,HIT,true,23315
15578,0.989768,HIT,true,22674
15579,0.922003,HIT,true,23179
15580,0.516444,MISS,,24740
15581,0.905180,HIT,true,22668
15582,0.959124,HIT,true,24907
15583,0.754893,MISS,,24234
15584,0.953108,HIT,true,23051
15585,0.905148,HIT,true,23062
15586,0.878163,HIT,true,22708
15587,0.961092,HIT,true,23810
15588,0.839140,MISS,,24599
15589,0.805926,MISS,,25501
15590,0.851742,HIT,false,23354
15591,0.889356,HIT,true,23049
15592,0.993042,HIT,true,22984
15593,0.775686,MISS,,25802
15594,0.860878,HIT,true,25055
15595,0.910191,HIT,true,23682
15596,0.817258,MISS,,23240
15597,0.443143,MISS,,25049
15598,0.947985,HIT,true,22842
15599,0.932631,HIT,false,23981
15600,0.891108,HIT,true,24779
15601,0.752213,MISS,,26498
15602,0.946045,HIT,true,24701
15603,0.989777,HIT,true,25648
15604,0.824530,MISS,,24279
15605,0.946216,HIT,true,26177
15606,0.973860,HIT,true,23869
15607,0.996554,HIT,true,26803
15608,0.850003,HIT,true,25798
15609,0.886887,HIT,true,27529
15610,0.827946,MISS,,26320
15611,0.948233,HIT,true,24068
15612,0.961613,HIT,true,23541
15613,0.903534,HIT,true,24171
15614,0.940654,HIT,true,25398
15615,0.844297,MISS,,26212
15616,0.922352,HIT,true,23445
15617,0.831799,MISS,,24933
15618,0.952490,HIT,true,23390
15619,0.964691,HIT,true,22679
15620,0.978031,HIT,true,24315
15621,0.944318,HIT,true,23382
15622,0.584268,MISS,,22988
15623,0.923699,HIT,true,22945
15624,0.816260,MISS,,23066
15625,0.791593,MISS,,24456
15626,0.897563,HIT,true,23592
15627,0.999711,HIT,true,25344
15628,0.855124,HIT,true,22460
15629,0.989927,HIT,true,22756
15630,0.841512,MISS,,23045
15631,0.939639,HIT,true,23670
15632,0.846956,MISS,,23880
15633,0.951731,HIT,true,23056
15634,0.948563,HIT,true,23668
15635,0.786941,MISS,,22959
15636,0.721756,MISS,,22692
15637,0.898409,HIT,true,22702
15638,0.841856,MISS,,30541
15639,0.760230,MISS,,25781
15640,0.907387,HIT,true,23015
15641,0.771834,MISS,,23930
15642,0.704836,MISS,,21206
15643,0.905692,HIT,true,27361
15644,0.698437,MISS,,28230
15645,0.654301,MISS,,25358
15646,0.779473,MISS,,24921
15647,0.983328,HIT,true,23300
15648,0.978416,HIT,true,23483
15649,0.921461,HIT,true,26425
15650,0.917923,HIT,true,24638
15651,0.827489,MISS,,22994
15652,0.786474,MISS,,24248
15653,0.757751,MISS,,22044
15654,0.927290,HIT,true,24504
15655,0.880374,HIT,true,23909
15656,0.879079,HIT,true,28046
15657,0.868180,HIT,false,26644
15658,0.513548,MISS,,27090
15659,0.895013,HIT,true,30016
15660,0.906115,HIT,true,24321
15661,0.934495,HIT,true,27464
15662,0.867086,HIT,true,23601
15663,0.816168,MISS,,24606
15664,0.975690,HIT,true,29350
15665,0.766941,MISS,,23198
15666,0.949760,HIT,true,22877
15667,0.905886,HIT,true,28873
15668,0.887141,HIT,true,23469
15669,0.957735,HIT,true,21769
15670,0.830447,MISS,,25356
15671,0.974241,HIT,true,21154
15672,0.905574,HIT,true,21469
15673,0.751266,MISS,,22988
15674,0.892763,HIT,true,21824
15675,0.758908,MISS,,21489
15676,0.952877,HIT,true,22939
15677,0.958978,HIT,true,19681
15678,0.952750,HIT,true,21735
15679,0.857668,HIT,true,20540
15680,0.918986,HIT,true,20303
15681,0.542319,MISS,,21398
15682,0.960737,HIT,true,22998
15683,0.941811,HIT,true,19771
15684,0.922592,HIT,true,21792
15685,0.928924,HIT,true,20247
15686,0.743009,MISS,,20840
15687,0.973281,HIT,true,19414
15688,0.870962,HIT,true,21390
15689,0.997457,HIT,true,21515
15690,0.829047,MISS,,22225
15691,0.942104,HIT,true,21242
15692,0.757910,MISS,,20394
15693,0.932685,HIT,true,20798
15694,0.901249,HIT,true,20099
15695,0.979199,HIT,true,22495
15696,0.947315,HIT,true,21246
15697,0.717382,MISS,,20674
15698,0.922306,HIT,true,21670
15699,0.889493,HIT,true,19078
15700,0.517505,MISS,,19820
15701,0.971750,HIT,true,21194
15702,0.978295,HIT,true,20864
15703,0.991579,HIT,true,21153
15704,0.877956,HIT,true,23514
15705,0.880421,HIT,true,21178
15706,0.836231,MISS,,19715
15707,0.910483,HIT,true,21007
15708,0.994864,HIT,true,19755
15709,0.983790,HIT,true,21658
15710,0.789832,MISS,,20432
15711,0.936407,HIT,true,19395
15712,0.521652,MISS,,19050
15713,0.889799,HIT,true,19589
15714,0.892492,HIT,false,22728
15715,0.979376,HIT,true,21207
15716,0.908926,HIT,true,19318
15717,0.645522,MISS,,19136
15718,0.970737,HIT,true,20820
15719,0.930620,HIT,true,20367
15720,0.904281,HIT,true,23574
15721,0.877476,HIT,true,27612
15722,0.951137,HIT,true,29727
15723,0.522209,MISS,,30067
15724,0.930595,HIT,true,27708
15725,0.580639,MISS,,20842
15726,0.851202,HIT,true,23395
15727,0.700497,MISS,,19799
15728,0.957506,HIT,true,20910
15729,0.907541,HIT,true,20484
15730,0.866055,HIT,true,19374
15731,0.819555,MISS,,21335
15732,0.920704,HIT,true,21623
15733,0.930203,HIT,true,20321
15734,0.944995,HIT,true,19723
15735,0.908196,HIT,true,19682
15736,0.807177,MISS,,21847
15737,0.886072,HIT,true,19577
15738,0.977869,HIT,true,20066
15739,0.955783,HIT,true,23527
15740,0.379103,MISS,,23833
15741,0.816441,MISS,,20780
15742,0.986090,HIT,true,23472
15743,0.901888,HIT,true,20490
15744,0.995335,HIT,false,19796
15745,0.888345,HIT,true,22120
15746,0.947898,HIT,true,43002
15747,0.852839,HIT,true,23929
15748,0.989124,HIT,true,23220
15749,0.920747,HIT,true,24697
15750,0.899557,HIT,true,23793
15751,0.948317,HIT,true,20746
15752,0.756551,MISS,,20933
15753,0.950943,HIT,true,19706
15754,0.928791,HIT,true,20194
15755,0.607940,MISS,,22408
15756,0.570800,MISS,,27275
15757,0.988177,HIT,true,33744
15758,0.994704,HIT,true,32114
15759,0.870619,HIT,true,29999
15760,0.892596,HIT,true,32997
15761,0.997546,HIT,true,32432
15762,0.871103,HIT,false,34721
15763,0.993048,HIT,true,25073
15764,0.867337,HIT,true,21847
15765,0.950715,HIT,true,31281
15766,0.563791,MISS,,25950
15767,0.694171,MISS,,20098
15768,0.795848,MISS,,19544
15769,0.865292,HIT,true,21155
15770,0.896284,HIT,false,20620
15771,0.908640,HIT,true,20247
15772,0.807423,MISS,,19996
15773,0.908852,HIT,true,20556
15774,0.497901,MISS,,20502
15775,0.716336,MISS,,19958
15776,0.846485,MISS,,19855
15777,0.983237,HIT,true,21518
15778,0.845571,MISS,,20661
15779,0.995605,HIT,true,22209
15780,0.804951,MISS,,22323
15781,0.796914,MISS,,19973
15782,0.678553,MISS,,19780
15783,0.846413,MISS,,19748
15784,0.962623,HIT,true,20401
15785,0.967037,HIT,true,23393
15786,0.988618,HIT,true,20619
15787,0.935899,HIT,true,21701
15788,0.850793,HIT,true,22218
15789,0.834762,MISS,,31650
15790,0.943710,HIT,true,76293
15791,0.865710,HIT,true,69457
15792,0.846062,MISS,,33651
15793,0.965115,HIT,true,25505
15794,0.404932,MISS,,25209
15795,0.787500,MISS,,21930
15796,0.994790,HIT,true,24145
15797,0.857389,HIT,true,23186
15798,0.974122,HIT,true,21663
15799,0.981278,HIT,true,20448
15800,0.951224,HIT,true,20813
15801,0.463642,MISS,,20171
15802,0.874301,HIT,false,23547
15803,0.986224,HIT,true,24511
15804,0.976404,HIT,true,23329
15805,0.936821,HIT,true,26114
15806,0.982379,HIT,true,23627
15807,0.861481,HIT,true,20720
15808,0.943539,HIT,true,21854
15809,0.564078,MISS,,27803
15810,0.843037,MISS,,19730
15811,0.875630,HIT,true,20508
15812,0.821209,MISS,,20692
15813,0.993813,HIT,true,20323
15814,0.887240,HIT,true,21386
15815,0.632545,MISS,,21454
15816,0.856305,HIT,false,23847
15817,0.961731,HIT,true,25700
15818,0.886767,HIT,true,22655
15819,0.825589,MISS,,22534
15820,0.847727,MISS,,31159
15821,0.923824,HIT,true,25232
15822,0.986389,HIT,true,23858
15823,0.940904,HIT,true,25628
15824,0.941499,HIT,true,24864
15825,0.902365,HIT,true,32473
15826,0.854232,HIT,true,29289
15827,0.988999,HIT,true,28654
15828,0.735005,MISS,,28694
15829,0.814695,MISS,,23727
15830,0.953856,HIT,true,24507
15831,0.597823,MISS,,22331
15832,0.838989,MISS,,22968
15833,0.898828,HIT,true,20634
15834,0.989198,HIT,true,19974
15835,0.875631,HIT,false,19793
15836,0.896836,HIT,true,22231
15837,0.881873,HIT,true,24548
15838,0.903296,HIT,true,24262
15839,0.726380,MISS,,26621
15840,0.473752,MISS,,21872
15841,0.974355,HIT,true,20997
15842,0.920668,HIT,true,24046
15843,0.848801,MISS,,21086
15844,0.937308,HIT,true,20194
15845,0.887530,HIT,true,19880
15846,0.619016,MISS,,21125
15847,0.878492,HIT,false,20443
15848,0.739233,MISS,,20529
15849,0.929734,HIT,false,27221
15850,0.914726,HIT,true,26875
15851,0.986305,HIT,true,25072
15852,0.881510,HIT,true,20084
15853,0.918438,HIT,true,20886
15854,0.667602,MISS,,24946
15855,0.948388,HIT,true,20675
15856,0.882571,HIT,true,20943
15857,0.939375,HIT,true,20530
15858,0.787807,MISS,,22999
15859,0.940128,HIT,true,20183
15860,0.884455,HIT,true,21504
15861,0.916022,HIT,true,20500
15862,0.952395,HIT,true,23255
15863,0.947720,HIT,true,22073
15864,0.986317,HIT,true,20274
15865,0.897139,HIT,true,20208
15866,0.977398,HIT,true,21432
15867,0.876658,HIT,true,20741
15868,0.905347,HIT,true,19199
15869,0.935518,HIT,true,19102
15870,0.900833,HIT,true,20770
15871,0.787287,MISS,,19353
15872,0.992335,HIT,true,19652
15873,0.963271,HIT,true,21057
15874,0.599052,MISS,,20132
15875,0.753468,MISS,,20300
15876,0.932413,HIT,true,19775
15877,0.954076,HIT,true,20980
15878,0.750025,MISS,,24174
15879,0.874419,HIT,true,26142
15880,0.900441,HIT,true,24192
15881,0.885846,HIT,true,20454
15882,0.901472,HIT,true,22647
15883,0.866726,HIT,true,20443
15884,0.883063,HIT,true,21096
15885,0.828284,MISS,,20555
15886,0.907814,HIT,false,23112
15887,0.914579,HIT,true,20445
15888,0.526326,MISS,,22367
15889,0.770783,MISS,,23369
15890,0.961051,HIT,true,22334
15891,0.590893,MISS,,21720
15892,0.570385,MISS,,21104
15893,0.775766,MISS,,20282
15894,0.922653,HIT,true,20453
15895,0.898977,HIT,true,19351
15896,0.711486,MISS,,20064
15897,0.977316,HIT,true,20489
15898,0.852537,HIT,true,20308
15899,0.646944,MISS,,21068
15900,0.977512,HIT,true,19646
15901,0.791644,MISS,,19488
15902,0.965832,HIT,true,20502
15903,0.926006,HIT,true,19472
15904,0.924115,HIT,true,19811
15905,0.877781,HIT,false,19961
15906,0.726490,MISS,,23422
15907,0.807194,MISS,,23362
15908,0.752453,MISS,,25935
15909,0.964394,HIT,true,26419
15910,0.914115,HIT,true,22737
15911,0.542331,MISS,,27641
15912,0.806252,MISS,,23258
15913,0.963935,HIT,true,25447
15914,0.867555,HIT,true,23432
15915,0.774465,MISS,,24087
15916,0.596910,MISS,,22136
15917,0.908301,HIT,true,22060
15918,0.599685,MISS,,19709
15919,0.858031,HIT,true,21348
15920,0.905084,HIT,true,22794
15921,0.854335,HIT,true,21524
15922,0.842557,MISS,,19897
15923,0.815075,MISS,,39271
15924,0.918756,HIT,true,19834
15925,0.952740,HIT,true,20147
15926,0.964275,HIT,true,21703
15927,0.812840,MISS,,25998
15928,0.960258,HIT,true,25339
15929,0.882196,HIT,true,20562
15930,0.922749,HIT,true,21940
15931,0.958702,HIT,true,21082
15932,0.968045,HIT,true,20881
15933,0.920595,HIT,true,20698
15934,0.967845,HIT,true,26340
15935,0.717775,MISS,,29685
15936,0.985625,HIT,true,20269
15937,0.861613,HIT,true,23281
15938,0.851553,HIT,true,24144
15939,0.739660,MISS,,21013
15940,0.903601,HIT,true,20714
15941,0.808335,MISS,,21610
15942,0.995419,HIT,true,19765
15943,0.921003,HIT,true,19154
15944,0.987023,HIT,true,20178
15945,0.993308,HIT,true,22644
15946,0.908137,HIT,true,20433
15947,0.898167,HIT,true,22013
15948,0.980721,HIT,true,19824
15949,0.936064,HIT,true,20098
15950,0.900829,HIT,true,20174
15951,0.838419,MISS,,19576
15952,0.935093,HIT,true,19942
15953,0.978346,HIT,true,21878
15954,0.907926,HIT,true,23739
15955,0.942072,HIT,true,19760
15956,0.809890,MISS,,19179
15957,0.645376,MISS,,22048
15958,0.992708,HIT,true,19555
15959,0.880520,HIT,true,20392
15960,0.888945,HIT,true,21513
15961,0.663122,MISS,,25230
15962,0.993278,HIT,true,21146
15963,0.809843,MISS,,21422
15964,0.815811,MISS,,19715
15965,0.686693,MISS,,20319
15966,0.508251,MISS,,23352
15967,0.733026,MISS,,26639
15968,0.814290,MISS,,23783
15969,0.993427,HIT,true,22135
15970,0.868423,HIT,true,21408
15971,0.963292,HIT,true,20175
15972,0.847255,MISS,,22935
15973,0.577086,MISS,,23457
15974,0.952000,HIT,true,19803
15975,0.860726,HIT,true,22163
15976,0.921337,HIT,true,21381
15977,0.854307,HIT,true,20181
15978,0.813299,MISS,,30429
15979,0.799364,MISS,,24667
15980,0.861013,HIT,true,23428
15981,0.923804,HIT,true,22404
15982,0.912365,HIT,true,19154
15983,0.870267,HIT,true,20980
15984,0.865955,HIT,true,20755
15985,0.958210,HIT,true,20217
15986,0.785205,MISS,,19386
15987,0.761762,MISS,,20187
15988,0.886622,HIT,true,20219
15989,0.816875,MISS,,19251
15990,0.949158,HIT,true,19681
15991,0.915750,HIT,true,21721
15992,0.873691,HIT,true,22712
15993,0.876658,HIT,true,30796
15994,0.979046,HIT,true,27258
15995,0.544639,MISS,,28096
15996,0.874562,HIT,true,29245
15997,0.952582,HIT,true,26427
15998,0.828591,MISS,,21739
15999,0.931562,HIT,true,19840
16000,0.953048,HIT,true,19846
16001,0.772061,MISS,,20939
16002,0.884277,HIT,true,21243
16003,0.974488,HIT,true,19567
16004,0.882969,HIT,true,19772
16005,0.870884,HIT,true,20811
16006,0.814514,MISS,,21536
16007,0.596284,MISS,,20356
16008,0.889208,HIT,true,20447
16009,0.824369,MISS,,20865
16010,0.925241,HIT,true,22337
16011,0.936110,HIT,true,19731
16012,0.959445,HIT,true,20570
16013,0.892560,HIT,true,20113
16014,0.804603,MISS,,19316
16015,0.931957,HIT,true,29319
16016,0.958636,HIT,true,30580
16017,0.796664,MISS,,23120
16018,0.899199,HIT,true,21462
16019,0.962560,HIT,true,24879
16020,0.613361,MISS,,23822
16021,0.776052,MISS,,24645
16022,0.972932,HIT,true,21107
16023,0.989775,HIT,true,20432
16024,0.823211,MISS,,25456
16025,0.931482,HIT,false,24712
16026,0.967763,HIT,true,22397
16027,0.820844,MISS,,22894
16028,0.994522,HIT,true,20371
16029,0.916580,HIT,true,19634
16030,0.812604,MISS,,19294
16031,0.813876,MISS,,20092
16032,0.975084,HIT,true,19957
16033,0.892733,HIT,true,21729
16034,0.797438,MISS,,19265
16035,0.870230,HIT,true,19538
16036,0.999925,HIT,true,19989
16037,0.837180,MISS,,19339
16038,0.913684,HIT,true,19681
16039,0.986683,HIT,true,19625
16040,0.648781,MISS,,30637
16041,0.863077,HIT,true,22140
16042,0.846372,MISS,,20790
16043,0.853690,HIT,true,25568
16044,0.929246,HIT,true,22027
16045,0.920029,HIT,true,22270
16046,0.656615,MISS,,22837
16047,0.819136,MISS,,21739
16048,0.666850,MISS,,19638
16049,0.811400,MISS,,19655
16050,0.917900,HIT,true,20435
16051,0.995457,HIT,true,20319
16052,0.955961,HIT,true,21366
16053,0.789742,MISS,,20114
16054,0.925139,HIT,true,20837
16055,0.602876,MISS,,21115
16056,0.885157,HIT,true,19514
16057,0.858265,HIT,true,20292
16058,0.959245,HIT,true,20678
16059,0.990068,HIT,true,22724
16060,0.736314,MISS,,20432
16061,0.577186,MISS,,20895
16062,0.807529,MISS,,20315
16063,0.828425,MISS,,22286
16064,0.988428,HIT,true,19788
16065,0.895227,HIT,true,20288
16066,0.855199,HIT,false,19518
16067,0.887578,HIT,true,19961
16068,0.888223,HIT,true,19554
16069,0.925008,HIT,true,19781
16070,0.904599,HIT,true,19236
16071,0.954743,HIT,true,21486
16072,0.756395,MISS,,20528
16073,0.916211,HIT,true,19333
16074,0.743022,MISS,,19780
16075,0.918123,HIT,true,20680
16076,0.879106,HIT,true,19619
16077,0.896332,HIT,true,19409
16078,0.983519,HIT,true,20145
16079,0.932135,HIT,true,24036
16080,0.860012,HIT,true,20579
16081,0.961322,HIT,true,21095
16082,0.805112,MISS,,20584
16083,0.947336,HIT,true,24891
16084,0.949374,HIT,true,23257
16085,0.911294,HIT,true,20840
16086,0.551988,MISS,,19795
16087,0.538941,MISS,,22021
16088,0.879936,HIT,true,21064
16089,0.997379,HIT,true,32650
16090,0.922460,HIT,true,29644
16091,0.966356,HIT,true,28914
16092,0.885541,HIT,true,25968
16093,0.739957,MISS,,22792
16094,0.948316,HIT,true,21902
16095,0.690339,MISS,,21220
16096,0.850344,HIT,true,24824
16097,0.932026,HIT,true,23914
16098,0.874741,HIT,false,26226
16099,0.910697,HIT,true,25297
16100,0.990684,HIT,true,29184
16101,0.907471,HIT,true,27863
16102,0.885035,HIT,true,27991
16103,0.970318,HIT,true,31113
16104,0.793419,MISS,,35306
16105,0.854618,HIT,true,36030
16106,0.929256,HIT,true,37150
16107,0.956514,HIT,true,24299
16108,0.870037,HIT,true,25258
16109,0.911364,HIT,true,24272
16110,0.888391,HIT,true,26525
16111,0.840632,MISS,,28589
16112,0.929288,HIT,true,22622
16113,0.971826,HIT,true,22847
16114,0.712578,MISS,,24376
16115,0.966443,HIT,true,25012
16116,0.889637,HIT,false,21726
16117,0.973631,HIT,true,20944
16118,0.985487,HIT,true,22991
16119,0.948534,HIT,true,20146
16120,0.918540,HIT,true,21738
16121,0.711236,MISS,,21126
16122,0.896232,HIT,true,22231
16123,0.813686,MISS,,19633
16124,0.904704,HIT,true,19990
16125,0.474328,MISS,,20930
16126,0.981851,HIT,true,22832
16127,0.896425,HIT,true,21188
16128,0.901832,HIT,true,21019
16129,0.938456,HIT,true,20536
16130,0.777698,MISS,,21705
16131,0.867456,HIT,true,20490
16132,0.942161,HIT,true,19901
16133,0.923955,HIT,true,20117
16134,0.862504,HIT,true,21534
16135,0.796814,MISS,,19795
16136,0.849887,MISS,,19324
16137,0.895442,HIT,true,19754
16138,0.899520,HIT,true,19736
16139,0.843153,MISS,,19318
16140,0.743925,MISS,,21780
16141,0.769965,MISS,,20415
16142,0.945669,HIT,true,20334
16143,0.721737,MISS,,19118
16144,0.600315,MISS,,19151
16145,0.603653,MISS,,20156
16146,0.861206,HIT,true,20154
16147,0.984657,HIT,true,21343
16148,0.928726,HIT,true,20116
16149,0.913210,HIT,true,19122
16150,0.758741,MISS,,22969
16151,0.953344,HIT,true,30587
16152,0.485283,MISS,,29914
16153,0.893964,HIT,true,30121
16154,0.905935,HIT,true,28467
16155,0.915001,HIT,true,26772
16156,0.928373,HIT,true,30768
16157,0.747926,MISS,,31630
16158,0.871223,HIT,true,26852
16159,0.895695,HIT,true,26901
16160,0.863440,HIT,false,24095
16161,0.361967,MISS,,22181
16162,0.890994,HIT,true,27434
16163,0.875950,HIT,true,23534
16164,0.940180,HIT,true,20887
16165,0.617884,MISS,,21747
16166,0.773774,MISS,,20941
16167,0.607064,MISS,,22007
16168,0.903376,HIT,true,22696
16169,0.704595,MISS,,20837
16170,0.759403,MISS,,21308
16171,0.812827,MISS,,21938
16172,0.829483,MISS,,20412
16173,0.894754,HIT,true,22255
16174,0.869265,HIT,true,20772
16175,0.967932,HIT,true,21748
16176,0.854139,HIT,true,20687
16177,0.857335,HIT,true,22271
16178,0.958878,HIT,true,20842
16179,0.877753,HIT,true,19753
16180,0.742403,MISS,,20156
16181,0.861154,HIT,true,24122
16182,0.361128,MISS,,22356
16183,0.945915,HIT,true,20514
16184,0.860959,HIT,true,20930
16185,0.976229,HIT,true,20574
16186,0.868081,HIT,true,19393
16187,0.933705,HIT,true,20603
16188,0.781219,MISS,,19950
16189,0.940348,HIT,true,21408
16190,0.939882,HIT,true,21254
16191,0.866808,HIT,true,19223
16192,0.947144,HIT,true,20043
16193,0.981572,HIT,true,19928
16194,0.931288,HIT,true,20632
16195,0.880968,HIT,true,20921
16196,0.854885,HIT,true,20651
16197,0.862871,HIT,true,24984
16198,0.962109,HIT,true,22427
16199,0.999295,HIT,true,21604
16200,0.998739,HIT,true,22275
16201,0.977639,HIT,true,20594
16202,0.595826,MISS,,19815
16203,0.983511,HIT,true,20259
16204,0.865518,HIT,true,19995
16205,0.994216,HIT,true,21759
16206,0.736474,MISS,,20421
16207,0.523740,MISS,,22170
16208,0.794712,MISS,,21441
16209,0.926901,HIT,true,23599
16210,0.959417,HIT,true,19693
16211,0.885650,HIT,true,19404
16212,0.937213,HIT,true,20151
16213,0.918361,HIT,true,21162
16214,0.906684,HIT,true,20292
16215,0.853037,HIT,true,20355
16216,0.933405,HIT,true,20494
16217,0.811352,MISS,,21523
16218,0.968706,HIT,true,21507
16219,0.962499,HIT,true,20504
16220,0.844586,MISS,,22164
16221,0.617090,MISS,,20308
16222,0.824557,MISS,,20624
16223,0.958411,HIT,false,19552
16224,0.957554,HIT,true,19995
16225,0.959227,HIT,true,19992
16226,0.943286,HIT,true,21011
16227,0.745259,MISS,,23580
16228,0.960954,HIT,true,23754
16229,0.969036,HIT,true,29233
16230,0.927959,HIT,true,20938
16231,0.750335,MISS,,23144
16232,0.776382,MISS,,24487
16233,0.754955,MISS,,22121
16234,0.958733,HIT,true,24130
16235,0.448481,MISS,,20321
16236,0.851070,HIT,true,19819
16237,0.598804,MISS,,22288
16238,0.907888,HIT,true,22159
16239,0.912525,HIT,true,21102
16240,0.892234,HIT,false,20523
16241,0.857253,HIT,true,19479
16242,0.982382,HIT,true,19691
16243,0.919054,HIT,true,23394
16244,0.873891,HIT,true,24095
16245,0.930150,HIT,true,23941
16246,0.937465,HIT,true,20579
16247,0.919493,HIT,true,20800
16248,0.929834,HIT,true,19764
16249,0.932859,HIT,true,21567
16250,0.925273,HIT,true,20438
16251,0.955077,HIT,true,24817
16252,0.794131,MISS,,20903
16253,0.753996,MISS,,21154
16254,0.392322,MISS,,20386
16255,0.897381,HIT,true,21197
16256,0.953242,HIT,true,23030
16257,0.849005,MISS,,24822
16258,0.810634,MISS,,20787
16259,0.591730,MISS,,19689
16260,0.852609,HIT,true,20865
16261,0.989708,HIT,true,19505
16262,0.992185,HIT,true,20585
16263,0.990845,HIT,true,19713
16264,0.965503,HIT,true,20766
16265,0.974562,HIT,true,19756
16266,0.982661,HIT,true,19615
16267,0.992881,HIT,true,20691
16268,0.983648,HIT,true,19206
16269,0.826437,MISS,,19256
16270,0.745552,MISS,,21813
16271,0.904076,HIT,true,22030
16272,0.590077,MISS,,22439
16273,0.956607,HIT,true,22439
16274,0.889549,HIT,false,24247
16275,0.864702,HIT,false,20696
16276,0.843571,MISS,,22648
16277,0.916391,HIT,true,23177
16278,0.846682,MISS,,27922
16279,0.882077,HIT,true,24614
16280,0.996532,HIT,true,27861
16281,0.941749,HIT,true,27665
16282,0.662618,MISS,,23808
16283,0.994621,HIT,true,23481
16284,0.917350,HIT,true,24393
16285,0.858279,HIT,true,23297
16286,0.777003,MISS,,21023
16287,0.841976,MISS,,25453
16288,0.970836,HIT,true,24129
16289,0.920440,HIT,true,21427
16290,0.681399,MISS,,36638
16291,0.864642,HIT,true,24245
16292,0.950916,HIT,true,21301
16293,0.985440,HIT,true,23748
16294,0.565731,MISS,,20643
16295,0.830910,MISS,,21518
16296,0.943888,HIT,true,23603
16297,0.869575,HIT,true,22989
16298,0.908908,HIT,true,25812
16299,0.689433,MISS,,20863
16300,0.930994,HIT,true,21237
16301,0.971841,HIT,true,21285
16302,0.823256,MISS,,20179
16303,0.937879,HIT,true,21179
16304,0.823326,MISS,,21089
16305,0.613825,MISS,,23464
16306,0.823513,MISS,,23838
16307,0.933880,HIT,true,20739
16308,0.857912,HIT,true,19713
16309,0.827416,MISS,,22086
16310,0.856622,HIT,true,22364
16311,0.982245,HIT,true,22635
16312,0.877580,HIT,true,21476
16313,0.980387,HIT,true,22002
16314,0.896024,HIT,true,21775
16315,0.937032,HIT,true,19282
16316,0.849695,MISS,,20546
16317,0.950187,HIT,true,29103
16318,0.834934,MISS,,23874
16319,0.982693,HIT,true,22087
16320,0.542966,MISS,,20387
16321,0.722288,MISS,,20286
16322,0.966994,HIT,true,21682
16323,0.746645,MISS,,23278
16324,0.614221,MISS,,21116
16325,0.434580,MISS,,21015
16326,0.953557,HIT,true,20670
16327,0.937547,HIT,true,21185
16328,0.944629,HIT,true,19368
16329,0.928772,HIT,true,25248
16330,0.871283,HIT,true,21268
16331,0.878145,HIT,true,21481
16332,0.904923,HIT,true,24328
16333,0.849096,MISS,,24208
16334,0.538657,MISS,,27114
16335,0.891541,HIT,true,30546
16336,0.985626,HIT,true,31480
16337,0.977431,HIT,true,20618
16338,0.962823,HIT,true,19924
16339,0.980724,HIT,true,22925
16340,0.966227,HIT,true,23332
16341,0.913091,HIT,true,25248
16342,0.933813,HIT,true,22459
16343,0.990663,HIT,true,24803
16344,0.963335,HIT,true,20807
16345,0.933053,HIT,true,20772
16346,0.865825,HIT,true,23828
16347,0.932836,HIT,true,22254
16348,0.847623,MISS,,22142
16349,0.821282,MISS,,20903
16350,0.801991,MISS,,23984
16351,0.813889,MISS,,24051
16352,0.951950,HIT,true,26462
16353,0.962323,HIT,true,24796
16354,0.955976,HIT,true,22670
16355,0.803216,MISS,,20865
16356,0.564891,MISS,,21140
16357,0.975430,HIT,true,21179
16358,0.953464,HIT,true,22889
16359,0.898784,HIT,true,22279
16360,0.766850,MISS,,24837
16361,0.929142,HIT,true,20375
16362,0.749607,MISS,,20975
16363,0.923667,HIT,true,20717
16364,0.971573,HIT,true,22699
16365,0.850601,HIT,true,24742
16366,0.886424,HIT,true,21376
16367,0.804015,MISS,,21401
16368,0.867309,HIT,true,26894
16369,0.619332,MISS,,23998
16370,0.933919,HIT,true,23675
16371,0.881281,HIT,true,24120
16372,0.977114,HIT,true,21417
16373,0.876818,HIT,false,22703
16374,0.951506,HIT,true,21279
16375,0.808309,MISS,,21640
16376,0.992838,HIT,true,26474
16377,0.853127,HIT,true,25247
16378,0.923765,HIT,true,27423
16379,0.893116,HIT,true,21017
16380,0.503027,MISS,,22232
16381,0.949308,HIT,true,23102
16382,0.966863,HIT,true,34368
16383,0.981123,HIT,true,29715
16384,0.989853,HIT,true,26025
16385,0.952989,HIT,true,29516
16386,0.878681,HIT,true,31064
16387,0.879790,HIT,true,27636
16388,0.969651,HIT,true,27422
16389,0.884386,HIT,true,25795
16390,0.898844,HIT,true,31854
16391,0.956226,HIT,true,35264
16392,0.815703,MISS,,40440
16393,0.902204,HIT,true,28346
16394,0.956450,HIT,true,32393
16395,0.869109,HIT,true,41017
16396,0.551009,MISS,,34524
16397,0.923141,HIT,true,29317
16398,0.870605,HIT,true,23678
16399,0.802176,MISS,,28697
16400,0.886285,HIT,true,25475
16401,0.968429,HIT,true,25898
16402,0.955007,HIT,true,28241
16403,0.932271,HIT,true,31288
16404,0.994203,HIT,true,31328
16405,0.921931,HIT,true,29169
16406,0.952606,HIT,false,28337
16407,0.952638,HIT,true,30692
16408,0.697078,MISS,,33286
16409,0.808878,MISS,,28916
16410,0.972188,HIT,true,24236
16411,0.918872,HIT,true,26714
16412,0.585523,MISS,,28758
16413,0.858447,HIT,true,26509
16414,0.777990,MISS,,23345
16415,0.996064,HIT,true,22023
16416,0.988445,HIT,true,26203
16417,0.873112,HIT,true,30596
16418,0.835644,MISS,,35582
16419,0.806359,MISS,,33537
16420,0.967474,HIT,true,29181
16421,0.979702,HIT,true,35184
16422,0.993081,HIT,true,31892
16423,0.966525,HIT,true,33531
16424,0.613244,MISS,,25022
16425,0.899702,HIT,true,26553
16426,0.862887,HIT,true,29777
16427,0.911990,HIT,true,27446
16428,0.886922,HIT,true,26833
16429,0.840201,MISS,,26429
16430,0.939393,HIT,true,28559
16431,0.945516,HIT,true,28599
16432,0.982964,HIT,true,28351
16433,0.861434,HIT,false,29473
16434,0.989867,HIT,true,23068
16435,0.977673,HIT,false,24995
16436,0.681234,MISS,,27528
16437,0.922854,HIT,true,25505
16438,0.861106,HIT,true,25295
16439,0.612681,MISS,,28794
16440,0.920688,HIT,true,26601
16441,0.869880,HIT,true,53658
16442,0.915568,HIT,true,29470
16443,0.884760,HIT,true,20617
16444,0.876813,HIT,false,20784
16445,0.981231,HIT,true,25171
16446,0.946965,HIT,true,31779
16447,0.970430,HIT,true,25329
16448,0.935391,HIT,true,30180
16449,0.862357,HIT,true,25206
16450,0.949686,HIT,true,28361
16451,0.898897,HIT,true,22172
16452,0.997954,HIT,true,48470
16453,0.871351,HIT,true,25780
16454,0.481175,MISS,,25364
16455,0.970389,HIT,true,27361
16456,0.804945,MISS,,28361
16457,0.961526,HIT,true,24552
16458,0.954722,HIT,true,29408
16459,0.563714,MISS,,30120
16460,0.838334,MISS,,26435
16461,0.897361,HIT,true,25674
16462,0.926080,HIT,true,31423
16463,0.920567,HIT,true,22446
16464,0.946276,HIT,true,31907
16465,0.900656,HIT,true,24453
16466,0.911724,HIT,true,26732
16467,0.869413,HIT,true,27135
16468,0.784119,MISS,,24954
16469,0.896915,HIT,true,28284
16470,0.949720,HIT,true,26800
16471,0.949272,HIT,true,26965
16472,0.752346,MISS,,25498
16473,0.853666,HIT,true,21170
16474,0.584848,MISS,,24891
16475,0.903282,HIT,true,29257
16476,0.898381,HIT,true,27340
16477,0.934441,HIT,true,27214
16478,0.914928,HIT,true,27356
16479,0.955604,HIT,true,28165
16480,0.909317,HIT,true,29284
16481,0.993061,HIT,true,26799
16482,0.450703,MISS,,24832
16483,0.850752,HIT,true,25070
16484,0.853377,HIT,true,34763
16485,0.996179,HIT,true,28086
16486,0.648323,MISS,,23578
16487,0.912882,HIT,true,22860
16488,0.916319,HIT,true,22218
16489,0.923024,HIT,true,25127
16490,0.995714,HIT,true,33235
16491,0.876190,HIT,true,28034
16492,0.608866,MISS,,27425
16493,0.914500,HIT,true,29340
16494,0.962246,HIT,true,32952
16495,0.963111,HIT,true,36791
16496,0.821557,MISS,,26356
16497,0.975301,HIT,true,31291
16498,0.950434,HIT,true,32058
16499,0.686057,MISS,,29273
16500,0.843430,MISS,,28178
16501,0.960294,HIT,true,26443
16502,0.373016,MISS,,25839
16503,0.544446,MISS,,29269
16504,0.902747,HIT,true,26923
16505,0.930404,HIT,true,25041
16506,0.973128,HIT,true,25632
16507,0.675747,MISS,,27911
16508,0.996400,HIT,true,32603
16509,0.991056,HIT,true,29669
16510,0.971070,HIT,true,31451
16511,0.842010,MISS,,36522
16512,0.917079,HIT,true,36099
16513,0.869642,HIT,true,31935
16514,0.880904,HIT,true,34485
16515,0.951057,HIT,true,30957
16516,0.958877,HIT,true,39729
16517,0.668834,MISS,,34348
16518,0.910862,HIT,true,33695
16519,0.668297,MISS,,38136
16520,0.979330,HIT,true,51872
16521,0.993941,HIT,true,40916
16522,0.976457,HIT,true,30157
16523,0.986703,HIT,true,35657
16524,0.646347,MISS,,33040
16525,0.954497,HIT,true,32153
16526,0.992973,HIT,true,29219
16527,0.828048,MISS,,31488
16528,0.946286,HIT,true,32238
16529,0.798020,MISS,,29491
16530,0.932904,HIT,true,30472
16531,0.888407,HIT,true,32133
16532,0.910602,HIT,true,28066
16533,0.963679,HIT,true,31727
16534,0.894981,HIT,true,29696
16535,0.979086,HIT,true,29444
16536,0.928828,HIT,true,32193
16537,0.972059,HIT,true,31988
16538,0.879745,HIT,false,33362
16539,0.935520,HIT,true,27608
16540,0.762602,MISS,,29121
16541,0.950291,HIT,true,31154
16542,0.890209,HIT,true,26061
16543,0.959457,HIT,true,26798
16544,0.701353,MISS,,24666
16545,0.820976,MISS,,31200
16546,0.684743,MISS,,38285
16547,0.893996,HIT,true,44942
16548,0.664651,MISS,,39193
16549,0.832574,MISS,,31040
16550,0.715058,MISS,,40210
16551,0.882751,HIT,true,35691
16552,0.940985,HIT,true,36695
16553,0.979902,HIT,true,28176
16554,0.827486,MISS,,29681
16555,0.990370,HIT,false,32758
16556,0.735349,MISS,,42919
16557,0.811224,MISS,,34608
16558,0.925226,HIT,true,29516
16559,0.950052,HIT,true,30609
16560,0.901881,HIT,true,33339
16561,0.987634,HIT,true,38235
16562,0.813853,MISS,,36195
16563,0.918644,HIT,false,41546
16564,0.829812,MISS,,47038
16565,0.905118,HIT,true,40802
16566,0.955547,HIT,true,32778
16567,0.941150,HIT,true,33585
16568,0.922865,HIT,true,38345
16569,0.756669,MISS,,47062
16570,0.804934,MISS,,53386
16571,0.503114,MISS,,40047
16572,0.875614,HIT,true,41571
16573,0.823033,MISS,,35040
16574,0.955485,HIT,true,29048
16575,0.873360,HIT,false,27451
16576,0.954443,HIT,true,28378
16577,0.633039,MISS,,29512
16578,0.857853,HIT,true,32274
16579,0.636583,MISS,,29538
16580,0.852831,HIT,true,28801
16581,0.613046,MISS,,35591
16582,0.824347,MISS,,30066
16583,0.664845,MISS,,31477
16584,0.916087,HIT,true,28468
16585,0.917466,HIT,true,27122
16586,0.977457,HIT,true,26987
16587,0.885932,HIT,true,32105
16588,0.998363,HIT,true,28507
16589,0.861520,HIT,true,32759
16590,0.832290,MISS,,27835
16591,0.952584,HIT,true,25809
16592,0.784968,MISS,,30508
16593,0.926296,HIT,true,28716
16594,0.984164,HIT,true,26636
16595,0.852440,HIT,false,28029
16596,0.634581,MISS,,28088
16597,0.970148,HIT,true,35765
16598,0.815035,MISS,,36881
16599,0.863766,HIT,true,33080
16600,0.856072,HIT,false,28390
16601,0.990220,HIT,true,29586
16602,0.776520,MISS,,30270
16603,0.927383,HIT,true,31067
16604,0.966255,HIT,true,55190
16605,0.616701,MISS,,33467
16606,0.921441,HIT,true,30215
16607,0.833439,MISS,,31273
16608,0.940836,HIT,true,31338
16609,0.917166,HIT,true,30055
16610,0.937185,HIT,true,33656
16611,0.890540,HIT,true,28746
16612,0.748295,MISS,,30223
16613,0.788791,MISS,,29044
16614,0.704625,MISS,,26450
16615,0.669324,MISS,,26588
16616,0.858081,HIT,true,29539
16617,0.995869,HIT,true,30716
16618,0.387138,MISS,,30067
16619,0.952577,HIT,true,27351
16620,0.995257,HIT,true,24131
16621,0.497244,MISS,,29566
16622,0.853646,HIT,true,30399
16623,0.988264,HIT,true,32313
16624,0.865911,HIT,true,37749
16625,0.987727,HIT,true,38651
16626,0.962046,HIT,true,30476
16627,0.985247,HIT,true,29002
16628,0.732121,MISS,,20853
16629,0.816534,MISS,,26884
16630,0.868527,HIT,true,26746
16631,0.925020,HIT,true,27908
16632,0.980878,HIT,true,26778
16633,0.938191,HIT,true,29494
16634,0.861896,HIT,true,30621
16635,0.912921,HIT,true,33152
16636,0.932934,HIT,true,28980
16637,0.882573,HIT,false,27029
16638,0.673718,MISS,,29173
16639,0.959223,HIT,true,22801
16640,0.952049,HIT,true,25063
16641,0.986811,HIT,true,27401
16642,0.653766,MISS,,25319
16643,0.991422,HIT,true,26863
16644,0.588247,MISS,,29349
16645,0.934885,HIT,true,27166
16646,0.849259,MISS,,31474
16647,0.993118,HIT,true,29944
16648,0.897765,HIT,false,28925
16649,0.882868,HIT,false,27677
16650,0.979303,HIT,true,29467
16651,0.992580,HIT,true,27579
16652,0.982931,HIT,true,29514
16653,0.882355,HIT,true,30189
16654,0.902335,HIT,true,26692
16655,0.705231,MISS,,31290
16656,0.788530,MISS,,28940
16657,0.996936,HIT,true,26941
16658,0.883671,HIT,true,26729
16659,0.866637,HIT,true,35116
16660,0.856119,HIT,true,29971
16661,0.982382,HIT,true,31635
16662,0.972151,HIT,true,21255
16663,0.741449,MISS,,24520
16664,0.904825,HIT,true,25321
16665,0.825169,MISS,,28556
16666,0.674170,MISS,,28142
16667,0.955806,HIT,true,21396
16668,0.793957,MISS,,29592
16669,0.929274,HIT,true,26536
16670,0.920547,HIT,true,26914
16671,0.825172,MISS,,29215
16672,0.910901,HIT,true,26854
16673,0.902016,HIT,true,24469
16674,0.903037,HIT,true,27488
16675,0.970004,HIT,true,27752
16676,0.991048,HIT,true,28719
16677,0.959571,HIT,true,28785
16678,0.817425,MISS,,27707
16679,0.789861,MISS,,24194
16680,0.825889,MISS,,29954
16681,0.981826,HIT,true,28016
16682,0.865176,HIT,true,23991
16683,0.913915,HIT,true,27058
16684,0.952110,HIT,true,28045
16685,0.957103,HIT,true,26205
16686,0.871757,HIT,true,25763
16687,0.465669,MISS,,26858
16688,0.943856,HIT,true,29389
16689,0.875383,HIT,true,23167
16690,0.824125,MISS,,25141
16691,0.686184,MISS,,25575
16692,0.815605,MISS,,28871
16693,0.889408,HIT,true,26088
16694,0.900305,HIT,true,31886
16695,0.886151,HIT,true,32033
16696,0.982181,HIT,true,25860
16697,0.887797,HIT,true,26884
16698,0.897492,HIT,true,27260
16699,0.989839,HIT,true,25789
16700,0.894507,HIT,true,24024
16701,0.964019,HIT,true,28780
16702,0.897108,HIT,true,33908
16703,0.835379,MISS,,24733
16704,0.941570,HIT,true,29361
16705,0.933460,HIT,true,27139
16706,0.993747,HIT,true,26769
16707,0.992780,HIT,true,26548
16708,0.352265,MISS,,26986
16709,0.992361,HIT,true,26417
16710,0.722689,MISS,,28903
16711,0.949958,HIT,true,26270
16712,0.942758,HIT,true,23338
16713,0.797787,MISS,,22417
16714,0.936203,HIT,true,26978
16715,0.868627,HIT,true,33407
16716,0.988480,HIT,true,35157
16717,0.931597,HIT,true,22713
16718,0.772293,MISS,,26913
16719,0.821168,MISS,,27964
16720,0.924319,HIT,true,30563
16721,0.913841,HIT,true,33069
16722,0.834999,MISS,,33498
16723,0.930798,HIT,true,28770
16724,0.994515,HIT,true,30475
16725,0.752688,MISS,,25957
16726,0.916126,HIT,true,23689
16727,0.929089,HIT,true,22724
16728,0.583692,MISS,,25530
16729,0.749355,MISS,,23370
16730,0.909775,HIT,true,23180
16731,0.809133,MISS,,22381
16732,0.479481,MISS,,27985
16733,0.578997,MISS,,25142
16734,0.638079,MISS,,25120
16735,0.985681,HIT,true,21687
16736,0.826312,MISS,,25374
16737,0.907169,HIT,true,23465
16738,0.996545,HIT,true,26214
16739,0.876946,HIT,true,27354
16740,0.943938,HIT,true,26759
16741,0.812279,MISS,,25653
16742,0.567059,MISS,,24604
16743,0.931277,HIT,true,22452
16744,0.732067,MISS,,28692
16745,0.848132,MISS,,25636
16746,0.995353,HIT,true,22393
16747,0.932481,HIT,true,19804
16748,0.640583,MISS,,23971
16749,0.511958,MISS,,22556
16750,0.885457,HIT,true,23979
16751,0.983507,HIT,true,24877
16752,0.936515,HIT,true,23254
16753,0.853127,HIT,true,24184
16754,0.574095,MISS,,23608
16755,0.916263,HIT,true,24469
16756,0.313128,MISS,,46445
16757,0.856680,HIT,false,23524
16758,0.856831,HIT,true,23895
16759,0.569554,MISS,,23751
16760,0.649889,MISS,,25103
16761,0.934566,HIT,true,22396
16762,0.844967,MISS,,22817
16763,0.939237,HIT,true,22217
16764,0.995273,HIT,true,24125
16765,0.910127,HIT,true,22997
16766,0.958076,HIT,true,24892
16767,0.965811,HIT,true,24572
16768,0.865036,HIT,true,26046
16769,0.989067,HIT,true,23336
16770,0.789155,MISS,,25981
16771,0.888039,HIT,true,29209
16772,0.853890,HIT,true,23365
16773,0.947675,HIT,true,35823
16774,0.856755,HIT,true,35785
16775,0.955310,HIT,true,39283
16776,0.849343,MISS,,35538
16777,0.802814,MISS,,32300
16778,0.950880,HIT,true,31509
16779,0.781200,MISS,,32177
16780,0.936590,HIT,true,28932
16781,0.803671,MISS,,32541
16782,0.988152,HIT,true,22724
16783,0.958782,HIT,true,22257
16784,0.934406,HIT,true,33594
16785,0.983473,HIT,true,33086
16786,0.807002,MISS,,29411
16787,0.707663,MISS,,33152
16788,0.553026,MISS,,30186
16789,0.929555,HIT,true,29057
16790,0.963117,HIT,true,29071
16791,0.890265,HIT,false,27898
16792,0.995565,HIT,true,34712
16793,0.996909,HIT,true,30697
16794,0.917125,HIT,true,34079
16795,0.971531,HIT,true,36594
16796,0.889462,HIT,true,38127
16797,0.920596,HIT,true,34519
16798,0.952830,HIT,true,30458
16799,0.980907,HIT,true,28095
16800,0.846469,MISS,,29236
16801,0.885139,HIT,true,29749
16802,0.930697,HIT,true,24347
16803,0.982892,HIT,true,24800
16804,0.998583,HIT,true,21616
16805,0.721943,MISS,,23937
16806,0.907928,HIT,true,28477
16807,0.922013,HIT,true,33578
16808,0.993802,HIT,true,27455
16809,0.860210,HIT,true,26332
16810,0.819338,MISS,,24389
16811,0.955044,HIT,true,32457
16812,0.946851,HIT,true,31833
16813,0.922724,HIT,true,33987
16814,0.791068,MISS,,26057
16815,0.981930,HIT,true,31305
16816,0.638136,MISS,,30948
16817,0.459312,MISS,,31788
16818,0.887190,HIT,true,29339
16819,0.606390,MISS,,29985
16820,0.975863,HIT,true,33852
16821,0.987213,HIT,true,35144
16822,0.707130,MISS,,39701
16823,0.975075,HIT,true,28927
16824,0.500874,MISS,,29774
16825,0.930307,HIT,true,24556
16826,0.933656,HIT,true,23966
16827,0.983789,HIT,true,23254
16828,0.810609,MISS,,35573
16829,0.943460,HIT,true,32932
16830,0.859928,HIT,true,32332
16831,0.920118,HIT,true,27326
16832,0.637283,MISS,,28330
16833,0.719352,MISS,,33712
16834,0.996104,HIT,true,29153
16835,0.941063,HIT,true,26669
16836,0.814381,MISS,,29537
16837,0.825257,MISS,,25433
16838,0.881894,HIT,false,28306
16839,0.869961,HIT,true,32933
16840,0.922619,HIT,true,35470
16841,0.925691,HIT,true,31172
16842,0.967996,HIT,true,30089
16843,0.479652,MISS,,26070
16844,0.911763,HIT,true,24447
16845,0.971563,HIT,true,24597
16846,0.502775,MISS,,27897
16847,0.870332,HIT,false,33899
16848,0.898367,HIT,true,28180
16849,0.888121,HIT,true,32116
16850,0.692926,MISS,,28255
16851,0.778847,MISS,,38396
16852,0.987301,HIT,true,34380
16853,0.884542,HIT,true,26353
16854,0.888575,HIT,false,27821
16855,0.896071,HIT,true,28977
16856,0.877987,HIT,true,28174
16857,0.956581,HIT,true,26558
16858,0.867676,HIT,true,30165
16859,0.832147,MISS,,27885
16860,0.865119,HIT,true,38210
16861,0.966771,HIT,true,28452
16862,0.660834,MISS,,31580
16863,0.918984,HIT,true,30630
16864,0.998441,HIT,true,31246
16865,0.802819,MISS,,32638
16866,0.988857,HIT,true,34438
16867,0.557808,MISS,,30138
16868,0.723890,MISS,,26664
16869,0.884033,HIT,true,43325
16870,0.989384,HIT,true,36328
16871,0.993280,HIT,true,30825
16872,0.901965,HIT,true,34835
16873,0.962184,HIT,true,38475
16874,0.886350,HIT,true,29778
16875,0.943250,HIT,true,37398
16876,0.827315,MISS,,40256
16877,0.879629,HIT,true,27162
16878,0.951249,HIT,true,29229
16879,0.669362,MISS,,29423
16880,0.777613,MISS,,32301
16881,0.990990,HIT,true,29180
16882,0.874299,HIT,true,27126
16883,0.886745,HIT,true,27822
16884,0.398188,MISS,,26592
16885,0.996340,HIT,true,30952
16886,0.920306,HIT,true,29656
16887,0.822189,MISS,,33137
16888,0.987697,HIT,true,29097
16889,0.952477,HIT,true,30767
16890,0.902517,HIT,true,40196
16891,0.857330,HIT,true,32984
16892,0.838690,MISS,,29456
16893,0.602577,MISS,,27140
16894,0.920492,HIT,true,36023
16895,0.998220,HIT,true,31669
16896,0.970042,HIT,true,30249
16897,0.906213,HIT,true,32652
16898,0.936721,HIT,true,32200
16899,0.945394,HIT,true,30049
16900,0.962135,HIT,true,31163
16901,0.915213,HIT,true,32129
16902,0.914070,HIT,true,30017
16903,0.982426,HIT,true,29438
16904,0.609476,MISS,,32405
16905,0.847553,MISS,,32355
16906,0.834399,MISS,,37654
16907,0.841971,MISS,,42945
16908,0.839088,MISS,,35655
16909,0.961953,HIT,true,34888
16910,0.928809,HIT,true,36839
16911,0.995780,HIT,true,34290
16912,0.847824,MISS,,39932
16913,0.820742,MISS,,37480
16914,0.914363,HIT,true,38575
16915,0.972416,HIT,true,64027
16916,0.687400,MISS,,38886
16917,0.518209,MISS,,33292
16918,0.905415,HIT,true,31429
16919,0.789646,MISS,,35245
16920,0.932324,HIT,true,35474
16921,0.820616,MISS,,27669
16922,0.936167,HIT,true,28674
16923,0.972426,HIT,true,33659
16924,0.934191,HIT,true,34902
16925,0.984710,HIT,true,29203
16926,0.816640,MISS,,29437
16927,0.876016,HIT,true,28998
16928,0.977632,HIT,true,34041
16929,0.897548,HIT,true,33141
16930,0.721005,MISS,,27221
16931,0.876394,HIT,true,35034
16932,0.730609,MISS,,35883
16933,0.958920,HIT,true,34893
16934,0.969070,HIT,true,34838
16935,0.914513,HIT,true,33856
16936,0.894622,HIT,true,34845
16937,0.944719,HIT,true,36893
16938,0.897852,HIT,true,29115
16939,0.984629,HIT,true,29105
16940,0.776013,MISS,,33251
16941,0.987834,HIT,true,28020
16942,0.667327,MISS,,29283
16943,0.903600,HIT,true,27609
16944,0.922995,HIT,true,27610
16945,0.672762,MISS,,33200
16946,0.734226,MISS,,34392
16947,0.995247,HIT,true,29348
16948,0.966984,HIT,true,26938
16949,0.968081,HIT,true,25304
16950,0.923908,HIT,true,26911
16951,0.976487,HIT,true,20832
16952,0.972077,HIT,true,30762
16953,0.942674,HIT,true,33275
16954,0.948317,HIT,true,34211
16955,0.905512,HIT,true,61713
16956,0.930633,HIT,true,46915
16957,0.988872,HIT,true,43365
16958,0.863115,HIT,true,28539
16959,0.957939,HIT,true,25730
16960,0.982161,HIT,true,30412
16961,0.995678,HIT,true,31882
16962,0.862977,HIT,false,36147
16963,0.833228,MISS,,36781
16964,0.916768,HIT,true,30979
16965,0.858893,HIT,true,27785
16966,0.985550,HIT,true,29159
16967,0.911957,HIT,true,28711
16968,0.839477,MISS,,30458
16969,0.991732,HIT,true,27953
16970,0.814933,MISS,,28062
16971,0.902887,HIT,false,27591
16972,0.954713,HIT,true,28289
16973,0.931901,HIT,true,27352
16974,0.910239,HIT,true,30217
16975,0.776100,MISS,,27479
16976,0.877427,HIT,true,27527
16977,0.920037,HIT,true,28408
16978,0.732043,MISS,,27930
16979,0.803342,MISS,,35736
16980,0.943703,HIT,true,27439
16981,0.543038,MISS,,29355
16982,0.752417,MISS,,25005
16983,0.685217,MISS,,27975
16984,0.994397,HIT,true,31480
16985,0.910061,HIT,true,30632
16986,0.995324,HIT,true,28734
16987,0.868647,HIT,true,26057
16988,0.757778,MISS,,30573
16989,0.978602,HIT,true,28303
16990,0.839299,MISS,,24716
16991,0.545761,MISS,,26654
16992,0.941674,HIT,true,29684
16993,0.869483,HIT,true,24037
16994,0.941419,HIT,true,31668
16995,0.918642,HIT,true,22879
16996,0.855795,HIT,true,21589
16997,0.866341,HIT,true,21740
16998,0.544086,MISS,,27721
16999,0.967318,HIT,true,26184
17000,0.977836,HIT,true,23888
17001,0.723550,MISS,,29896
17002,0.977600,HIT,true,28380
17003,0.841713,MISS,,27330
17004,0.922564,HIT,false,28183
17005,0.875724,HIT,true,25379
17006,0.908967,HIT,true,21599
17007,0.837274,MISS,,26411
17008,0.508567,MISS,,26807
17009,0.594008,MISS,,26594
17010,0.564243,MISS,,27701
17011,0.854921,HIT,true,21974
17012,0.899521,HIT,true,23851
17013,0.929039,HIT,true,24230
17014,0.921410,HIT,true,24844
17015,0.814205,MISS,,25930
17016,0.858028,HIT,true,23877
17017,0.952790,HIT,true,22137
17018,0.661876,MISS,,22931
17019,0.956121,HIT,true,26479
17020,0.936782,HIT,true,21673
17021,0.847725,MISS,,26275
17022,0.863573,HIT,false,23557
17023,0.763969,MISS,,23766
17024,0.941365,HIT,true,32658
17025,0.520325,MISS,,22727
17026,0.922798,HIT,true,22891
17027,0.968210,HIT,true,25055
17028,0.851910,HIT,true,23254
17029,0.917954,HIT,false,22972
17030,0.966946,HIT,true,25568
17031,0.781442,MISS,,28077
17032,0.877035,HIT,true,32458
17033,0.671409,MISS,,29790
17034,0.752269,MISS,,23107
17035,0.413541,MISS,,23021
17036,0.838449,MISS,,25507
17037,0.809902,MISS,,22229
17038,0.873237,HIT,true,24999
17039,0.948518,HIT,true,21215
17040,0.825714,MISS,,21756
17041,0.780202,MISS,,25990
17042,0.469156,MISS,,24984
17043,0.865655,HIT,true,21515
17044,0.907050,HIT,true,24509
17045,0.842808,MISS,,22987
17046,0.787987,MISS,,22891
17047,0.944012,HIT,true,24264
17048,0.934837,HIT,true,24919
17049,0.888086,HIT,true,26470
17050,0.622217,MISS,,23477
17051,0.469177,MISS,,23535
17052,0.963678,HIT,true,24919
17053,0.970701,HIT,true,27210
17054,0.698921,MISS,,26727
17055,0.984158,HIT,true,24049
17056,0.941346,HIT,true,26247
17057,0.889401,HIT,true,55729
17058,0.987988,HIT,true,22793
17059,0.909288,HIT,true,24451
17060,0.782855,MISS,,24169
17061,0.843901,MISS,,25171
17062,0.887644,HIT,true,23748
17063,0.956002,HIT,true,23272
17064,0.867573,HIT,true,21798
17065,0.892638,HIT,true,22677
17066,0.841329,MISS,,24463
17067,0.555849,MISS,,22169
17068,0.915807,HIT,true,23877
17069,0.964489,HIT,true,24464
17070,0.807981,MISS,,23749
17071,0.927624,HIT,true,21451
17072,0.892371,HIT,true,23537
17073,0.913401,HIT,true,23529
17074,0.755239,MISS,,20782
17075,0.916238,HIT,true,21248
17076,0.879518,HIT,true,21306
17077,0.543191,MISS,,20106
17078,0.868596,HIT,true,19700
17079,0.510456,MISS,,21959
17080,0.880359,HIT,true,26351
17081,0.727233,MISS,,20387
17082,0.973202,HIT,true,19288
17083,0.992378,HIT,true,20252
17084,0.614557,MISS,,19663
17085,0.899508,HIT,true,21423
17086,0.958116,HIT,true,25210
17087,0.710823,MISS,,22537
17088,0.975694,HIT,true,20762
17089,0.823457,MISS,,26655
17090,0.967928,HIT,true,26423
17091,0.462750,MISS,,28966
17092,0.894500,HIT,false,22451
17093,0.945482,HIT,true,20052
17094,0.961164,HIT,true,21791
17095,0.734463,MISS,,19476
17096,0.919421,HIT,true,20476
17097,0.971481,HIT,true,22030
17098,0.938343,HIT,true,21307
17099,0.944106,HIT,true,20184
17100,0.860325,HIT,true,21488
17101,0.974972,HIT,true,19555
17102,0.812851,MISS,,19467
17103,0.547739,MISS,,19482
17104,0.935883,HIT,true,22588
17105,0.995678,HIT,true,20189
17106,0.982933,HIT,true,19639
17107,0.953907,HIT,true,19586
17108,0.758026,MISS,,21264
17109,0.825275,MISS,,21187
17110,0.970243,HIT,true,19229
17111,0.966785,HIT,true,20838
17112,0.911213,HIT,true,20538
17113,0.641230,MISS,,19086
17114,0.939639,HIT,true,19625
17115,0.838169,MISS,,19020
17116,0.944089,HIT,true,21029
17117,0.932678,HIT,true,20156
17118,0.997166,HIT,true,22313
17119,0.675618,MISS,,22431
17120,0.911310,HIT,false,22318
17121,0.918812,HIT,true,21701
17122,0.908231,HIT,true,19064
17123,0.698366,MISS,,19246
17124,0.712427,MISS,,20774
17125,0.906585,HIT,true,21807
17126,0.906107,HIT,true,19764
17127,0.542180,MISS,,19372
17128,0.900578,HIT,true,20028
17129,0.852845,HIT,true,19719
17130,0.560463,MISS,,19383
17131,0.778774,MISS,,21519
17132,0.913975,HIT,true,21292
17133,0.830844,MISS,,19647
17134,0.959215,HIT,true,19192
17135,0.902667,HIT,true,19741
17136,0.993346,HIT,true,25752
17137,0.999510,HIT,true,23125
17138,0.918913,HIT,true,20901
17139,0.887938,HIT,true,22771
17140,0.912499,HIT,true,21239
17141,0.986303,HIT,true,19637
17142,0.867116,HIT,true,20778
17143,0.869968,HIT,true,21507
17144,0.893394,HIT,false,21979
17145,0.972296,HIT,true,19814
17146,0.843169,MISS,,19347
17147,0.939481,HIT,true,19529
17148,0.871021,HIT,true,28002
17149,0.897628,HIT,true,30064
17150,0.991381,HIT,true,29069
17151,0.717708,MISS,,29541
17152,0.916319,HIT,true,26981
17153,0.896908,HIT,true,23093
17154,0.838808,MISS,,26363
17155,0.777083,MISS,,26913
17156,0.829255,MISS,,25942
17157,0.905734,HIT,true,26705
17158,0.844489,MISS,,31593
17159,0.748342,MISS,,24844
17160,0.906379,HIT,true,27266
17161,0.923895,HIT,true,23485
17162,0.764827,MISS,,20300
17163,0.864669,HIT,true,20661
17164,0.995966,HIT,true,24760
17165,0.954937,HIT,true,21279
17166,0.997309,HIT,true,23836
17167,0.968412,HIT,true,20763
17168,0.780319,MISS,,19638
17169,0.946430,HIT,true,19959
17170,0.851369,HIT,true,19698
17171,0.904151,HIT,true,20621
17172,0.866646,HIT,false,21193
17173,0.908601,HIT,true,19253
17174,0.854178,HIT,true,19692
17175,0.901193,HIT,true,21072
17176,0.794721,MISS,,21085
17177,0.986291,HIT,true,21084
17178,0.824965,MISS,,22446
17179,0.921994,HIT,true,25016
17180,0.762753,MISS,,22031
17181,0.881810,HIT,true,22119
17182,0.900825,HIT,true,19778
17183,0.795203,MISS,,27471
17184,0.838004,MISS,,22739
17185,0.944699,HIT,true,19840
17186,0.810545,MISS,,20725
17187,0.944884,HIT,true,23955
17188,0.886445,HIT,true,23521
17189,0.535419,MISS,,19938
17190,0.872589,HIT,true,21293
17191,0.876946,HIT,true,19951
17192,0.985275,HIT,true,19119
17193,0.964773,HIT,true,19508
17194,0.924030,HIT,true,19524
17195,0.754287,MISS,,19655
17196,0.888516,HIT,true,20017
17197,0.848518,MISS,,23681
17198,0.860544,HIT,true,21252
17199,0.817132,MISS,,22575
17200,0.618475,MISS,,19711
17201,0.943868,HIT,true,20293
17202,0.782662,MISS,,22449
17203,0.814645,MISS,,21198
17204,0.976216,HIT,true,21214
17205,0.965252,HIT,true,22387
17206,0.927280,HIT,true,20717
17207,0.993837,HIT,true,20206
17208,0.985214,HIT,true,20638
17209,0.921644,HIT,true,20317
17210,0.915161,HIT,true,22063
17211,0.967785,HIT,true,19413
17212,0.970299,HIT,true,20200
17213,0.912243,HIT,true,19302
17214,0.804855,MISS,,20145
17215,0.861143,HIT,true,19646
17216,0.836846,MISS,,21039
17217,0.923759,HIT,true,19735
17218,0.550868,MISS,,19455
17219,0.666448,MISS,,20960
17220,0.901667,HIT,true,19583
17221,0.997752,HIT,true,19270
17222,0.876883,HIT,true,19868
17223,0.952439,HIT,true,21588
17224,0.916368,HIT,true,19273
17225,0.528520,MISS,,19615
17226,0.638535,MISS,,19652
17227,0.919750,HIT,true,21877
17228,0.900867,HIT,true,21475
17229,0.861533,HIT,true,28962
17230,0.878408,HIT,true,31868
17231,0.748545,MISS,,28691
17232,0.856255,HIT,true,21572
17233,0.737309,MISS,,30249
17234,0.930125,HIT,true,25425
17235,0.989007,HIT,true,32931
17236,0.903960,HIT,true,43028
17237,0.925353,HIT,true,29150
17238,0.830478,MISS,,38691
17239,0.840750,MISS,,25296
17240,0.875002,HIT,true,21162
17241,0.935641,HIT,true,20355
17242,0.526616,MISS,,20373
17243,0.938410,HIT,true,22275
17244,0.990127,HIT,true,21710
17245,0.982560,HIT,true,21114
17246,0.947546,HIT,true,29377
17247,0.942202,HIT,true,25749
17248,0.933901,HIT,true,24072
17249,0.815689,MISS,,29484
17250,0.603685,MISS,,24265
17251,0.414028,MISS,,25095
17252,0.938365,HIT,true,22570
17253,0.911279,HIT,true,21134
17254,0.869367,HIT,true,22411
17255,0.720876,MISS,,27375
17256,0.989326,HIT,true,23514
17257,0.979157,HIT,true,21391
17258,0.975041,HIT,true,20292
17259,0.984419,HIT,true,20474
17260,0.898405,HIT,true,22667
17261,0.358068,MISS,,22151
17262,0.884151,HIT,false,22797
17263,0.970477,HIT,true,21948
17264,0.917282,HIT,true,22863
17265,0.972586,HIT,true,23154
17266,0.869351,HIT,true,23223
17267,0.894511,HIT,true,22754
17268,0.923161,HIT,true,25294
17269,0.927218,HIT,true,26457
17270,0.698242,MISS,,25289
17271,0.981793,HIT,true,30903
17272,0.941455,HIT,true,30026
17273,0.580586,MISS,,29271
17274,0.981166,HIT,true,29603
17275,0.919143,HIT,true,22988
17276,0.933309,HIT,true,25491
17277,0.550370,MISS,,22597
17278,0.965614,HIT,true,21332
17279,0.953012,HIT,true,26638
17280,0.995807,HIT,true,24273
17281,0.964763,HIT,true,20917
17282,0.666061,MISS,,27636
17283,0.800894,MISS,,23711
17284,0.810431,MISS,,23818
17285,0.832749,MISS,,21228
17286,0.790271,MISS,,20604
17287,0.996604,HIT,true,20910
17288,0.743329,MISS,,22995
17289,0.978531,HIT,true,24526
17290,0.777023,MISS,,21075
17291,0.807680,MISS,,25855
17292,0.875411,HIT,true,23263
17293,0.723080,MISS,,25369
17294,0.971552,HIT,true,27131
17295,0.910451,HIT,true,30867
17296,0.699407,MISS,,31358
17297,0.693105,MISS,,27213
17298,0.827920,MISS,,31405
17299,0.926317,HIT,true,28611
17300,0.900191,HIT,true,48809
17301,0.812823,MISS,,26446
17302,0.978899,HIT,true,24457
17303,0.996480,HIT,true,23474
17304,0.782143,MISS,,22678
17305,0.723296,MISS,,19790
17306,0.786050,MISS,,20745
17307,0.763495,MISS,,21912
17308,0.982081,HIT,true,22524
17309,0.951949,HIT,true,20577
17310,0.897302,HIT,true,20237
17311,0.896340,HIT,true,20208
17312,0.702199,MISS,,21214
17313,0.888565,HIT,false,20280
17314,0.949827,HIT,true,21418
17315,0.929836,HIT,true,21545
17316,0.750191,MISS,,21088
17317,0.918375,HIT,true,19709
17318,0.866666,HIT,true,21597
17319,0.993177,HIT,true,19908
17320,0.995670,HIT,true,22608
17321,0.962801,HIT,true,20809
17322,0.974160,HIT,true,20876
17323,0.948480,HIT,true,20395
17324,0.873269,HIT,true,20826
17325,0.931210,HIT,true,19369
17326,0.960554,HIT,true,19162
17327,0.956556,HIT,true,20314
17328,0.506469,MISS,,24095
17329,0.974589,HIT,true,20991
17330,0.782893,MISS,,20263
17331,0.986611,HIT,true,20009
17332,0.833727,MISS,,26039
17333,0.932820,HIT,true,22044
17334,0.896122,HIT,true,25453
17335,0.897874,HIT,true,22323
17336,0.868806,HIT,true,20508
17337,0.982694,HIT,true,20288
17338,0.933035,HIT,true,19841
17339,0.897757,HIT,true,19658
17340,0.921940,HIT,true,19634
17341,0.903275,HIT,true,22227
17342,0.824272,MISS,,19176
17343,0.487444,MISS,,21006
17344,0.518430,MISS,,20161
17345,0.945485,HIT,true,19211
17346,0.927798,HIT,true,19759
17347,0.994775,HIT,true,21397
17348,0.605309,MISS,,20865
17349,0.947002,HIT,true,20614
17350,0.978817,HIT,true,19722
17351,0.851569,HIT,true,20800
17352,0.942015,HIT,true,19939
17353,0.952736,HIT,true,19994
17354,0.902985,HIT,true,20796
17355,0.877320,HIT,true,19056
17356,0.859932,HIT,true,20398
17357,0.936660,HIT,true,19647
17358,0.918804,HIT,true,22393
17359,0.954856,HIT,true,21899
17360,0.886396,HIT,true,25753
17361,0.766311,MISS,,25197
17362,0.909249,HIT,true,31533
17363,0.892494,HIT,true,25529
17364,0.827396,MISS,,28923
17365,0.717843,MISS,,29118
17366,0.998425,HIT,true,21210
17367,0.916263,HIT,true,20597
17368,0.961113,HIT,true,25410
17369,0.960002,HIT,true,20588
17370,0.986167,HIT,true,20391
17371,0.923877,HIT,true,22218
17372,0.993653,HIT,true,20344
17373,0.940195,HIT,true,20497
17374,0.895566,HIT,true,19596
17375,0.977803,HIT,true,20499
17376,0.870565,HIT,true,19249
17377,0.866746,HIT,true,23084
17378,0.566966,MISS,,22322
17379,0.948504,HIT,true,19413
17380,0.644055,MISS,,24563
17381,0.916356,HIT,true,27503
17382,0.939065,HIT,true,21972
17383,0.918749,HIT,true,27451
17384,0.583345,MISS,,20517
17385,0.599540,MISS,,20422
17386,0.900353,HIT,true,19708
17387,0.866729,HIT,true,21543
17388,0.996242,HIT,true,21014
17389,0.654169,MISS,,20591
17390,0.971581,HIT,true,20306
17391,0.929841,HIT,true,19279
17392,0.822174,MISS,,21136
17393,0.941114,HIT,true,20835
17394,0.733654,MISS,,19333
17395,0.959532,HIT,true,20461
17396,0.915175,HIT,true,20875
17397,0.882970,HIT,true,20313
17398,0.894978,HIT,true,21186
17399,0.922725,HIT,false,22168
17400,0.806085,MISS,,23552
17401,0.870191,HIT,true,21954
17402,0.975983,HIT,true,22957
17403,0.994007,HIT,true,20393
17404,0.905001,HIT,true,20787
17405,0.554650,MISS,,19609
17406,0.968628,HIT,true,20085
17407,0.919906,HIT,true,19168
17408,0.872566,HIT,true,21841
17409,0.873015,HIT,true,20107
17410,0.947732,HIT,true,21019
17411,0.879362,HIT,true,20235
17412,0.580258,MISS,,23181
17413,0.942473,HIT,true,28699
17414,0.986095,HIT,true,21458
17415,0.816985,MISS,,21583
17416,0.644192,MISS,,20661
17417,0.983770,HIT,true,20408
17418,0.876847,HIT,true,19909
17419,0.675454,MISS,,22294
17420,0.782760,MISS,,23095
17421,0.725721,MISS,,28481
17422,0.945499,HIT,true,23775
17423,0.881619,HIT,true,20237
17424,0.954407,HIT,true,19584
17425,0.973289,HIT,true,18550
17426,0.957880,HIT,true,16856
17427,0.927629,HIT,true,19609
17428,0.992825,HIT,true,16947
17429,0.862353,HIT,true,18298
17430,0.951372,HIT,true,18897
17431,0.961389,HIT,true,17495
17432,0.837547,MISS,,17408
17433,0.922609,HIT,true,16853
17434,0.941887,HIT,true,17609
17435,0.993527,HIT,true,18068
17436,0.942777,HIT,true,17668
17437,0.860453,HIT,true,16803
17438,0.887022,HIT,true,17148
17439,0.910516,HIT,true,17234
17440,0.704777,MISS,,16870
17441,0.827797,MISS,,17951
17442,0.987161,HIT,true,18070
17443,0.998068,HIT,true,17701
17444,0.961460,HIT,true,17746
17445,0.859508,HIT,true,17087
17446,0.852063,HIT,true,17472
17447,0.928454,HIT,true,20474
17448,0.870742,HIT,true,18675
17449,0.913285,HIT,true,16753
17450,0.554602,MISS,,24660
17451,0.862204,HIT,true,19018
17452,0.915379,HIT,true,18671
17453,0.955815,HIT,true,19206
17454,0.770695,MISS,,21667
17455,0.951774,HIT,true,21591
17456,0.905560,HIT,true,24598
17457,0.845281,MISS,,23224
17458,0.992689,HIT,true,21052
17459,0.968057,HIT,true,20035
17460,0.966667,HIT,true,20125
17461,0.978461,HIT,true,19229
17462,0.822883,MISS,,23414
17463,0.975501,HIT,true,21561
17464,0.979726,HIT,true,19886
17465,0.853484,HIT,true,20678
17466,0.486395,MISS,,20416
17467,0.942290,HIT,true,24021
17468,0.942657,HIT,true,29937
17469,0.956386,HIT,true,23139
17470,0.683477,MISS,,21289
17471,0.996069,HIT,true,21811
17472,0.924839,HIT,true,19279
17473,0.964465,HIT,true,19723
17474,0.881389,HIT,true,23911
17475,0.972857,HIT,true,19853
17476,0.902175,HIT,true,22719
17477,0.815118,MISS,,20060
17478,0.881491,HIT,true,20059
17479,0.874142,HIT,true,21194
17480,0.957209,HIT,true,22406
17481,0.937067,HIT,true,25201
17482,0.984713,HIT,true,24481
17483,0.949718,HIT,true,21454
17484,0.845013,MISS,,20693
17485,0.783333,MISS,,20139
17486,0.472164,MISS,,20053
17487,0.983631,HIT,true,20385
17488,0.996244,HIT,true,20492
17489,0.461443,MISS,,19331
17490,0.863115,HIT,true,19179
17491,0.594678,MISS,,19417
17492,0.803500,MISS,,19559
17493,0.983696,HIT,true,19637
17494,0.989513,HIT,true,21615
17495,0.823824,MISS,,19458
17496,0.772213,MISS,,20320
17497,0.997768,HIT,true,20152
17498,0.743478,MISS,,20103
17499,0.799603,MISS,,23504
17500,0.909012,HIT,true,22469
17501,0.937238,HIT,true,20645
17502,0.804495,MISS,,19696
17503,0.963782,HIT,true,21456
17504,0.811125,MISS,,19843
17505,0.954404,HIT,true,20522
17506,0.956679,HIT,true,21420
17507,0.841004,MISS,,22048
17508,0.576354,MISS,,22047
17509,0.961566,HIT,true,20856
17510,0.856269,HIT,true,23787
17511,0.868659,HIT,true,20489
17512,0.906602,HIT,true,21630
17513,0.911473,HIT,true,22395
17514,0.740095,MISS,,20169
17515,0.961118,HIT,true,20427
17516,0.881781,HIT,true,24377
17517,0.929159,HIT,true,38767
17518,0.898112,HIT,true,38873
17519,0.781446,MISS,,25410
17520,0.884061,HIT,false,22847
17521,0.886730,HIT,true,23400
17522,0.920286,HIT,true,20293
17523,0.914290,HIT,true,22373
17524,0.972748,HIT,true,20362
17525,0.906282,HIT,true,20597
17526,0.611639,MISS,,20009
17527,0.844689,MISS,,24849
17528,0.945821,HIT,true,32997
17529,0.811788,MISS,,29481
17530,0.779190,MISS,,41752
17531,0.734351,MISS,,31072
17532,0.942987,HIT,true,28713
17533,0.944629,HIT,true,27459
17534,0.627150,MISS,,21752
17535,0.859646,HIT,true,20509
17536,0.895617,HIT,true,19653
17537,0.914266,HIT,false,19887
17538,0.969974,HIT,true,22225
17539,0.898943,HIT,true,25193
17540,0.946118,HIT,true,19738
17541,0.855476,HIT,true,19681
17542,0.901458,HIT,true,20454
17543,0.866793,HIT,true,20163
17544,0.983726,HIT,true,19972
17545,0.556502,MISS,,20697
17546,0.915065,HIT,true,20460
17547,0.564649,MISS,,20111
17548,0.887878,HIT,true,19521
17549,0.863628,HIT,true,20230
17550,0.822603,MISS,,21074
17551,0.989472,HIT,true,19674
17552,0.925465,HIT,true,22854
17553,0.928021,HIT,true,21053
17554,0.785098,MISS,,21865
17555,0.817175,MISS,,22131
17556,0.998089,HIT,true,22019
17557,0.931266,HIT,true,19958
17558,0.949676,HIT,true,19737
17559,0.990658,HIT,true,21342
17560,0.975434,HIT,true,19712
17561,0.924120,HIT,true,19411
17562,0.847680,MISS,,20100
17563,0.783492,MISS,,19414
17564,0.864659,HIT,true,19541
17565,0.760371,MISS,,22054
17566,0.852082,HIT,true,21537
17567,0.941732,HIT,true,20048
17568,0.719959,MISS,,19598
17569,0.876255,HIT,true,20385
17570,0.874065,HIT,true,22548
17571,0.837696,MISS,,20920
17572,0.871908,HIT,false,22588
17573,0.909166,HIT,true,22181
17574,0.906903,HIT,true,20316
17575,0.931556,HIT,true,19110
17576,0.772643,MISS,,18903
17577,0.825758,MISS,,19980
17578,0.956639,HIT,true,21255
17579,0.994714,HIT,true,21104
17580,0.783190,MISS,,19959
17581,0.966058,HIT,true,19301
17582,0.826725,MISS,,20257
17583,0.437313,MISS,,19075
17584,0.878650,HIT,true,20839
17585,0.958182,HIT,true,20344
17586,0.931261,HIT,true,20361
17587,0.926567,HIT,true,20988
17588,0.997147,HIT,true,21153
17589,0.952764,HIT,true,19981
17590,0.521199,MISS,,19804
17591,0.947505,HIT,true,21838
17592,0.563695,MISS,,20103
17593,0.835526,MISS,,19825
17594,0.941814,HIT,true,20999
17595,0.798636,MISS,,19312
17596,0.944140,HIT,true,19090
17597,0.794681,MISS,,20910
17598,0.881476,HIT,true,20032
17599,0.686214,MISS,,19619
17600,0.917059,HIT,true,19281
17601,0.872754,HIT,true,19148
17602,0.979566,HIT,true,21842
17603,0.723116,MISS,,19251
17604,0.931707,HIT,true,23217
17605,0.946793,HIT,true,19876
17606,0.849317,MISS,,20625
17607,0.554169,MISS,,20062
17608,0.787777,MISS,,20944
17609,0.944385,HIT,true,20299
17610,0.905114,HIT,true,21649
17611,0.849956,MISS,,19788
17612,0.539306,MISS,,19191
17613,0.915935,HIT,false,19523
17614,0.992485,HIT,true,20224
17615,0.763489,MISS,,19355
17616,0.639112,MISS,,19081
17617,0.977894,HIT,true,20655
17618,0.923510,HIT,false,20471
17619,0.942302,HIT,true,20311
17620,0.659201,MISS,,20091
17621,0.729476,MISS,,19216
17622,0.994827,HIT,true,19818
17623,0.932015,HIT,true,20809
17624,0.902050,HIT,true,23104
17625,0.720803,MISS,,21428
17626,0.934217,HIT,true,19767
17627,0.988292,HIT,true,19313
17628,0.959663,HIT,true,19825
17629,0.966488,HIT,true,19100
17630,0.997638,HIT,true,20186
17631,0.846153,MISS,,21694
17632,0.996264,HIT,true,19677
17633,0.773559,MISS,,19692
17634,0.798586,MISS,,19251
17635,0.983954,HIT,true,20378
17636,0.860348,HIT,true,18998
17637,0.896104,HIT,false,19379
17638,0.925577,HIT,true,20793
17639,0.512370,MISS,,20495
17640,0.900436,HIT,true,19233
17641,0.948351,HIT,true,19398
17642,0.692021,MISS,,19496
17643,0.959634,HIT,true,19755
17644,0.716162,MISS,,20056
17645,0.932518,HIT,true,20584
17646,0.877871,HIT,true,19628
17647,0.862791,HIT,false,20012
17648,0.455247,MISS,,19112
17649,0.969028,HIT,true,19513
17650,0.754043,MISS,,19648
17651,0.885820,HIT,true,20853
17652,0.963530,HIT,true,20253
17653,0.868444,HIT,true,19122
17654,0.634145,MISS,,19447
17655,0.437866,MISS,,19723
17656,0.545500,MISS,,24057
17657,0.709833,MISS,,21747
17658,0.900480,HIT,true,24575
17659,0.906983,HIT,true,22035
17660,0.874975,HIT,true,20290
17661,0.977029,HIT,true,20435
17662,0.627318,MISS,,19084
17663,0.892281,HIT,true,21762
17664,0.901461,HIT,true,19900
17665,0.840796,MISS,,23749
17666,0.991555,HIT,true,22283
17667,0.981085,HIT,true,24916
17668,0.839979,MISS,,20242
17669,0.796390,MISS,,20779
17670,0.974452,HIT,true,21885
17671,0.914055,HIT,true,20519
17672,0.997898,HIT,true,19013
17673,0.677066,MISS,,19608
17674,0.790409,MISS,,19447
17675,0.502565,MISS,,20277
17676,0.862588,HIT,true,20489
17677,0.416420,MISS,,21135
17678,0.893192,HIT,false,19140
17679,0.939610,HIT,true,20576
17680,0.771911,MISS,,19358
17681,0.851967,HIT,true,19634
17682,0.930823,HIT,true,22900
17683,0.944216,HIT,true,21533
17684,0.871939,HIT,true,23478
17685,0.928317,HIT,true,22564
17686,0.998684,HIT,true,23345
17687,0.934423,HIT,true,27816
17688,0.966545,HIT,true,21545
17689,0.939160,HIT,true,20615
17690,0.961195,HIT,true,22037
17691,0.989601,HIT,true,19922
17692,0.993355,HIT,true,19624
17693,0.920545,HIT,true,19728
17694,0.698310,MISS,,20688
17695,0.941358,HIT,true,20100
17696,0.922558,HIT,true,21359
17697,0.555250,MISS,,30098
17698,0.512809,MISS,,34607
17699,0.894780,HIT,false,19909
17700,0.990270,HIT,true,21962
17701,0.922054,HIT,true,20662
17702,0.962275,HIT,true,24375
17703,0.769410,MISS,,22221
17704,0.986705,HIT,true,21461
17705,0.862330,HIT,true,23769
17706,0.890483,HIT,false,23564
17707,0.813947,MISS,,22332
17708,0.831893,MISS,,22566
17709,0.965592,HIT,true,21802
17710,0.971615,HIT,true,19657
17711,0.975307,HIT,true,21310
17712,0.889390,HIT,true,19585
17713,0.735608,MISS,,21221
17714,0.952483,HIT,true,22265
17715,0.818963,MISS,,21547
17716,0.996698,HIT,true,24436
17717,0.835032,MISS,,23434
17718,0.902539,HIT,true,22510
17719,0.796644,MISS,,21072
17720,0.992632,HIT,true,25744
17721,0.984052,HIT,true,20751
17722,0.694099,MISS,,19639
17723,0.732696,MISS,,19844
17724,0.709898,MISS,,21035
17725,0.896638,HIT,true,19665
17726,0.992461,HIT,true,20890
17727,0.847264,MISS,,19367
17728,0.877743,HIT,true,21094
17729,0.910270,HIT,true,19619
17730,0.930454,HIT,true,19276
17731,0.998424,HIT,true,19513
17732,0.972196,HIT,true,20308
17733,0.970422,HIT,true,19669
17734,0.683027,MISS,,21480
17735,0.993428,HIT,true,19528
17736,0.988836,HIT,true,20559
17737,0.878891,HIT,true,19256
17738,0.925912,HIT,true,19409
17739,0.904785,HIT,true,19117
17740,0.749566,MISS,,23356
17741,0.828702,MISS,,20969
17742,0.805438,MISS,,23723
17743,0.897064,HIT,true,20946
17744,0.881935,HIT,true,21040
17745,0.868515,HIT,true,19711
17746,0.902362,HIT,true,22055
17747,0.958888,HIT,true,19236
17748,0.962266,HIT,true,20100
17749,0.947489,HIT,true,19581
17750,0.907865,HIT,true,32673
17751,0.919859,HIT,true,20683
17752,0.967288,HIT,true,22824
17753,0.818672,MISS,,20385
17754,0.789108,MISS,,19381
17755,0.990662,HIT,true,19683
17756,0.909533,HIT,true,20000
17757,0.956334,HIT,true,19769
17758,0.849007,MISS,,19185
17759,0.850797,HIT,true,20896
17760,0.479858,MISS,,24239
17761,0.881795,HIT,true,20008
17762,0.975491,HIT,true,21954
17763,0.566162,MISS,,22265
17764,0.984708,HIT,true,24409
17765,0.805875,MISS,,21853
17766,0.813012,MISS,,24558
17767,0.907784,HIT,true,25620
17768,0.878292,HIT,true,20053
17769,0.628072,MISS,,19516
17770,0.866035,HIT,true,23053
17771,0.899939,HIT,true,22385
17772,0.885812,HIT,true,19771
17773,0.912564,HIT,true,20125
17774,0.983011,HIT,true,20074
17775,0.936975,HIT,true,20851
17776,0.966595,HIT,true,21239
17777,0.692083,MISS,,22558
17778,0.969984,HIT,true,22414
17779,0.824305,MISS,,21431
17780,0.838960,MISS,,20869
17781,0.640378,MISS,,19832
17782,0.882080,HIT,true,21414
17783,0.671808,MISS,,20072
17784,0.730832,MISS,,20567
17785,0.875602,HIT,false,21669
17786,0.950880,HIT,true,21194
17787,0.896411,HIT,true,20399
17788,0.942919,HIT,true,21448
17789,0.826655,MISS,,20940
17790,0.752458,MISS,,22593
17791,0.951968,HIT,true,22233
17792,0.820725,MISS,,19156
17793,0.920235,HIT,true,21053
17794,0.878157,HIT,true,22399
17795,0.876013,HIT,true,21908
17796,0.523049,MISS,,23245
17797,0.886637,HIT,true,22780
17798,0.909594,HIT,true,22075
17799,0.925487,HIT,true,26328
17800,0.875678,HIT,true,24839
17801,0.883979,HIT,true,21492
17802,0.959814,HIT,true,26906
17803,0.973793,HIT,true,23496
17804,0.878731,HIT,true,21565
17805,0.831811,MISS,,21936
17806,0.880402,HIT,true,24032
17807,0.886587,HIT,true,22772
17808,0.979608,HIT,true,24514
17809,0.952231,HIT,true,22489
17810,0.958257,HIT,true,22714
17811,0.807732,MISS,,24316
17812,0.746840,MISS,,24056
17813,0.823443,MISS,,21648
17814,0.872894,HIT,true,23934
17815,0.963016,HIT,true,24026
17816,0.916900,HIT,true,26024
17817,0.971846,HIT,true,22366
17818,0.936818,HIT,true,22190
17819,0.996485,HIT,true,23647
17820,0.769216,MISS,,24297
17821,0.914044,HIT,true,23852
17822,0.619780,MISS,,23054
17823,0.882784,HIT,true,23346
17824,0.839180,MISS,,24199
17825,0.780790,MISS,,27120
17826,0.910271,HIT,true,24807
17827,0.991004,HIT,true,24288
17828,0.907815,HIT,true,21369
17829,0.890726,HIT,true,22986
17830,0.928885,HIT,true,24152
17831,0.952906,HIT,true,23636
17832,0.764800,MISS,,22588
17833,0.897396,HIT,false,28474
17834,0.881249,HIT,true,32508
17835,0.915665,HIT,true,34793
17836,0.932189,HIT,true,27278
17837,0.928101,HIT,true,21661
17838,0.930773,HIT,true,30653
17839,0.961815,HIT,true,24792
17840,0.802518,MISS,,23786
17841,0.853305,HIT,false,37393
17842,0.874941,HIT,true,28466
17843,0.988595,HIT,true,22110
17844,0.943301,HIT,true,21512
17845,0.963871,HIT,true,23706
17846,0.938568,HIT,true,25509
17847,0.920695,HIT,true,22705
17848,0.945245,HIT,true,22266
17849,0.352262,MISS,,23637
17850,0.928970,HIT,true,22105
17851,0.578983,MISS,,23900
17852,0.841525,MISS,,26842
17853,0.893256,HIT,true,22589
17854,0.982546,HIT,true,21206
17855,0.942010,HIT,true,23436
17856,0.775255,MISS,,25795
17857,0.763769,MISS,,25625
17858,0.917520,HIT,true,23662
17859,0.909123,HIT,true,27950
17860,0.972782,HIT,true,25627
17861,0.858234,HIT,true,29034
17862,0.906237,HIT,true,26689
17863,0.848278,MISS,,24990
17864,0.786980,MISS,,21155
17865,0.879058,HIT,true,21423
17866,0.961987,HIT,true,21258
17867,0.720407,MISS,,19379
17868,0.857278,HIT,true,20679
17869,0.752730,MISS,,21731
17870,0.935851,HIT,true,21192
17871,0.843089,MISS,,19261
17872,0.944540,HIT,true,19114
17873,0.630663,MISS,,22194
17874,0.531643,MISS,,21986
17875,0.976600,HIT,true,21390
17876,0.968337,HIT,true,23761
17877,0.950782,HIT,true,24910
17878,0.844011,MISS,,21843
17879,0.937176,HIT,true,20931
17880,0.965783,HIT,true,19935
17881,0.950795,HIT,true,21977
17882,0.970022,HIT,true,21826
17883,0.898745,HIT,true,22883
17884,0.939290,HIT,true,19474
17885,0.926279,HIT,true,24209
17886,0.877843,HIT,true,26991
17887,0.984706,HIT,true,26324
17888,0.972654,HIT,true,24402
17889,0.914689,HIT,true,20312
17890,0.925434,HIT,true,22304
17891,0.934460,HIT,true,23960
17892,0.963549,HIT,true,21375
17893,0.670936,MISS,,22920
17894,0.856565,HIT,true,22023
17895,0.893301,HIT,true,22198
17896,0.906031,HIT,true,21919
17897,0.936478,HIT,true,19717
17898,0.895098,HIT,true,25271
17899,0.873001,HIT,true,24590
17900,0.943516,HIT,true,22321
17901,0.484781,MISS,,20825
17902,0.958863,HIT,true,20094
17903,0.721728,MISS,,21618
17904,0.609768,MISS,,19684
17905,0.640729,MISS,,20901
17906,0.904802,HIT,true,20570
17907,0.900322,HIT,true,20251
17908,0.984699,HIT,true,20408
17909,0.997880,HIT,true,20363
17910,0.957308,HIT,true,25445
17911,0.774582,MISS,,34922
17912,0.753745,MISS,,34533
17913,0.888669,HIT,true,21653
17914,0.898325,HIT,false,20167
17915,0.719767,MISS,,23310
17916,0.803660,MISS,,28059
17917,0.887727,HIT,true,23927
17918,0.976572,HIT,true,19764
17919,0.832052,MISS,,22858
17920,0.979717,HIT,true,19920
17921,0.777583,MISS,,19231
17922,0.710154,MISS,,19626
17923,0.991146,HIT,true,20632
17924,0.912846,HIT,true,20786
17925,0.825440,MISS,,20089
17926,0.969702,HIT,true,19049
17927,0.479170,MISS,,19689
17928,0.921082,HIT,true,21496
17929,0.854680,HIT,true,20934
17930,0.997779,HIT,true,21221
17931,0.922072,HIT,false,22104
17932,0.445227,MISS,,21893
17933,0.920679,HIT,true,19624
17934,0.905152,HIT,true,21551
17935,0.986076,HIT,true,23750
17936,0.808231,MISS,,28106
17937,0.846586,MISS,,26658
17938,0.963034,HIT,true,22715
17939,0.933984,HIT,true,24127
17940,0.855176,HIT,true,24663
17941,0.934206,HIT,true,23872
17942,0.871447,HIT,true,23780
17943,0.675715,MISS,,23682
17944,0.944024,HIT,true,23103
17945,0.802418,MISS,,21071
17946,0.890761,HIT,true,22569
17947,0.847243,MISS,,24973
17948,0.914880,HIT,true,38446
17949,0.847395,MISS,,22665
17950,0.817260,MISS,,24203
17951,0.549133,MISS,,22435
17952,0.725030,MISS,,26314
17953,0.934267,HIT,true,24439
17954,0.941261,HIT,true,20532
17955,0.339786,MISS,,19809
17956,0.863523,HIT,true,20304
17957,0.995366,HIT,true,21702
17958,0.914054,HIT,true,20979
17959,0.908079,HIT,true,19209
17960,0.954425,HIT,true,19545
17961,0.945880,HIT,true,20496
17962,0.983184,HIT,true,21167
17963,0.857536,HIT,false,19162
17964,0.964257,HIT,true,19184
17965,0.790306,MISS,,21620
17966,0.931184,HIT,true,19458
17967,0.913401,HIT,true,20006
17968,0.866063,HIT,true,20548
17969,0.924720,HIT,true,19697
17970,0.599120,MISS,,19568
17971,0.900444,HIT,true,19920
17972,0.848466,MISS,,22420
17973,0.876769,HIT,false,21447
17974,0.914805,HIT,true,19116
17975,0.963976,HIT,false,21011
17976,0.926571,HIT,true,19524
17977,0.727541,MISS,,20664
17978,0.704688,MISS,,20645
17979,0.887248,HIT,true,21962
17980,0.819292,MISS,,19745
17981,0.933378,HIT,true,20063
17982,0.771144,MISS,,21330
17983,0.841866,MISS,,19228
17984,0.930619,HIT,true,19468
17985,0.909508,HIT,true,22751
17986,0.955239,HIT,true,20271
17987,0.638747,MISS,,20628
17988,0.859919,HIT,true,20002
17989,0.712513,MISS,,21188
17990,0.928798,HIT,true,23986
17991,0.762580,MISS,,24824
17992,0.776496,MISS,,22153
17993,0.983879,HIT,true,22276
17994,0.780550,MISS,,20214
17995,0.882120,HIT,true,19212
17996,0.982101,HIT,true,19763
17997,0.905608,HIT,true,19923
17998,0.859792,HIT,true,21019
17999,0.852313,HIT,true,23316
18000,0.785572,MISS,,20253
18001,0.917713,HIT,true,20459
18002,0.995847,HIT,true,19222
18003,0.932537,HIT,true,19592
18004,0.699565,MISS,,21775
18005,0.927040,HIT,true,21383
18006,0.419126,MISS,,19434
18007,0.890933,HIT,false,21551
18008,0.878342,HIT,true,20049
18009,0.950578,HIT,true,19841
18010,0.903208,HIT,true,20434
18011,0.829299,MISS,,21278
18012,0.885117,HIT,false,19830
18013,0.920834,HIT,true,22149
18014,0.995939,HIT,true,20459
18015,0.999634,HIT,true,19535
18016,0.984089,HIT,true,19144
18017,0.898336,HIT,true,21271
18018,0.888815,HIT,true,19640
18019,0.994703,HIT,true,20466
18020,0.980400,HIT,true,19911
18021,0.902063,HIT,true,20027
18022,0.997198,HIT,true,19157
18023,0.844811,MISS,,19138
18024,0.878528,HIT,true,21262
18025,0.911996,HIT,true,24117
18026,0.885377,HIT,false,21700
18027,0.887612,HIT,true,31836
18028,0.988423,HIT,true,24195
18029,0.824726,MISS,,20743
18030,0.920035,HIT,true,21221
18031,0.996803,HIT,true,19623
18032,0.899840,HIT,true,20178
18033,0.944029,HIT,true,20325
18034,0.952664,HIT,true,20068
18035,0.830731,MISS,,22640
18036,0.769125,MISS,,24845
18037,0.889525,HIT,true,22471
18038,0.800488,MISS,,19534
18039,0.801574,MISS,,19451
18040,0.830871,MISS,,20240
18041,0.808916,MISS,,19107
18042,0.793541,MISS,,19943
18043,0.921880,HIT,true,20342
18044,0.759403,MISS,,20846
18045,0.915985,HIT,true,20539
18046,0.890714,HIT,true,19003
18047,0.996858,HIT,true,19769
18048,0.918962,HIT,true,19792
18049,0.927515,HIT,true,19701
18050,0.915692,HIT,true,23306
18051,0.840988,MISS,,19222
18052,0.853505,HIT,true,21801
18053,0.986798,HIT,true,19779
18054,0.919345,HIT,true,19427
18055,0.982478,HIT,true,19026
18056,0.866252,HIT,true,20958
18057,0.870682,HIT,true,19698
18058,0.872329,HIT,true,19453
18059,0.922106,HIT,true,19271
18060,0.880540,HIT,true,20657
18061,0.804865,MISS,,19869
18062,0.867765,HIT,true,19113
18063,0.920775,HIT,true,21174
18064,0.873132,HIT,true,19452
18065,0.524710,MISS,,20659
18066,0.934143,HIT,true,20136
18067,0.764790,MISS,,19140
18068,0.599123,MISS,,19509
18069,0.893644,HIT,true,21000
18070,0.811809,MISS,,21731
18071,0.873796,HIT,true,19996
18072,0.957613,HIT,true,19019
18073,0.991337,HIT,true,20353
18074,0.751570,MISS,,19128
18075,0.980863,HIT,true,19066
18076,0.985559,HIT,true,20694
18077,0.973602,HIT,true,20447
18078,0.784987,MISS,,19686
18079,0.745548,MISS,,19508
18080,0.946791,HIT,true,19056
18081,0.890188,HIT,true,20164
18082,0.902898,HIT,true,19159
18083,0.972453,HIT,true,20601
18084,0.871314,HIT,true,19704
18085,0.861333,HIT,true,20785
18086,0.917402,HIT,true,19776
18087,0.835265,MISS,,19008
18088,0.952020,HIT,true,20502
18089,0.515079,MISS,,19914
18090,0.880111,HIT,false,22325
18091,0.896095,HIT,true,19955
18092,0.646768,MISS,,19125
18093,0.831100,MISS,,19912
18094,0.943141,HIT,true,19207
18095,0.992938,HIT,true,19253
18096,0.896497,HIT,true,20037
18097,0.878879,HIT,true,19830
18098,0.898797,HIT,true,20266
18099,0.988887,HIT,true,19140
18100,0.686949,MISS,,19454
18101,0.922720,HIT,true,19923
18102,0.971732,HIT,true,19616
18103,0.461520,MISS,,20910
18104,0.978172,HIT,true,20016
18105,0.875460,HIT,true,21395
18106,0.892359,HIT,true,20291
18107,0.821675,MISS,,19241
18108,0.904700,HIT,true,19703
18109,0.989556,HIT,true,19573
18110,0.937842,HIT,true,21618
18111,0.989080,HIT,true,19419
18112,0.636209,MISS,,19568
18113,0.962713,HIT,true,19119
18114,0.759798,MISS,,20194
18115,0.860536,HIT,true,19257
18116,0.944865,HIT,true,19926
18117,0.882441,HIT,true,20308
18118,0.973691,HIT,true,19584
18119,0.835576,MISS,,19851
18120,0.913090,HIT,true,19057
18121,0.980008,HIT,true,19040
18122,0.659844,MISS,,19413
18123,0.902170,HIT,true,21020
18124,0.860430,HIT,true,19818
18125,0.900150,HIT,true,19009
18126,0.883964,HIT,true,19022
18127,0.946144,HIT,true,20025
18128,0.846337,MISS,,19177
18129,0.978297,HIT,true,33748
18130,0.964124,HIT,true,33129
18131,0.925222,HIT,true,36462
18132,0.997676,HIT,true,26710
18133,0.973012,HIT,true,26661
18134,0.898629,HIT,true,29084
18135,0.911343,HIT,true,25890
18136,0.979338,HIT,true,23842
18137,0.826403,MISS,,19970
18138,0.991379,HIT,true,20619
18139,0.997847,HIT,true,19784
18140,0.789304,MISS,,22735
18141,0.946593,HIT,true,21391
18142,0.985325,HIT,true,23127
18143,0.772631,MISS,,21870
18144,0.960274,HIT,true,21504
18145,0.803364,MISS,,21851
18146,0.723050,MISS,,23024
18147,0.978541,HIT,true,25646
18148,0.861941,HIT,true,25014
18149,0.954635,HIT,true,29358
18150,0.999182,HIT,true,23575
18151,0.831825,MISS,,20022
18152,0.870599,HIT,true,22761
18153,0.860427,HIT,true,23167
18154,0.939467,HIT,true,21435
18155,0.992585,HIT,true,48772
18156,0.785427,MISS,,23611
18157,0.960892,HIT,true,23320
18158,0.684310,MISS,,23269
18159,0.889395,HIT,true,21563
18160,0.959430,HIT,true,24337
18161,0.911114,HIT,true,21937
18162,0.908180,HIT,true,22206
18163,0.977780,HIT,true,20001
18164,0.987570,HIT,true,21320
18165,0.822180,MISS,,23873
18166,0.743010,MISS,,19634
18167,0.943940,HIT,true,20052
18168,0.869888,HIT,true,22969
18169,0.413263,MISS,,35899
18170,0.951161,HIT,true,27981
18171,0.939559,HIT,true,23830
18172,0.985467,HIT,true,21506
18173,0.859511,HIT,true,22987
18174,0.993527,HIT,true,22873
18175,0.896373,HIT,true,21787
18176,0.934961,HIT,true,19674
18177,0.966300,HIT,true,20131
18178,0.934967,HIT,true,20891
18179,0.806656,MISS,,21520
18180,0.879868,HIT,true,22134
18181,0.920516,HIT,true,22126
18182,0.955056,HIT,true,21362
18183,0.889823,HIT,true,19435
18184,0.949319,HIT,true,19871
18185,0.820587,MISS,,19551
18186,0.641733,MISS,,22140
18187,0.827771,MISS,,20262
18188,0.835521,MISS,,19296
18189,0.790784,MISS,,20142
18190,0.928082,HIT,true,20374
18191,0.786981,MISS,,20129
18192,0.831408,MISS,,20469
18193,0.930198,HIT,true,20640
18194,0.783428,MISS,,21300
18195,0.904513,HIT,true,19499
18196,0.892556,HIT,true,19060
18197,0.916564,HIT,true,21558
18198,0.925962,HIT,true,20174
18199,0.951783,HIT,true,20738
18200,0.921063,HIT,true,19797
18201,0.898815,HIT,true,18956
18202,0.966854,HIT,true,20657
18203,0.527835,MISS,,20461
18204,0.894462,HIT,true,19584
18205,0.891324,HIT,true,19595
18206,0.456618,MISS,,20448
18207,0.927836,HIT,true,20673
18208,0.927908,HIT,true,19261
18209,0.928819,HIT,true,19077
18210,0.893052,HIT,true,19981
18211,0.932390,HIT,true,19450
18212,0.996100,HIT,true,18989
18213,0.898832,HIT,true,20228
18214,0.806913,MISS,,20193
18215,0.967824,HIT,true,20217
18216,0.961013,HIT,true,19139
18217,0.964979,HIT,true,19027
18218,0.902739,HIT,true,19520
18219,0.881267,HIT,true,24981
18220,0.812550,MISS,,24194
18221,0.980995,HIT,true,19745
18222,0.942198,HIT,true,20108
18223,0.980059,HIT,true,20738
18224,0.970211,HIT,true,19196
18225,0.912923,HIT,true,19477
18226,0.901034,HIT,true,19360
18227,0.894800,HIT,true,23257
18228,0.957846,HIT,true,19954
18229,0.897608,HIT,true,20797
18230,0.846597,MISS,,22711
18231,0.984831,HIT,true,19848
18232,0.889836,HIT,true,19459
18233,0.736708,MISS,,20269
18234,0.960705,HIT,true,19873
18235,0.896736,HIT,true,20386
18236,0.976150,HIT,true,19076
18237,0.899795,HIT,true,19586
18238,0.730136,MISS,,19034
18239,0.902879,HIT,true,19751
18240,0.696623,MISS,,21121
18241,0.913482,HIT,true,20405
18242,0.673907,MISS,,19276
18243,0.854744,HIT,true,20339
18244,0.971363,HIT,true,19512
18245,0.954243,HIT,true,20286
18246,0.821325,MISS,,19394
18247,0.888423,HIT,true,21505
18248,0.970840,HIT,true,19455
18249,0.808489,MISS,,19268
18250,0.965063,HIT,true,19175
18251,0.924415,HIT,true,19655
18252,0.982672,HIT,true,19566
18253,0.719840,MISS,,19484
18254,0.843428,MISS,,20966
18255,0.813069,MISS,,19929
18256,0.934958,HIT,true,24043
18257,0.830032,MISS,,22496
18258,0.917843,HIT,true,23828
18259,0.957721,HIT,true,31245
18260,0.933454,HIT,true,30685
18261,0.958718,HIT,true,25113
18262,0.891587,HIT,true,25623
18263,0.887308,HIT,true,23552
18264,0.960478,HIT,true,24856
18265,0.922488,HIT,true,28434
18266,0.770163,MISS,,32800
18267,0.976617,HIT,true,35042
18268,0.904253,HIT,true,32648
18269,0.821723,MISS,,48087
18270,0.495758,MISS,,31179
18271,0.975838,HIT,true,23198
18272,0.947331,HIT,true,21001
18273,0.835362,MISS,,29432
18274,0.899594,HIT,true,25628
18275,0.957656,HIT,true,31544
18276,0.910601,HIT,true,25752
18277,0.959810,HIT,true,22574
18278,0.953225,HIT,true,21424
18279,0.905205,HIT,true,21050
18280,0.892407,HIT,true,26261
18281,0.988690,HIT,true,22295
18282,0.926391,HIT,true,23903
18283,0.569669,MISS,,26985
18284,0.911781,HIT,false,21440
18285,0.849934,MISS,,27491
18286,0.922360,HIT,true,27555
18287,0.960852,HIT,true,20777
18288,0.771584,MISS,,19620
18289,0.901753,HIT,true,19557
18290,0.902479,HIT,true,27593
18291,0.988937,HIT,true,22484
18292,0.841898,MISS,,23231
18293,0.849012,MISS,,21650
18294,0.948283,HIT,true,20928
18295,0.922442,HIT,true,19936
18296,0.598346,MISS,,20960
18297,0.730735,MISS,,23039
18298,0.877073,HIT,true,20714
18299,0.996308,HIT,true,19179
18300,0.963436,HIT,true,19158
18301,0.901521,HIT,true,19520
18302,0.977980,HIT,true,19890
18303,0.902894,HIT,true,21492
18304,0.958369,HIT,true,19201
18305,0.793001,MISS,,19240
18306,0.850670,HIT,true,25781
18307,0.836774,MISS,,21028
18308,0.839490,MISS,,20057
18309,0.939709,HIT,true,22323
18310,0.881030,HIT,true,25014
18311,0.875308,HIT,true,22673
18312,0.942394,HIT,true,20002
18313,0.878710,HIT,true,28814
18314,0.969526,HIT,true,31612
18315,0.971210,HIT,true,25642
18316,0.833945,MISS,,26013
18317,0.890959,HIT,true,24482
18318,0.853903,HIT,true,20826
18319,0.965582,HIT,true,22245
18320,0.943813,HIT,true,21975
18321,0.866208,HIT,true,20934
18322,1.000000,HIT,true,20535
18323,0.910400,HIT,true,19997
18324,0.808871,MISS,,21192
18325,0.989913,HIT,true,19999
18326,0.993926,HIT,true,22815
18327,0.707609,MISS,,20393
18328,0.874108,HIT,true,20230
18329,0.933718,HIT,true,19912
18330,0.794060,MISS,,19385
18331,0.969486,HIT,true,20253
18332,0.867537,HIT,true,19742
18333,0.854997,HIT,false,20637
18334,0.945337,HIT,true,19662
18335,0.756906,MISS,,19335
18336,0.903276,HIT,true,20468
18337,0.943545,HIT,true,19415
18338,0.948390,HIT,true,19260
18339,0.873087,HIT,true,19945
18340,0.936980,HIT,true,21491
18341,0.803594,MISS,,19641
18342,0.949499,HIT,true,19464
18343,0.954382,HIT,true,19111
18344,0.962770,HIT,true,20341
18345,0.843746,MISS,,20017
18346,0.828348,MISS,,19560
18347,0.961296,HIT,true,21566
18348,0.697031,MISS,,19760
18349,0.821027,MISS,,22099
18350,0.960237,HIT,true,20885
18351,0.982832,HIT,true,22406
18352,0.967160,HIT,true,21104
18353,0.959756,HIT,true,19920
18354,0.504261,MISS,,24237
18355,0.735195,MISS,,19462
18356,0.817530,MISS,,19803
18357,0.919904,HIT,true,19495
18358,0.967008,HIT,true,23397
18359,0.987433,HIT,true,28623
18360,0.629285,MISS,,22162
18361,0.954499,HIT,true,20050
18362,0.872517,HIT,true,19528
18363,0.855745,HIT,true,19486
18364,0.909961,HIT,true,21450
18365,0.980866,HIT,true,20321
18366,0.865791,HIT,true,21914
18367,0.933793,HIT,true,20189
18368,0.914958,HIT,true,19629
18369,0.986410,HIT,true,19533
18370,0.824475,MISS,,19273
18371,0.975614,HIT,true,19475
18372,0.951988,HIT,true,21444
18373,0.878720,HIT,true,23190
18374,0.994813,HIT,true,25319
18375,0.835920,MISS,,26042
18376,0.818599,MISS,,25853
18377,0.858289,HIT,true,19947
18378,0.975784,HIT,true,21553
18379,0.946610,HIT,true,21676
18380,0.836714,MISS,,20644
18381,0.692604,MISS,,20195
18382,0.944359,HIT,true,19968
18383,0.868222,HIT,true,33550
18384,0.694709,MISS,,21544
18385,0.754145,MISS,,20919
18386,0.946882,HIT,false,19916
18387,0.933709,HIT,true,19767
18388,0.850290,HIT,true,19158
18389,0.986505,HIT,true,19130
18390,0.914177,HIT,true,20057
18391,0.873651,HIT,true,20879
18392,0.974200,HIT,true,19736
18393,0.926733,HIT,true,19206
18394,0.971700,HIT,true,19314
18395,0.972686,HIT,true,20509
18396,0.939097,HIT,true,19064
18397,0.953025,HIT,true,20101
18398,0.900028,HIT,true,20436
18399,0.917331,HIT,true,20177
18400,0.821419,MISS,,19404
18401,0.876380,HIT,true,19678
18402,0.950522,HIT,true,19446
18403,0.885465,HIT,true,20939
18404,0.978729,HIT,true,20311
18405,0.837183,MISS,,20231
18406,0.823007,MISS,,20006
18407,0.968180,HIT,true,20329
18408,0.879999,HIT,true,26426
18409,0.826612,MISS,,20113
18410,0.947899,HIT,true,22203
18411,0.889611,HIT,true,21682
18412,0.957968,HIT,true,19907
18413,0.975540,HIT,true,21522
18414,0.862273,HIT,true,20364
18415,0.512140,MISS,,21788
18416,0.920709,HIT,true,19746
18417,0.498656,MISS,,21818
18418,0.953049,HIT,true,20286
18419,0.884531,HIT,true,19583
18420,0.954006,HIT,true,19575
18421,0.908373,HIT,true,19212
18422,0.844432,MISS,,19122
18423,0.848349,MISS,,20662
18424,0.916263,HIT,true,21997
18425,0.909776,HIT,true,21025
18426,0.921683,HIT,true,20028
18427,0.882673,HIT,true,21214
18428,0.569868,MISS,,20225
18429,0.968494,HIT,true,19723
18430,0.882633,HIT,true,22024
18431,0.946892,HIT,true,21157
18432,0.944484,HIT,true,24565
18433,0.906520,HIT,true,30808
18434,0.882731,HIT,true,30287
18435,0.919173,HIT,true,32505
18436,0.811560,MISS,,31522
18437,0.793897,MISS,,28763
18438,0.903769,HIT,true,27651
18439,0.811579,MISS,,21829
18440,0.911234,HIT,true,22293
18441,0.945173,HIT,true,19830
18442,0.977112,HIT,true,20336
18443,0.895251,HIT,true,19738
18444,0.970369,HIT,true,21692
18445,0.834063,MISS,,20396
18446,0.998206,HIT,true,21184
18447,0.896484,HIT,true,21002
18448,0.885615,HIT,true,20440
18449,0.858233,HIT,true,19616
18450,0.987858,HIT,true,20081
18451,0.761405,MISS,,20406
18452,0.903777,HIT,true,21353
18453,0.948726,HIT,true,20839
18454,0.961587,HIT,true,20656
18455,0.835074,MISS,,20040
18456,0.883844,HIT,true,20660
18457,0.942272,HIT,true,21088
18458,0.976336,HIT,true,19598
18459,0.971857,HIT,true,19604
18460,0.665268,MISS,,22428
18461,0.978999,HIT,true,20975
18462,0.902217,HIT,true,19673
18463,0.855044,HIT,false,19099
18464,0.871193,HIT,true,21915
18465,0.532280,MISS,,20111
18466,0.993282,HIT,true,20745
18467,0.977483,HIT,true,19787
18468,0.925508,HIT,false,19833
18469,0.979322,HIT,true,19169
18470,0.935194,HIT,true,19630
18471,0.958612,HIT,true,19897
18472,0.897610,HIT,true,20049
18473,0.839502,MISS,,19777
18474,0.970684,HIT,true,20491
18475,0.857712,HIT,true,20319
18476,0.952372,HIT,true,20557
18477,0.979379,HIT,true,19858
18478,0.845087,MISS,,19893
18479,0.972813,HIT,true,20469
18480,0.746434,MISS,,20178
18481,0.945374,HIT,true,19668
18482,0.938675,HIT,true,19186
18483,0.955621,HIT,true,19543
18484,0.828622,MISS,,19512
18485,0.943122,HIT,true,19893
18486,0.806844,MISS,,21084
18487,0.926658,HIT,true,19507
18488,0.995483,HIT,true,21761
18489,0.687358,MISS,,21924
18490,0.785786,MISS,,19469
18491,0.588127,MISS,,19594
18492,0.881746,HIT,true,19619
18493,0.804860,MISS,,21430
18494,0.988808,HIT,true,19122
18495,0.853181,HIT,true,19167
18496,0.946142,HIT,true,20369
18497,0.629483,MISS,,20310
18498,0.855637,HIT,true,19429
18499,0.909422,HIT,true,20369
18500,0.984142,HIT,true,19769
18501,0.856992,HIT,true,20508
18502,0.833568,MISS,,19500
18503,0.859519,HIT,true,21924
18504,0.949288,HIT,true,19217
18505,0.952410,HIT,true,21321
18506,0.946515,HIT,true,21815
18507,0.902156,HIT,true,24793
18508,0.886275,HIT,true,24890
18509,0.882647,HIT,true,21599
18510,0.926555,HIT,true,22905
18511,0.959135,HIT,true,20642
18512,0.871451,HIT,true,20374
18513,0.679142,MISS,,24064
18514,0.934071,HIT,true,19252
18515,0.743612,MISS,,19096
18516,0.882501,HIT,true,19624
18517,0.943795,HIT,true,20661
18518,0.743745,MISS,,20082
18519,0.763686,MISS,,20744
18520,0.964704,HIT,true,19155
18521,0.696404,MISS,,20156
18522,0.930709,HIT,true,19155
18523,0.876056,HIT,true,25617
18524,0.759117,MISS,,34492
18525,0.981427,HIT,true,29788
18526,0.908238,HIT,true,22752
18527,0.821142,MISS,,20649
18528,0.837200,MISS,,19847
18529,0.899248,HIT,true,20445
18530,0.848142,MISS,,20906
18531,0.808138,MISS,,20480
18532,0.927106,HIT,true,20223
18533,0.936697,HIT,true,20200
18534,0.951454,HIT,true,19988
18535,0.850724,HIT,true,20088
18536,0.582179,MISS,,19668
18537,0.893715,HIT,true,21618
18538,0.942918,HIT,true,21086
18539,0.989421,HIT,true,22243
18540,0.845687,MISS,,19285
18541,0.990407,HIT,true,19070
18542,0.939913,HIT,true,19555
18543,0.943917,HIT,true,19571
18544,0.965050,HIT,true,22101
18545,0.982402,HIT,true,19637
18546,0.960409,HIT,true,20076
18547,0.635853,MISS,,19029
18548,0.986651,HIT,true,21621
18549,0.925895,HIT,true,19385
18550,0.978356,HIT,true,20027
18551,0.728813,MISS,,20492
18552,0.995650,HIT,true,19938
18553,0.852998,HIT,true,19726
18554,0.983173,HIT,true,25975
18555,0.993431,HIT,true,21523
18556,0.751427,MISS,,22091
18557,0.874592,HIT,true,21386
18558,0.506627,MISS,,21067
18559,0.900757,HIT,true,20331
18560,0.989344,HIT,true,22787
18561,0.762150,MISS,,20085
18562,0.813878,MISS,,20221
18563,0.974109,HIT,true,23263
18564,0.942743,HIT,true,20332
18565,0.968144,HIT,true,19550
18566,0.982310,HIT,true,19534
18567,0.719339,MISS,,19955
18568,0.968778,HIT,true,19734
18569,0.932259,HIT,true,19644
18570,0.960211,HIT,true,20922
18571,0.983461,HIT,true,19244
18572,0.979280,HIT,true,20616
18573,0.920937,HIT,true,19266
18574,0.986556,HIT,true,19337
18575,0.913087,HIT,true,19255
18576,0.942927,HIT,true,21627
18577,0.966876,HIT,true,19752
18578,0.973795,HIT,true,19311
18579,0.982721,HIT,true,19628
18580,0.785254,MISS,,22000
18581,0.957769,HIT,true,19102
18582,0.957304,HIT,true,21528
18583,0.554108,MISS,,21201
18584,0.965906,HIT,true,21413
18585,0.890864,HIT,true,19950
18586,0.704150,MISS,,19496
18587,0.975945,HIT,true,19028
18588,0.974275,HIT,true,19760
18589,0.872470,HIT,true,19634
18590,0.976051,HIT,true,20697
18591,0.884856,HIT,true,19692
18592,0.940125,HIT,true,19976
18593,0.697296,MISS,,19089
18594,0.887147,HIT,true,19577
18595,0.906355,HIT,true,18902
18596,0.969227,HIT,true,20110
18597,0.899670,HIT,true,21514
18598,0.976876,HIT,true,19153
18599,0.980835,HIT,true,19621
18600,0.663039,MISS,,19501
18601,0.538209,MISS,,19759
18602,0.966882,HIT,true,19869
18603,0.971970,HIT,true,19714
18604,0.993100,HIT,true,34124
18605,0.944866,HIT,true,20389
18606,0.964012,HIT,true,21344
18607,0.861415,HIT,false,21029
18608,0.841971,MISS,,20794
18609,0.994270,HIT,true,19809
18610,0.785537,MISS,,21748
18611,0.989907,HIT,true,23289
18612,0.828055,MISS,,23148
18613,0.964245,HIT,true,21486
18614,0.922659,HIT,true,23661
18615,0.981978,HIT,true,22372
18616,0.802775,MISS,,23255
18617,0.907523,HIT,true,23358
18618,0.995594,HIT,true,24805
18619,0.762565,MISS,,27310
18620,0.941323,HIT,true,20889
18621,0.919924,HIT,true,21342
18622,0.862280,HIT,true,20967
18623,0.914991,HIT,true,23186
18624,0.925783,HIT,true,21439
18625,0.959174,HIT,true,19902
18626,0.823904,MISS,,23628
18627,0.975195,HIT,true,21921
18628,0.956838,HIT,true,22117
18629,0.669947,MISS,,22622
18630,0.943219,HIT,true,23635
18631,0.970090,HIT,true,24282
18632,0.966201,HIT,true,21161
18633,0.906072,HIT,true,23056
18634,0.998207,HIT,true,22733
18635,0.970309,HIT,true,20907
18636,0.621649,MISS,,20082
18637,0.955669,HIT,true,19586
18638,0.873002,HIT,true,20716
18639,0.918364,HIT,true,20654
18640,0.972582,HIT,true,21283
18641,0.966058,HIT,true,23953
18642,0.889842,HIT,true,23152
18643,0.964197,HIT,true,20531
18644,0.954115,HIT,true,23972
18645,0.977423,HIT,true,22613
18646,0.811136,MISS,,19762
18647,0.812424,MISS,,20916
18648,0.859752,HIT,true,19529
18649,0.889689,HIT,true,20876
18650,0.832852,MISS,,21077
18651,0.988816,HIT,true,21424
18652,0.972818,HIT,true,22789
18653,0.862666,HIT,true,21716
18654,0.814319,MISS,,20300
18655,0.917195,HIT,true,21344
18656,0.632129,MISS,,20813
18657,0.741908,MISS,,20393
18658,1.000000,HIT,true,21499
18659,0.960672,HIT,true,20200
18660,0.934847,HIT,true,20621
18661,0.775946,MISS,,23245
18662,0.828900,MISS,,19455
18663,0.913644,HIT,true,19197
18664,0.833423,MISS,,21224
18665,0.515103,MISS,,20784
18666,0.856273,HIT,true,19476
18667,0.988201,HIT,true,22562
18668,0.948849,HIT,true,38512
18669,0.958932,HIT,true,32798
18670,0.904050,HIT,true,23720
18671,0.890708,HIT,true,22150
18672,0.677592,MISS,,19153
18673,0.985608,HIT,true,19610
18674,0.956383,HIT,true,19221
18675,0.763482,MISS,,19653
18676,0.833998,MISS,,21762
18677,0.749238,MISS,,19194
18678,0.997252,HIT,true,19714
18679,0.940284,HIT,true,19301
18680,0.959823,HIT,true,19692
18681,0.911915,HIT,true,19654
18682,0.997920,HIT,true,19313
18683,0.998442,HIT,true,21107
18684,0.934863,HIT,true,19911
18685,0.714721,MISS,,19094
18686,0.929637,HIT,true,19569
18687,0.619318,MISS,,19088
18688,0.973203,HIT,true,20700
18689,0.821826,MISS,,19047
18690,0.991175,HIT,true,20895
18691,0.911615,HIT,true,19675
18692,0.874091,HIT,true,20196
18693,0.910324,HIT,true,19360
18694,0.793893,MISS,,20697
18695,0.864081,HIT,true,19399
18696,0.949279,HIT,true,21101
18697,0.997364,HIT,true,20558
18698,0.885182,HIT,true,19981
18699,0.949916,HIT,true,20498
18700,0.926565,HIT,true,21048
18701,0.906934,HIT,true,19453
18702,0.849320,MISS,,19583
18703,0.939999,HIT,true,20977
18704,0.661752,MISS,,21195
18705,0.912829,HIT,true,20776
18706,0.927203,HIT,true,20575
18707,0.767814,MISS,,20063
18708,0.853748,HIT,true,20463
18709,0.931904,HIT,true,19602
18710,0.891006,HIT,true,20960
18711,0.856020,HIT,false,19413
18712,0.990349,HIT,true,20453
18713,0.544107,MISS,,19534
18714,0.887180,HIT,true,19930
18715,0.919475,HIT,true,19232
18716,0.987871,HIT,true,19439
18717,0.912172,HIT,true,22530
18718,0.957513,HIT,true,19799
18719,0.938522,HIT,true,19644
18720,0.964877,HIT,true,24712
18721,0.946001,HIT,true,20922
18722,0.990663,HIT,true,20430
18723,0.863804,HIT,true,19904
18724,0.919795,HIT,true,21424
18725,0.901456,HIT,true,19615
18726,0.881954,HIT,true,19135
18727,0.972467,HIT,true,19573
18728,0.730211,MISS,,19072
18729,0.957964,HIT,true,20879
18730,0.993061,HIT,true,20237
18731,0.976694,HIT,true,19934
18732,0.446388,MISS,,19746
18733,0.956398,HIT,true,20141
18734,0.807600,MISS,,19788
18735,0.996742,HIT,true,19014
18736,0.939730,HIT,true,22164
18737,0.918590,HIT,true,26756
18738,0.818716,MISS,,24851
18739,0.923285,HIT,true,20810
18740,0.987892,HIT,true,20166
18741,0.888905,HIT,false,19961
18742,0.783974,MISS,,19909
18743,0.948064,HIT,true,19980
18744,0.887597,HIT,true,21780
18745,0.830637,MISS,,20275
18746,0.963085,HIT,true,19638
18747,0.818257,MISS,,20032
18748,0.969461,HIT,true,22434
18749,0.887185,HIT,true,21848
18750,0.909505,HIT,true,21220
18751,0.919612,HIT,true,19547
18752,0.978844,HIT,true,20530
18753,0.999754,HIT,true,21508
18754,0.976439,HIT,true,20374
18755,0.784203,MISS,,19383
18756,0.771058,MISS,,19161
18757,0.882730,HIT,true,21868
18758,0.998334,HIT,true,19218
18759,0.873859,HIT,true,19434
18760,0.842750,MISS,,19148
18761,0.991238,HIT,true,19908
18762,0.798521,MISS,,20113
18763,0.873239,HIT,true,19404
18764,0.954953,HIT,true,20935
18765,0.910381,HIT,true,19840
18766,0.827808,MISS,,19698
18767,0.977525,HIT,true,19470
18768,0.761018,MISS,,18975
18769,0.954799,HIT,true,20055
18770,0.840856,MISS,,20617
18771,0.843379,MISS,,19622
18772,0.772692,MISS,,19794
18773,0.949655,HIT,true,19741
18774,0.997617,HIT,true,19038
18775,0.992937,HIT,true,19622
18776,0.889254,HIT,true,19366
18777,0.807443,MISS,,21193
18778,0.699852,MISS,,19479
18779,0.825665,MISS,,21910
18780,0.824891,MISS,,21168
18781,0.428709,MISS,,20230
18782,0.972519,HIT,true,19202
18783,0.849208,MISS,,20147
18784,0.990575,HIT,true,21393
18785,0.959261,HIT,true,19603
18786,0.936670,HIT,true,20335
18787,0.994244,HIT,true,19174
18788,0.945999,HIT,true,19073
18789,0.931733,HIT,true,19677
18790,0.831460,MISS,,19745
18791,0.962664,HIT,true,21782
18792,0.837520,MISS,,19225
18793,0.960611,HIT,true,19143
18794,0.849797,MISS,,20186
18795,0.854445,HIT,true,19146
18796,0.939063,HIT,true,20545
18797,0.947411,HIT,true,24829
18798,0.960924,HIT,true,28487
18799,0.890995,HIT,true,25379
18800,0.807328,MISS,,33362
18801,0.502040,MISS,,22596
18802,0.992095,HIT,true,20770
18803,0.952960,HIT,true,21971
18804,0.937627,HIT,true,21452
18805,0.715891,MISS,,20112
18806,0.985631,HIT,true,20938
18807,0.951847,HIT,true,19508
18808,0.964773,HIT,true,21271
18809,0.868970,HIT,false,24088
18810,0.915180,HIT,true,23593
18811,0.831726,MISS,,26819
18812,0.997649,HIT,true,30228
18813,0.949208,HIT,true,40828
18814,0.992728,HIT,true,21654
18815,0.975180,HIT,true,20730
18816,0.915735,HIT,true,20525
18817,0.872715,HIT,true,21420
18818,0.938387,HIT,true,23550
18819,0.958667,HIT,true,21635
18820,0.735159,MISS,,21166
18821,0.994898,HIT,true,20659
18822,0.876804,HIT,true,22775
18823,0.968089,HIT,true,20644
18824,0.807303,MISS,,19459
18825,0.879322,HIT,true,19767
18826,0.793980,MISS,,20514
18827,0.921399,HIT,true,21741
18828,0.616313,MISS,,22378
18829,0.978945,HIT,true,21388
18830,0.976499,HIT,true,20833
18831,0.968990,HIT,true,19679
18832,0.885645,HIT,true,19414
18833,0.944778,HIT,true,21270
18834,0.757971,MISS,,20784
18835,0.958336,HIT,true,19590
18836,0.956776,HIT,true,19315
18837,0.908276,HIT,true,19144
18838,0.933983,HIT,true,20580
18839,0.817881,MISS,,19300
18840,0.310669,MISS,,21447
18841,0.889183,HIT,true,19549
18842,0.824897,MISS,,20588
18843,0.929835,HIT,true,19828
18844,0.694475,MISS,,19503
18845,0.830861,MISS,,19308
18846,0.953930,HIT,true,20605
18847,0.925817,HIT,true,20743
18848,0.975012,HIT,true,19826
18849,0.949453,HIT,true,19733
18850,0.710244,MISS,,19533
18851,0.779275,MISS,,20165
18852,0.941093,HIT,true,19889
18853,0.625456,MISS,,21423
18854,0.954545,HIT,true,21872
18855,0.888668,HIT,true,19810
18856,0.943506,HIT,true,19456
18857,0.972637,HIT,true,19253
18858,0.999004,HIT,true,19893
18859,0.890869,HIT,true,20229
18860,0.903534,HIT,true,19837
18861,0.943260,HIT,true,21395
18862,0.998034,HIT,true,19890
18863,0.883291,HIT,true,19579
18864,0.972486,HIT,true,19513
18865,0.975489,HIT,true,19263
18866,0.864385,HIT,false,19454
18867,0.928723,HIT,true,21185
18868,0.921685,HIT,true,20033
18869,0.910496,HIT,true,19934
18870,0.974738,HIT,true,19114
18871,0.914394,HIT,true,20261
18872,0.962986,HIT,true,19311
18873,0.769764,MISS,,19038
18874,0.861898,HIT,true,21069
18875,0.865550,HIT,true,20167
18876,0.932746,HIT,true,21012
18877,0.650759,MISS,,19214
18878,0.995816,HIT,true,19005
18879,0.805458,MISS,,20201
18880,0.847804,MISS,,19379
18881,0.989542,HIT,true,21078
18882,0.947961,HIT,true,19189
18883,0.890672,HIT,true,19491
18884,0.740892,MISS,,19759
18885,0.890144,HIT,true,19030
18886,0.919120,HIT,true,19098
18887,0.789069,MISS,,20474
18888,0.957975,HIT,true,21629
18889,0.971026,HIT,true,21961
18890,0.994237,HIT,true,19473
18891,0.995446,HIT,true,19307
18892,0.913041,HIT,true,22733
18893,0.803988,MISS,,19411
18894,0.903428,HIT,true,21914
18895,0.942288,HIT,true,20158
18896,0.777245,MISS,,19968
18897,0.766933,MISS,,19515
18898,0.926074,HIT,true,19615
18899,0.944828,HIT,true,19631
18900,0.498962,MISS,,20464
18901,0.986127,HIT,true,20915
18902,0.856171,HIT,true,19717
18903,0.507214,MISS,,19135
18904,0.982020,HIT,true,19722
18905,0.675213,MISS,,19349
18906,0.779382,MISS,,19586
18907,0.861620,HIT,true,19716
18908,0.994112,HIT,true,22152
18909,0.932658,HIT,true,21763
18910,0.783780,MISS,,23581
18911,0.977220,HIT,true,22601
18912,0.970468,HIT,true,20626
18913,0.798701,MISS,,19955
18914,0.970294,HIT,true,23607
18915,0.906662,HIT,true,27306
18916,0.960128,HIT,true,25242
18917,0.918548,HIT,true,19542
18918,0.859022,HIT,true,21281
18919,0.582966,MISS,,21986
18920,0.536561,MISS,,21162
18921,0.672599,MISS,,20960
18922,0.888466,HIT,true,19745
18923,0.850696,HIT,true,21054
18924,0.883455,HIT,true,19755
18925,0.976963,HIT,true,19400
18926,0.831774,MISS,,21899
18927,0.857035,HIT,false,20553
18928,0.992203,HIT,true,19190
18929,0.972419,HIT,true,19786
18930,0.949701,HIT,true,19634
18931,0.895655,HIT,true,19786
18932,0.991704,HIT,true,20283
18933,0.939779,HIT,true,21191
18934,0.956621,HIT,true,19924
18935,0.858932,HIT,true,20402
18936,0.917538,HIT,true,19277
18937,0.923386,HIT,true,18922
18938,0.764682,MISS,,19625
18939,0.997221,HIT,true,20131
18940,0.802666,MISS,,23664
18941,0.765652,MISS,,20519
18942,0.961031,HIT,true,18978
18943,0.979027,HIT,false,19622
18944,0.984990,HIT,true,20139
18945,0.879305,HIT,true,19899
18946,0.939898,HIT,true,21617
18947,0.996184,HIT,true,19353
18948,0.942483,HIT,true,20910
18949,0.864095,HIT,true,19481
18950,0.769490,MISS,,19955
18951,0.959630,HIT,true,20800
18952,0.756246,MISS,,20338
18953,0.900260,HIT,true,20380
18954,0.868610,HIT,true,19765
18955,0.908260,HIT,true,19423
18956,0.872768,HIT,true,20096
18957,0.974365,HIT,true,20770
18958,0.915574,HIT,true,20755
18959,0.944699,HIT,true,19821
18960,0.983037,HIT,true,21731
18961,0.818685,MISS,,19555
18962,0.905449,HIT,true,19553
18963,0.904931,HIT,true,19070
18964,0.905981,HIT,true,20062
18965,0.993213,HIT,true,19339
18966,0.905702,HIT,true,19541
18967,0.789644,MISS,,20718
18968,0.825459,MISS,,20178
18969,0.894947,HIT,true,19950
18970,0.985677,HIT,true,19072
18971,0.774818,MISS,,19717
18972,0.977479,HIT,true,19521
18973,0.930546,HIT,true,19492
18974,0.807372,MISS,,21084
18975,0.885243,HIT,true,19092
18976,0.980204,HIT,true,19143
18977,0.931318,HIT,true,20382
18978,0.949280,HIT,true,19060
18979,0.919851,HIT,true,19503
18980,0.937725,HIT,true,20363
18981,0.992016,HIT,true,20328
18982,0.882987,HIT,true,19618
18983,0.999195,HIT,true,19248
18984,0.566269,MISS,,19615
18985,0.933353,HIT,true,20497
18986,0.940522,HIT,true,19204
18987,0.701743,MISS,,21170
18988,0.902049,HIT,true,19258
18989,0.855615,HIT,true,19901
18990,0.938386,HIT,true,19143
18991,0.903409,HIT,true,19718
18992,0.926488,HIT,true,19126
18993,0.764519,MISS,,19632
18994,0.851996,HIT,true,21633
18995,0.850349,HIT,true,20426
18996,0.884394,HIT,false,20565
18997,0.872510,HIT,true,23158
18998,0.984279,HIT,true,21262
18999,0.896832,HIT,true,20289
19000,0.841183,MISS,,24877
19001,0.806947,MISS,,21939
19002,0.810216,MISS,,20455
19003,0.885112,HIT,true,21486
19004,0.377451,MISS,,19607
19005,0.953556,HIT,true,20401
19006,0.585130,MISS,,21537
19007,0.945572,HIT,true,20057
19008,0.830532,MISS,,19888
19009,0.774720,MISS,,19784
19010,0.897037,HIT,true,19140
19011,0.932324,HIT,true,19762
19012,0.983398,HIT,true,25919
19013,0.669579,MISS,,33925
19014,0.950378,HIT,true,19729
19015,0.990435,HIT,true,19075
19016,0.998380,HIT,true,19436
19017,0.998528,HIT,true,19876
19018,0.916808,HIT,true,19048
19019,0.810431,MISS,,18118
19020,0.817602,MISS,,18500
19021,0.831196,MISS,,18187
19022,0.847252,MISS,,16741
19023,0.930868,HIT,true,18048
19024,0.963084,HIT,true,17185
19025,0.897320,HIT,true,18580
19026,0.889647,HIT,true,19326
19027,0.819703,MISS,,22912
19028,0.941231,HIT,true,19842
19029,0.846707,MISS,,16903
19030,0.987365,HIT,true,17277
19031,0.960878,HIT,true,18277
19032,0.972134,HIT,true,17108
19033,0.812092,MISS,,16621
19034,0.838932,MISS,,17732
19035,0.916202,HIT,true,19028
19036,0.915941,HIT,true,17670
19037,0.902507,HIT,true,16844
19038,0.917005,HIT,true,17157
19039,0.999034,HIT,true,18196
19040,0.924349,HIT,true,24461
19041,0.979181,HIT,true,26599
19042,0.971877,HIT,true,27866
19043,0.894151,HIT,true,22488
19044,0.892375,HIT,false,21978
19045,0.810096,MISS,,17601
19046,0.995561,HIT,true,18383
19047,0.924314,HIT,true,26373
19048,0.931514,HIT,true,29997
19049,0.749245,MISS,,29727
19050,0.725659,MISS,,24609
19051,0.858214,HIT,true,17321
19052,0.950695,HIT,true,17604
19053,0.773507,MISS,,20866
19054,0.894706,HIT,true,19615
19055,0.857665,HIT,true,18198
19056,0.816895,MISS,,19069
19057,0.954228,HIT,true,20884
19058,0.840712,MISS,,23100
19059,0.948102,HIT,true,17924
19060,0.877944,HIT,true,20337
19061,0.853445,HIT,true,18110
19062,0.789348,MISS,,20958
19063,0.875841,HIT,true,17393
19064,0.996969,HIT,true,18484
19065,0.814301,MISS,,17412
19066,0.851189,HIT,true,17688
19067,0.741725,MISS,,20437
19068,0.993697,HIT,true,19100
19069,0.985841,HIT,true,17478
19070,0.881420,HIT,true,17819
19071,0.994768,HIT,true,19303
19072,0.882306,HIT,true,17606
19073,0.895135,HIT,true,18852
19074,0.992403,HIT,true,18921
19075,0.941144,HIT,true,18448
19076,0.891179,HIT,true,17367
19077,0.800069,MISS,,18441
19078,0.853242,HIT,false,16634
19079,0.904933,HIT,true,17096
19080,0.978005,HIT,true,18193
19081,0.789991,MISS,,17770
19082,0.918494,HIT,true,19208
19083,0.895587,HIT,true,18037
19084,0.895298,HIT,true,16945
19085,0.983979,HIT,true,18878
19086,0.828694,MISS,,16630
19087,0.899301,HIT,true,17124
19088,0.859958,HIT,true,16750
19089,0.895593,HIT,true,17489
19090,0.993271,HIT,true,20599
19091,0.967408,HIT,true,17901
19092,0.997037,HIT,true,19589
19093,0.810130,MISS,,17836
19094,0.898168,HIT,true,18948
19095,0.920722,HIT,true,18136
19096,0.576621,MISS,,17071
19097,0.935613,HIT,true,18326
19098,0.879633,HIT,true,18737
19099,0.973044,HIT,true,17697
19100,0.915028,HIT,true,16881
19101,0.853886,HIT,true,18242
19102,0.965346,HIT,true,16946
19103,0.912932,HIT,true,17498
19104,0.876334,HIT,true,16635
19105,0.964406,HIT,true,19264
19106,0.845487,MISS,,19461
19107,0.947998,HIT,true,20247
19108,0.979932,HIT,true,22331
19109,0.965814,HIT,true,17565
19110,0.921253,HIT,true,19776
19111,0.903055,HIT,true,17407
19112,0.450509,MISS,,20383
19113,0.869160,HIT,true,25252
19114,0.681087,MISS,,22900
19115,0.822568,MISS,,18874
19116,0.940097,HIT,true,18717
19117,0.928338,HIT,true,18315
19118,0.773425,MISS,,18945
19119,0.938598,HIT,true,20411
19120,0.783529,MISS,,18590
19121,0.948584,HIT,true,19764
19122,0.759978,MISS,,20047
19123,0.850613,HIT,true,20542
19124,0.750874,MISS,,20666
19125,0.434613,MISS,,19509
19126,0.870350,HIT,true,23256
19127,0.762557,MISS,,20500
19128,0.960321,HIT,true,20029
19129,0.671942,MISS,,23295
19130,0.819941,MISS,,18370
19131,0.792338,MISS,,18030
19132,0.871931,HIT,true,20305
19133,0.938802,HIT,true,21532
19134,0.922396,HIT,true,23793
19135,0.909309,HIT,true,19512
19136,0.923586,HIT,true,20455
19137,0.949691,HIT,true,20624
19138,0.879822,HIT,true,21616
19139,0.791401,MISS,,18909
19140,0.943639,HIT,true,17946
19141,0.526443,MISS,,18507
19142,0.939501,HIT,true,18616
19143,0.791544,MISS,,17545
19144,0.772702,MISS,,18791
19145,0.848337,MISS,,22761
19146,0.997109,HIT,true,22432
19147,0.722102,MISS,,19067
19148,0.844885,MISS,,18148
19149,0.909137,HIT,false,20995
19150,0.819573,MISS,,22729
19151,0.960896,HIT,true,23448
19152,0.747595,MISS,,26217
19153,0.961221,HIT,true,20890
19154,0.926600,HIT,true,19160
19155,0.852007,HIT,true,19429
19156,0.860887,HIT,true,23226
19157,0.876032,HIT,false,22343
19158,0.904646,HIT,true,22084
19159,0.951674,HIT,true,17987
19160,0.961759,HIT,true,23500
19161,0.978995,HIT,false,20216
19162,0.870117,HIT,true,19312
19163,0.897878,HIT,true,20608
19164,0.748514,MISS,,24829
19165,0.947856,HIT,true,18336
19166,0.651744,MISS,,22971
19167,0.955634,HIT,true,20152
19168,0.671169,MISS,,19911
19169,0.956641,HIT,true,18751
19170,0.868597,HIT,true,19837
19171,0.827958,MISS,,18285
19172,0.860575,HIT,true,18633
19173,0.936250,HIT,true,17581
19174,0.966438,HIT,true,17170
19175,0.879228,HIT,true,17483
19176,0.909085,HIT,true,19274
19177,0.807610,MISS,,19417
19178,0.751080,MISS,,18427
19179,0.959223,HIT,true,20668
19180,0.956531,HIT,true,17477
19181,0.703705,MISS,,19599
19182,0.800279,MISS,,17590
19183,0.941467,HIT,true,18420
19184,0.938730,HIT,true,17953
19185,0.855685,HIT,true,18725
19186,0.904784,HIT,true,19064
19187,0.992661,HIT,true,16631
19188,0.952670,HIT,true,16929
19189,0.812648,MISS,,18390
19190,0.927774,HIT,true,17113
19191,0.905117,HIT,true,17150
19192,0.678936,MISS,,16812
19193,0.958977,HIT,true,19875
19194,0.983699,HIT,true,17215
19195,0.547208,MISS,,18130
19196,0.882154,HIT,false,17979
19197,0.924308,HIT,true,16757
19198,0.928863,HIT,true,16975
19199,0.976058,HIT,true,17054
19200,0.979592,HIT,true,20053
19201,0.962128,HIT,true,17840
19202,0.897066,HIT,true,17807
19203,0.812792,MISS,,16740
19204,0.958611,HIT,true,17404
19205,0.942701,HIT,true,18940
19206,0.868875,HIT,true,16782
19207,0.553950,MISS,,16766
19208,0.993205,HIT,true,21099
19209,0.940922,HIT,true,19230
19210,0.897653,HIT,true,18670
19211,0.467107,MISS,,19847
19212,0.862997,HIT,true,18345
19213,0.842385,MISS,,18835
19214,0.854748,HIT,true,17067
19215,0.895659,HIT,true,16693
19216,0.987089,HIT,true,19477
19217,0.884233,HIT,true,18592
19218,0.963199,HIT,true,18935
19219,0.938562,HIT,true,17161
19220,0.894257,HIT,true,16642
19221,0.974655,HIT,true,16588
19222,0.842101,MISS,,17373
19223,0.912951,HIT,false,19762
19224,0.953704,HIT,true,19504
19225,0.855513,HIT,false,16749
19226,0.923501,HIT,true,27741
19227,0.833408,MISS,,18047
19228,0.873695,HIT,true,17040
19229,0.896175,HIT,true,16679
19230,0.861062,HIT,true,19981
19231,0.856012,HIT,true,18205
19232,0.875898,HIT,true,18615
19233,0.572812,MISS,,17368
19234,0.921467,HIT,true,16612
19235,0.768638,MISS,,16711
19236,0.993183,HIT,true,17795
19237,0.948957,HIT,true,17179
19238,0.936685,HIT,true,19323
19239,0.929411,HIT,true,17848
19240,0.925737,HIT,true,18992
19241,0.933707,HIT,true,17593
19242,0.904647,HIT,true,17139
19243,0.957344,HIT,true,16839
19244,0.753553,MISS,,16679
19245,0.920772,HIT,true,19307
19246,0.973640,HIT,true,18610
19247,0.849896,MISS,,16992
19248,0.942528,HIT,true,17203
19249,0.792234,MISS,,16629
19250,0.496153,MISS,,17539
19251,0.954815,HIT,true,17911
19252,0.664496,MISS,,18559
19253,0.798496,MISS,,18851
19254,0.957331,HIT,true,18517
19255,0.955526,HIT,true,17231
19256,0.896801,HIT,true,17268
19257,0.959234,HIT,true,16662
19258,0.949237,HIT,true,16983
19259,0.905000,HIT,true,17439
19260,0.865230,HIT,true,18640
19261,0.865965,HIT,true,18698
19262,0.890743,HIT,true,17201
19263,0.934144,HIT,true,16725
19264,0.966739,HIT,true,17744
19265,0.970614,HIT,true,18309
19266,0.722648,MISS,,16688
19267,0.946935,HIT,true,17412
19268,0.760351,MISS,,21205
19269,0.959844,HIT,true,21317
19270,0.792556,MISS,,17203
19271,0.814024,MISS,,16836
19272,0.958181,HIT,true,16689
19273,0.967601,HIT,true,18732
19274,0.855457,HIT,true,18232
19275,0.917108,HIT,true,17300
19276,0.699110,MISS,,18991
19277,0.992921,HIT,true,17339
19278,0.774026,MISS,,18991
19279,0.843411,MISS,,17382
19280,0.932121,HIT,true,17026
19281,0.948474,HIT,true,17074
19282,0.903712,HIT,true,16877
19283,0.864059,HIT,true,19276
19284,0.816345,MISS,,16796
19285,0.936505,HIT,true,16597
19286,0.835869,MISS,,17039
19287,0.978065,HIT,true,17031
19288,0.757683,MISS,,17257
19289,0.994837,HIT,true,16913
19290,0.866006,HIT,true,18876
19291,0.858956,HIT,true,18604
19292,0.969942,HIT,true,19692
19293,0.993522,HIT,true,18844
19294,0.962420,HIT,true,18807
19295,0.886602,HIT,true,16664
19296,0.900017,HIT,true,16621
19297,0.936722,HIT,true,18085
19298,0.770491,MISS,,18347
19299,0.973310,HIT,true,22199
19300,0.909422,HIT,true,24888
19301,0.959917,HIT,true,27372
19302,0.848222,MISS,,26475
19303,0.956597,HIT,true,26204
19304,0.869200,HIT,true,23794
19305,0.959638,HIT,true,22778
19306,0.934855,HIT,true,20404
19307,0.690064,MISS,,20975
19308,0.414139,MISS,,22772
19309,0.878510,HIT,true,28560
19310,0.823772,MISS,,26333
19311,0.938996,HIT,true,21339
19312,0.981637,HIT,true,17193
19313,0.815458,MISS,,17268
19314,0.918303,HIT,false,19642
19315,0.849349,MISS,,18896
19316,0.768980,MISS,,19437
19317,0.850722,HIT,true,18658
19318,0.853271,HIT,true,17241
19319,0.922302,HIT,true,20667
19320,0.962231,HIT,true,18545
19321,0.878585,HIT,true,19398
19322,0.755477,MISS,,17357
19323,0.985107,HIT,true,17596
19324,0.994655,HIT,true,21107
19325,0.869787,HIT,true,24548
19326,0.784190,MISS,,25984
19327,0.939891,HIT,true,26229
19328,0.995681,HIT,true,25901
19329,0.887620,HIT,true,20167
19330,0.905985,HIT,true,19566
19331,0.796421,MISS,,17905
19332,0.889311,HIT,true,18821
19333,0.804256,MISS,,17921
19334,0.970682,HIT,true,20252
19335,0.810731,MISS,,21889
19336,0.851519,HIT,false,21571
19337,0.419104,MISS,,17371
19338,0.860531,HIT,true,18001
19339,0.860845,HIT,true,19287
19340,0.933013,HIT,true,17445
19341,0.733038,MISS,,17636
19342,0.873103,HIT,true,17147
19343,0.757529,MISS,,18502
19344,0.804243,MISS,,19339
19345,0.866564,HIT,true,20964
19346,0.832974,MISS,,25940
19347,0.972427,HIT,true,21533
19348,0.890446,HIT,true,19573
19349,0.996361,HIT,true,17564
19350,0.676290,MISS,,20558
19351,0.930161,HIT,true,17141
19352,0.916189,HIT,true,18154
19353,0.847882,MISS,,17180
19354,0.963703,HIT,true,17010
19355,0.990968,HIT,true,17279
19356,0.937578,HIT,true,17116
19357,0.963268,HIT,true,19765
19358,0.995226,HIT,true,18292
19359,0.963041,HIT,true,16724
19360,0.836386,MISS,,17114
19361,0.951485,HIT,true,18183
19362,0.781384,MISS,,18516
19363,0.977287,HIT,true,21175
19364,0.867895,HIT,true,20244
19365,0.967937,HIT,true,17049
19366,0.882420,HIT,true,18147
19367,0.995956,HIT,true,18527
19368,0.820160,MISS,,16659
19369,0.955095,HIT,true,16998
19370,0.843130,MISS,,16636
19371,0.997785,HIT,true,17277
19372,0.801914,MISS,,18584
19373,0.883502,HIT,true,21052
19374,0.881690,HIT,false,23806
19375,0.895571,HIT,true,19534
19376,0.953017,HIT,true,17752
19377,0.987962,HIT,true,24829
19378,0.998639,HIT,true,25696
19379,0.953938,HIT,true,22516
19380,0.899446,HIT,true,25893
19381,0.978559,HIT,true,17664
19382,0.929864,HIT,true,17486
19383,0.727729,MISS,,17246
19384,0.873743,HIT,true,17679
19385,0.841951,MISS,,19530
19386,0.997581,HIT,true,18710
19387,0.512093,MISS,,17804
19388,0.959869,HIT,true,17240
19389,0.992176,HIT,true,17973
19390,0.925820,HIT,true,18429
19391,0.921105,HIT,false,17365
19392,0.741972,MISS,,20019
19393,0.796623,MISS,,19194
19394,0.900342,HIT,true,17462
19395,0.857608,HIT,true,16765
19396,0.976617,HIT,true,17429
19397,0.863047,HIT,true,17115
19398,0.864139,HIT,true,16679
19399,0.841479,MISS,,18705
19400,0.877063,HIT,true,18897
19401,0.890131,HIT,true,18910
19402,0.937104,HIT,true,19813
19403,0.809628,MISS,,17732
19404,0.926850,HIT,true,16637
19405,0.937166,HIT,true,17266
19406,0.645949,MISS,,17270
19407,0.946120,HIT,true,18955
19408,0.973840,HIT,true,18236
19409,0.880500,HIT,true,17178
19410,0.950701,HIT,true,17533
19411,0.891315,HIT,true,16721
19412,0.806119,MISS,,19485
19413,0.842676,MISS,,17347
19414,0.949647,HIT,true,16531
19415,0.948408,HIT,true,19489
19416,0.992253,HIT,true,18263
19417,0.487479,MISS,,16779
19418,0.886372,HIT,true,17507
19419,0.959311,HIT,true,19350
19420,0.753012,MISS,,16945
19421,0.870708,HIT,true,17277
19422,0.846470,MISS,,21142
19423,0.911229,HIT,true,20533
19424,0.825045,MISS,,19543
19425,0.886986,HIT,true,16830
19426,0.868357,HIT,true,16995
19427,0.848300,MISS,,16655
19428,0.933581,HIT,true,18419
19429,0.905985,HIT,true,18739
19430,0.992626,HIT,true,19099
19431,0.827527,MISS,,19348
19432,0.948774,HIT,true,18093
19433,0.954620,HIT,true,19151
19434,0.969611,HIT,true,16759
19435,0.849199,MISS,,16846
19436,0.823887,MISS,,16926
19437,0.678562,MISS,,20143
19438,0.821230,MISS,,19364
19439,0.794518,MISS,,16592
19440,0.925431,HIT,true,17104
19441,0.950130,HIT,true,16671
19442,0.956893,HIT,true,17260
19443,0.953263,HIT,true,29034
19444,0.602066,MISS,,19595
19445,0.871525,HIT,true,17494
19446,0.866856,HIT,true,18370
19447,0.859023,HIT,true,18044
19448,0.914628,HIT,true,17427
19449,0.885944,HIT,true,18190
19450,0.835318,MISS,,16714
19451,0.982731,HIT,true,20119
19452,0.789522,MISS,,17926
19453,0.877679,HIT,true,16824
19454,0.929314,HIT,true,16753
19455,0.969559,HIT,true,17212
19456,0.831825,MISS,,17151
19457,0.964365,HIT,true,16636
19458,0.662874,MISS,,16599
19459,0.976420,HIT,true,20326
19460,0.976605,HIT,true,17568
19461,0.891924,HIT,true,18058
19462,0.774937,MISS,,17446
19463,0.949240,HIT,true,18223
19464,0.922407,HIT,true,17315
19465,0.865990,HIT,false,17445
19466,0.858944,HIT,true,18438
19467,0.968581,HIT,true,18948
19468,0.893723,HIT,true,17117
19469,0.885747,HIT,true,19258
19470,0.937817,HIT,true,17113
19471,0.942547,HIT,true,16614
19472,0.982084,HIT,true,16895
19473,0.880572,HIT,true,16608
19474,0.839684,MISS,,17493
19475,0.943310,HIT,true,20069
19476,0.981687,HIT,true,16604
19477,0.434428,MISS,,18174
19478,0.917481,HIT,true,17588
19479,0.835701,MISS,,17313
19480,0.900025,HIT,true,16609
19481,0.976126,HIT,true,17054
19482,0.938744,HIT,true,16658
19483,0.979140,HIT,true,20220
19484,0.986581,HIT,true,19548
19485,0.980694,HIT,true,16694
19486,0.881488,HIT,true,17175
19487,0.948170,HIT,true,17546
19488,0.998163,HIT,true,18900
19489,0.951235,HIT,true,18418
19490,0.994514,HIT,true,27864
19491,0.865806,HIT,true,20623
19492,0.956709,HIT,true,22995
19493,0.885230,HIT,false,18495
19494,0.759622,MISS,,19871
19495,0.921727,HIT,true,20681
19496,0.996757,HIT,true,20565
19497,0.997206,HIT,true,17434
19498,0.995520,HIT,true,19385
19499,0.789743,MISS,,18876
19500,0.771515,MISS,,17280
19501,0.855577,HIT,true,17951
19502,0.925912,HIT,true,17127
19503,0.976710,HIT,true,17671
19504,0.832178,MISS,,18642
19505,0.881490,HIT,true,17365
19506,0.897462,HIT,true,19302
19507,0.865593,HIT,true,17188
19508,0.923453,HIT,true,16578
19509,0.804903,MISS,,16990
19510,0.858212,HIT,true,18486
19511,0.954067,HIT,true,19326
19512,0.891156,HIT,true,18371
19513,0.860327,HIT,true,17975
19514,0.992868,HIT,true,17875
19515,0.862216,HIT,true,16698
19516,0.836457,MISS,,17071
19517,0.898318,HIT,true,16769
19518,0.976978,HIT,true,18951
19519,0.543559,MISS,,18842
19520,0.935798,HIT,true,17043
19521,0.924606,HIT,true,18039
19522,0.991583,HIT,true,16996
19523,0.871058,HIT,true,16633
19524,0.890156,HIT,true,17507
19525,0.861651,HIT,true,18335
19526,0.907283,HIT,true,17450
19527,0.863225,HIT,true,18154
19528,0.875052,HIT,true,18406
19529,0.961498,HIT,true,17282
19530,0.815072,MISS,,17171
19531,0.835425,MISS,,16623
19532,0.971534,HIT,true,16531
19533,0.967456,HIT,true,17689
19534,0.913383,HIT,true,16607
19535,0.986992,HIT,true,20245
19536,1.000000,HIT,true,19679
19537,0.857927,HIT,true,18048
19538,0.847218,MISS,,18223
19539,0.884875,HIT,true,17149
19540,0.942837,HIT,true,16646
19541,0.984040,HIT,true,16766
19542,0.958332,HIT,true,19292
19543,0.899049,HIT,true,17420
19544,0.938699,HIT,true,21181
19545,0.585883,MISS,,17781
19546,0.926336,HIT,true,16760
19547,0.926258,HIT,true,18051
19548,0.733011,MISS,,16531
19549,0.997759,HIT,true,18382
19550,0.925651,HIT,true,17930
19551,0.971353,HIT,true,17888
19552,0.900651,HIT,true,17543
19553,0.842557,MISS,,16594
19554,0.988024,HIT,true,16769
19555,0.923792,HIT,true,16669
19556,0.927278,HIT,true,16694
19557,0.972178,HIT,true,19394
19558,0.959328,HIT,true,16735
19559,0.990601,HIT,true,16940
19560,0.895901,HIT,true,18793
19561,0.597322,MISS,,18403
19562,0.986863,HIT,true,18578
19563,0.864158,HIT,false,16780
19564,0.799379,MISS,,18021
19565,0.996989,HIT,true,17889
19566,0.933316,HIT,true,19446
19567,0.885152,HIT,true,16531
19568,0.982898,HIT,true,16974
19569,0.986246,HIT,true,16822
19570,0.812624,MISS,,16535
19571,0.947821,HIT,false,17847
19572,0.683408,MISS,,17601
19573,0.978165,HIT,true,18771
19574,0.921751,HIT,true,18765
19575,0.870512,HIT,true,17429
19576,0.977729,HIT,true,16693
19577,0.978820,HIT,true,17554
19578,0.985946,HIT,true,17805
19579,0.959250,HIT,true,16758
19580,0.946052,HIT,true,21955
19581,0.789646,MISS,,19052
19582,0.976386,HIT,true,19054
19583,0.877411,HIT,true,16969
19584,0.751765,MISS,,16795
19585,0.936576,HIT,true,18166
19586,0.862046,HIT,true,18162
19587,0.872209,HIT,false,17611
19588,0.894350,HIT,true,19021
19589,0.846322,MISS,,18405
19590,0.980315,HIT,true,17397
19591,0.878678,HIT,true,17771
19592,0.725116,MISS,,17416
19593,0.921208,HIT,true,18599
19594,0.915815,HIT,true,18364
19595,0.806589,MISS,,21868
19596,0.993890,HIT,true,18220
19597,0.929404,HIT,false,20007
19598,0.944802,HIT,true,19204
19599,0.920862,HIT,true,16981
19600,0.848665,MISS,,19094
19601,0.680973,MISS,,17979
19602,0.899451,HIT,true,22033
19603,0.615821,MISS,,19438
19604,0.880820,HIT,true,18488
19605,0.856867,HIT,true,17824
19606,0.992946,HIT,true,18608
19607,0.804457,MISS,,18575
19608,0.596854,MISS,,17913
19609,0.989280,HIT,true,20041
19610,0.464686,MISS,,18725
19611,0.936585,HIT,true,19775
19612,0.934079,HIT,true,16746
19613,0.864380,HIT,true,16893
19614,0.951211,HIT,true,17417
19615,0.796101,MISS,,18113
19616,0.816851,MISS,,17875
19617,0.902274,HIT,true,17711
19618,0.986636,HIT,true,18724
19619,0.908552,HIT,true,18187
19620,0.887434,HIT,true,19256
19621,0.743157,MISS,,16864
19622,0.916495,HIT,true,17710
19623,0.959880,HIT,true,19507
19624,0.969739,HIT,true,18964
19625,0.882378,HIT,true,20624
19626,0.721433,MISS,,17263
19627,0.990511,HIT,true,18674
19628,0.988666,HIT,true,16850
19629,0.820098,MISS,,19142
19630,0.988981,HIT,true,18141
19631,0.753548,MISS,,18820
19632,0.783399,MISS,,18670
19633,0.945518,HIT,true,17109
19634,0.952000,HIT,true,19007
19635,0.959863,HIT,true,16679
19636,0.899088,HIT,true,17251
19637,0.911770,HIT,true,20700
19638,0.904626,HIT,true,23073
19639,0.895264,HIT,true,19006
19640,0.878098,HIT,true,19957
19641,0.920242,HIT,true,23869
19642,0.840137,MISS,,23140
19643,0.968248,HIT,true,19190
19644,0.526700,MISS,,20010
19645,0.971460,HIT,true,19513
19646,0.966022,HIT,true,20715
19647,0.915603,HIT,true,18523
19648,0.968475,HIT,true,18607
19649,0.770427,MISS,,19694
19650,0.894837,HIT,true,20530
19651,0.970318,HIT,true,22547
19652,0.895097,HIT,true,41931
19653,0.994107,HIT,true,26899
19654,0.910674,HIT,false,25369
19655,0.949020,HIT,true,26044
19656,0.960327,HIT,true,22488
19657,0.857819,HIT,true,21381
19658,0.728256,MISS,,17430
19659,0.792577,MISS,,19272
19660,0.860515,HIT,true,21947
19661,0.908952,HIT,true,21168
19662,0.817825,MISS,,20373
19663,0.864482,HIT,true,19721
19664,0.751710,MISS,,24731
19665,0.920945,HIT,true,28791
19666,0.901711,HIT,true,19748
19667,0.979327,HIT,true,18418
19668,0.907866,HIT,true,18714
19669,0.838068,MISS,,20067
19670,0.603435,MISS,,19579
19671,0.995882,HIT,true,19751
19672,0.923331,HIT,true,20278
19673,0.969650,HIT,true,17799
19674,0.993228,HIT,true,22866
19675,0.981993,HIT,true,23163
19676,0.979318,HIT,true,26040
19677,0.926731,HIT,true,21210
19678,0.931305,HIT,true,20989
19679,0.913427,HIT,true,18992
19680,0.898785,HIT,true,20852
19681,0.814651,MISS,,19288
19682,0.836809,MISS,,19686
19683,0.979709,HIT,true,18246
19684,0.857514,HIT,true,23049
19685,0.896126,HIT,true,21836
19686,0.992297,HIT,true,23021
19687,0.995552,HIT,true,21390
19688,0.814817,MISS,,22596
19689,0.958415,HIT,true,18282
19690,0.758716,MISS,,18032
19691,0.951357,HIT,true,18132
19692,0.920437,HIT,true,24507
19693,0.933463,HIT,true,18098
19694,0.919754,HIT,true,18712
19695,0.951554,HIT,true,19706
19696,0.919483,HIT,true,20169
19697,0.921595,HIT,true,21513
19698,0.995155,HIT,true,26196
19699,0.672051,MISS,,18133
19700,0.843382,MISS,,22029
19701,0.936025,HIT,true,22091
19702,0.893122,HIT,true,17897
19703,0.951559,HIT,true,18699
19704,0.986152,HIT,true,18594
19705,0.904207,HIT,true,18986
19706,0.893461,HIT,true,17227
19707,0.845758,MISS,,17920
19708,0.847288,MISS,,21998
19709,0.934687,HIT,true,23388
19710,0.989477,HIT,true,32095
19711,0.928486,HIT,true,22089
19712,0.974086,HIT,true,22429
19713,0.876183,HIT,false,20851
19714,0.847629,MISS,,20862
19715,0.982264,HIT,true,20758
19716,0.994676,HIT,true,19134
19717,0.846864,MISS,,18394
19718,0.898228,HIT,true,19949
19719,0.765815,MISS,,19171
19720,0.839642,MISS,,19133
19721,0.898756,HIT,true,18260
19722,0.943576,HIT,true,18621
19723,0.829468,MISS,,19015
19724,0.886643,HIT,true,18385
19725,0.924882,HIT,true,17556
19726,0.909160,HIT,true,18207
19727,0.961271,HIT,true,17930
19728,0.836264,MISS,,18308
19729,0.611057,MISS,,19425
19730,0.920156,HIT,true,17195
19731,0.787388,MISS,,17608
19732,0.809167,MISS,,17494
19733,0.939479,HIT,true,18184
19734,0.959585,HIT,true,18932
19735,0.795921,MISS,,19574
19736,0.982769,HIT,true,18191
19737,0.973398,HIT,true,17950
19738,0.804985,MISS,,19157
19739,0.933469,HIT,true,17054
19740,0.924245,HIT,true,17097
19741,0.961702,HIT,true,16780
19742,0.944008,HIT,true,18395
19743,0.966438,HIT,true,19358
19744,0.903783,HIT,true,17814
19745,0.984462,HIT,true,17746
19746,0.871228,HIT,true,16884
19747,0.922225,HIT,true,19197
19748,0.842185,MISS,,17344
19749,0.987651,HIT,true,17563
19750,0.997101,HIT,true,19574
19751,0.986991,HIT,true,18758
19752,0.975493,HIT,true,20676
19753,0.852608,HIT,true,18027
19754,0.680215,MISS,,16801
19755,0.915933,HIT,true,17422
19756,0.850768,HIT,true,19175
19757,0.916064,HIT,true,20493
19758,0.935486,HIT,true,19744
19759,0.842265,MISS,,18695
19760,0.986312,HIT,true,19861
19761,0.976062,HIT,true,18507
19762,0.971829,HIT,true,16709
19763,0.912828,HIT,true,17088
19764,0.775026,MISS,,16640
19765,0.915403,HIT,true,19892
19766,0.889918,HIT,true,21717
19767,0.795016,MISS,,18236
19768,0.863188,HIT,true,17183
19769,0.959450,HIT,true,17735
19770,0.930599,HIT,true,16642
19771,0.942788,HIT,true,17404
19772,0.944073,HIT,true,24452
19773,0.982890,HIT,true,19581
19774,0.919043,HIT,true,16887
19775,0.980229,HIT,true,17048
19776,0.862050,HIT,true,18349
19777,0.962409,HIT,true,18579
19778,0.927612,HIT,true,19193
19779,0.918202,HIT,false,23882
19780,0.975759,HIT,true,19699
19781,0.991126,HIT,true,20361
19782,0.939237,HIT,true,19028
19783,0.939712,HIT,true,19113
19784,0.942083,HIT,true,16584
19785,0.951141,HIT,true,16628
19786,0.964777,HIT,true,19369
19787,0.892507,HIT,false,18611
19788,0.837377,MISS,,19057
19789,0.947373,HIT,true,19487
19790,0.984587,HIT,true,17811
19791,0.720217,MISS,,19696
19792,0.896054,HIT,true,18026
19793,0.669171,MISS,,21599
19794,0.922031,HIT,true,17776
19795,0.915337,HIT,true,18176
19796,0.967698,HIT,true,18872
19797,0.921104,HIT,true,17483
19798,0.901533,HIT,true,16748
19799,0.966768,HIT,true,16971
19800,0.957507,HIT,true,18729
19801,0.860933,HIT,false,19133
19802,0.962449,HIT,true,17186
19803,0.966793,HIT,true,18322
19804,0.973750,HIT,true,17672
19805,0.945497,HIT,true,16839
19806,0.978605,HIT,true,16650
19807,0.772304,MISS,,17173
19808,0.992707,HIT,true,20518
19809,0.938672,HIT,true,19863
19810,0.740496,MISS,,18865
19811,0.840481,MISS,,20159
19812,0.953682,HIT,true,17796
19813,0.995803,HIT,true,18601
19814,0.873538,HIT,true,16759
19815,0.948019,HIT,true,18217
19816,0.992592,HIT,true,21011
19817,0.924501,HIT,true,19715
19818,0.818646,MISS,,18667
19819,0.569606,MISS,,17947
19820,0.985286,HIT,true,18390
19821,0.961832,HIT,true,17829
19822,0.910954,HIT,true,18434
19823,0.980069,HIT,true,20888
19824,0.763222,MISS,,17966
19825,0.887073,HIT,true,17529
19826,0.994570,HIT,true,17094
19827,0.874943,HIT,true,17658
19828,0.570698,MISS,,16823
19829,0.866456,HIT,true,16622
19830,0.899347,HIT,true,18877
19831,0.941262,HIT,true,19205
19832,0.947908,HIT,true,17840
19833,0.871720,HIT,true,17841
19834,0.977994,HIT,true,17850
19835,0.971224,HIT,true,16530
19836,0.758935,MISS,,17751
19837,0.654973,MISS,,16794
19838,0.993915,HIT,true,19035
19839,0.997863,HIT,true,18069
19840,0.937536,HIT,false,18587
19841,0.813239,MISS,,17504
19842,0.902399,HIT,true,16543
19843,0.913547,HIT,true,16824
19844,0.854699,HIT,true,19544
19845,0.784786,MISS,,23966
19846,0.571435,MISS,,20733
19847,0.975896,HIT,true,22075
19848,0.943756,HIT,true,21341
19849,0.887531,HIT,true,25373
19850,0.811622,MISS,,24439
19851,0.968939,HIT,true,29339
19852,0.900859,HIT,true,22533
19853,0.913628,HIT,true,18476
19854,0.955182,HIT,true,17207
19855,0.925343,HIT,true,19154
19856,0.920732,HIT,true,28150
19857,0.915306,HIT,true,27403
19858,0.753696,MISS,,24041
19859,0.934067,HIT,true,28291
19860,0.997585,HIT,true,24156
19861,0.895833,HIT,true,27036
19862,0.731462,MISS,,34087
19863,0.938073,HIT,true,23215
19864,0.881269,HIT,true,25361
19865,0.936708,HIT,true,25000
19866,0.902061,HIT,true,25898
19867,0.512220,MISS,,26626
19868,0.985256,HIT,true,28090
19869,0.854590,HIT,false,24344
19870,0.934738,HIT,true,21697
19871,0.954543,HIT,true,33138
19872,0.768570,MISS,,26158
19873,0.895531,HIT,true,43987
19874,0.921189,HIT,true,35533
19875,0.752215,MISS,,21534
19876,0.786463,MISS,,20240
19877,0.880185,HIT,true,29398
19878,0.893014,HIT,true,27732
19879,0.980460,HIT,true,24548
19880,0.893490,HIT,true,27900
19881,0.928595,HIT,true,22217
19882,0.917077,HIT,false,20543
19883,0.823632,MISS,,22357
19884,0.921482,HIT,true,29926
19885,0.764305,MISS,,25005
19886,0.975448,HIT,true,26408
19887,0.744493,MISS,,30264
19888,0.669322,MISS,,22108
19889,0.983362,HIT,true,22212
19890,0.821648,MISS,,26115
19891,0.917803,HIT,true,27583
19892,0.991258,HIT,true,33155
19893,0.989900,HIT,true,19068
19894,0.978715,HIT,true,24513
19895,0.819810,MISS,,22685
19896,0.981094,HIT,true,30094
19897,0.912193,HIT,true,29905
19898,0.805082,MISS,,26433
19899,0.794769,MISS,,24408
19900,0.894428,HIT,true,25672
19901,0.955857,HIT,true,30932
19902,0.972218,HIT,true,38407
19903,0.908761,HIT,true,32735
19904,0.933247,HIT,true,25400
19905,0.950401,HIT,true,25603
19906,0.813172,MISS,,33458
19907,0.860923,HIT,true,28881
19908,0.896623,HIT,true,26819
19909,0.942874,HIT,true,21807
19910,0.861030,HIT,true,25563
19911,0.756723,MISS,,29767
19912,0.928680,HIT,false,28558
19913,0.950931,HIT,true,30881
19914,0.862707,HIT,true,32472
19915,0.896288,HIT,true,25956
19916,0.978612,HIT,true,30240
19917,0.982488,HIT,true,22855
19918,0.407105,MISS,,24299
19919,0.986071,HIT,true,20622
19920,0.898285,HIT,true,27794
19921,0.842157,MISS,,28590
19922,0.818829,MISS,,25994
19923,0.898668,HIT,true,21841
19924,0.794694,MISS,,24161
19925,0.692656,MISS,,20661
19926,0.979888,HIT,true,21286
19927,0.992042,HIT,true,27778
19928,0.909535,HIT,true,22797
19929,0.689943,MISS,,22374
19930,0.891049,HIT,true,21803
19931,0.843006,MISS,,22948
19932,0.947000,HIT,true,18625
19933,0.936201,HIT,true,24323
19934,0.940994,HIT,true,23359
19935,0.934988,HIT,true,23054
19936,0.854715,HIT,true,26154
19937,0.975781,HIT,true,24768
19938,0.583593,MISS,,28390
19939,0.857416,HIT,true,25557
19940,0.522837,MISS,,20222
19941,0.904684,HIT,true,19793
19942,0.933785,HIT,true,20090
19943,0.632373,MISS,,33405
19944,0.947379,HIT,true,40408
19945,0.860183,HIT,true,28502
19946,0.791717,MISS,,24861
19947,0.944993,HIT,true,27256
19948,0.969279,HIT,true,26874
19949,0.890565,HIT,false,23289
19950,0.904537,HIT,true,29575
19951,0.854388,HIT,true,24861
19952,0.960004,HIT,true,25003
19953,0.938957,HIT,true,32520
19954,0.825548,MISS,,21448
19955,0.924225,HIT,true,34152
19956,0.888564,HIT,true,25968
19957,0.982792,HIT,true,25399
19958,0.911118,HIT,true,28013
19959,0.889637,HIT,true,28919
19960,0.949092,HIT,true,27461
19961,0.909643,HIT,true,27800
19962,0.982214,HIT,true,32889
19963,0.832940,MISS,,29234
19964,0.982314,HIT,true,28565
19965,0.812258,MISS,,25299
19966,0.676230,MISS,,23659
19967,0.892690,HIT,true,25270
19968,0.868436,HIT,true,29410
19969,0.984210,HIT,true,27503
19970,0.949827,HIT,true,37419
19971,0.920537,HIT,true,33630
19972,0.968410,HIT,true,33265
19973,0.966400,HIT,true,33581
19974,0.979540,HIT,true,23391
19975,0.916724,HIT,true,22891
19976,0.975205,HIT,true,41251
19977,0.860665,HIT,true,32302
19978,0.876281,HIT,true,33185
19979,0.871800,HIT,true,24663
19980,0.948767,HIT,true,19890
19981,0.427751,MISS,,22068
19982,0.923625,HIT,true,29533
19983,0.969000,HIT,true,24437
19984,0.745944,MISS,,26239
19985,0.963982,HIT,true,24215
19986,0.902708,HIT,true,23864
19987,0.987940,HIT,true,25944
19988,0.895801,HIT,true,22210
19989,0.925212,HIT,true,23570
19990,0.896831,HIT,true,23836
19991,0.967404,HIT,true,19777
19992,0.924841,HIT,true,27980
19993,0.902654,HIT,true,24954
19994,0.752009,MISS,,22683
19995,0.881843,HIT,true,28110
19996,0.945422,HIT,true,28080
19997,0.928223,HIT,true,26366
19998,0.950062,HIT,true,33615
19999,0.943183,HIT,true,27059
